
C:/Users/mathi/Livros/5oSem/ComputacaoEmbarcada/25b-emb-aps-2-desert/build/pico_emb.elf:     file format elf32-littlearm

Sections:
Idx Name          Size      VMA       LMA       File off  Algn
  0 .text         00009018  10000000  10000000  00001000  2**3
                  CONTENTS, ALLOC, LOAD, READONLY, CODE
  1 .rodata       00001df0  10009018  10009018  0000a018  2**3
                  CONTENTS, ALLOC, LOAD, READONLY, DATA
  2 .ARM.exidx    00000008  1000ae08  1000ae08  0000be08  2**2
                  CONTENTS, ALLOC, LOAD, READONLY, DATA
  3 .binary_info  00000028  1000ae10  1000ae10  0000be10  2**2
                  CONTENTS, ALLOC, LOAD, READONLY, DATA
  4 .ram_vector_table 00000110  20000000  20000000  0000e000  2**2
                  ALLOC
  5 .uninitialized_data 00000000  20000110  20000110  0000d994  2**0
                  CONTENTS
  6 .data         00000b48  20000110  1000ae38  0000c110  2**3
                  CONTENTS, ALLOC, LOAD, READONLY, CODE
  7 .tdata        00000000  20000c58  20000c58  0000d994  2**0
                  CONTENTS, ALLOC, LOAD, DATA, THREAD_LOCAL
  8 .tbss         00000000  20000c58  20000c58  00000000  2**0
                  ALLOC, THREAD_LOCAL
  9 .bss          00020758  20000c58  1000b980  0000dc58  2**3
                  ALLOC
 10 .heap         00000800  200213b0  1000b980  0000e3b0  2**2
                  ALLOC, READONLY
 11 .scratch_x    00000000  20080000  20080000  0000d994  2**0
                  CONTENTS
 12 .scratch_y    00000000  20081000  20081000  0000d994  2**0
                  CONTENTS
 13 .stack1_dummy 00000800  20080000  20080000  0000e000  2**2
                  ALLOC
 14 .stack_dummy  00000800  20081000  20081000  0000e000  2**5
                  ALLOC, READONLY
 15 .flash_end    00000014  1000b980  1000b980  0000d980  2**2
                  CONTENTS, ALLOC, LOAD, READONLY, DATA
 16 .ARM.attributes 00000034  00000000  00000000  0000d994  2**0
                  CONTENTS, READONLY
 17 .comment      00000045  00000000  00000000  0000d9c8  2**0
                  CONTENTS, READONLY
 18 .debug_info   000326ee  00000000  00000000  0000da0d  2**0
                  CONTENTS, READONLY, DEBUGGING, OCTETS
 19 .debug_abbrev 0000809d  00000000  00000000  000400fb  2**0
                  CONTENTS, READONLY, DEBUGGING, OCTETS
 20 .debug_loclists 00014b33  00000000  00000000  00048198  2**0
                  CONTENTS, READONLY, DEBUGGING, OCTETS
 21 .debug_aranges 00001880  00000000  00000000  0005ccd0  2**3
                  CONTENTS, READONLY, DEBUGGING, OCTETS
 22 .debug_rnglists 00001a31  00000000  00000000  0005e550  2**0
                  CONTENTS, READONLY, DEBUGGING, OCTETS
 23 .debug_line   0001dea1  00000000  00000000  0005ff81  2**0
                  CONTENTS, READONLY, DEBUGGING, OCTETS
 24 .debug_str    00009eb3  00000000  00000000  0007de22  2**0
                  CONTENTS, READONLY, DEBUGGING, OCTETS
 25 .debug_frame  00004640  00000000  00000000  00087cd8  2**2
                  CONTENTS, READONLY, DEBUGGING, OCTETS
 26 .debug_line_str 00000312  00000000  00000000  0008c318  2**0
                  CONTENTS, READONLY, DEBUGGING, OCTETS

C:/Users/mathi/Livros/5oSem/ComputacaoEmbarcada/25b-emb-aps-2-desert/build/pico_emb.elf:     file format elf32-littlearm


Disassembly of section .text:

10000000 <__VECTOR_TABLE>:
10000000:	20082000 	.word	0x20082000
10000004:	1000015d 	.word	0x1000015d
10000008:	1000011b 	.word	0x1000011b
1000000c:	1000011d 	.word	0x1000011d
10000010:	10000111 	.word	0x10000111
10000014:	10000111 	.word	0x10000111
10000018:	10000111 	.word	0x10000111
1000001c:	10000111 	.word	0x10000111
10000020:	10000119 	.word	0x10000119
10000024:	10000119 	.word	0x10000119
10000028:	10000119 	.word	0x10000119
1000002c:	1000011f 	.word	0x1000011f
10000030:	10000111 	.word	0x10000111
10000034:	10000119 	.word	0x10000119
10000038:	10000121 	.word	0x10000121
1000003c:	10000123 	.word	0x10000123
10000040:	10000111 	.word	0x10000111
10000044:	10000111 	.word	0x10000111
10000048:	10000111 	.word	0x10000111
1000004c:	10000111 	.word	0x10000111
10000050:	10000111 	.word	0x10000111
10000054:	10000111 	.word	0x10000111
10000058:	10000111 	.word	0x10000111
1000005c:	10000111 	.word	0x10000111
10000060:	10000111 	.word	0x10000111
10000064:	10000111 	.word	0x10000111
10000068:	10000111 	.word	0x10000111
1000006c:	10000111 	.word	0x10000111
10000070:	10000111 	.word	0x10000111
10000074:	10000111 	.word	0x10000111
10000078:	10000111 	.word	0x10000111
1000007c:	10000111 	.word	0x10000111
10000080:	10000111 	.word	0x10000111
10000084:	10000111 	.word	0x10000111
10000088:	10000111 	.word	0x10000111
1000008c:	10000111 	.word	0x10000111
10000090:	10000111 	.word	0x10000111
10000094:	10000111 	.word	0x10000111
10000098:	10000111 	.word	0x10000111
1000009c:	10000111 	.word	0x10000111
100000a0:	10000111 	.word	0x10000111
100000a4:	10000111 	.word	0x10000111
100000a8:	10000111 	.word	0x10000111
100000ac:	10000111 	.word	0x10000111
100000b0:	10000111 	.word	0x10000111
100000b4:	10000111 	.word	0x10000111
100000b8:	10000111 	.word	0x10000111
100000bc:	10000111 	.word	0x10000111
100000c0:	10000111 	.word	0x10000111
100000c4:	10000111 	.word	0x10000111
100000c8:	10000111 	.word	0x10000111
100000cc:	10000111 	.word	0x10000111
100000d0:	10000111 	.word	0x10000111
100000d4:	10000111 	.word	0x10000111
100000d8:	10000111 	.word	0x10000111
100000dc:	10000111 	.word	0x10000111
100000e0:	10000111 	.word	0x10000111
100000e4:	10000111 	.word	0x10000111
100000e8:	10000111 	.word	0x10000111
100000ec:	10000111 	.word	0x10000111
100000f0:	10000111 	.word	0x10000111
100000f4:	10000111 	.word	0x10000111
100000f8:	10000111 	.word	0x10000111
100000fc:	10000111 	.word	0x10000111
10000100:	10000111 	.word	0x10000111
10000104:	10000111 	.word	0x10000111
10000108:	10000111 	.word	0x10000111
1000010c:	10000111 	.word	0x10000111

10000110 <__unhandled_user_irq>:
10000110:	f3ef 8005 	mrs	r0, IPSR
10000114:	3810      	subs	r0, #16

10000116 <unhandled_user_irq_num_in_r0>:
10000116:	be00      	bkpt	0x0000

10000118 <isr_invalid>:
10000118:	be00      	bkpt	0x0000

1000011a <isr_nmi>:
1000011a:	be00      	bkpt	0x0000

1000011c <isr_hardfault>:
1000011c:	be00      	bkpt	0x0000

1000011e <isr_svcall>:
1000011e:	be00      	bkpt	0x0000

10000120 <isr_pendsv>:
10000120:	be00      	bkpt	0x0000

10000122 <isr_systick>:
10000122:	be00      	bkpt	0x0000

10000124 <__default_isrs_end>:
10000124:	7188ebf2 	.word	0x7188ebf2
10000128:	1000ae10 	.word	0x1000ae10
1000012c:	1000ae38 	.word	0x1000ae38
10000130:	100001a0 	.word	0x100001a0
10000134:	e71aa390 	.word	0xe71aa390

10000138 <__binary_info_header_end>:
10000138:	ffffded3 	.word	0xffffded3
1000013c:	10210142 	.word	0x10210142
10000140:	000001ff 	.word	0x000001ff
10000144:	0000b848 	.word	0x0000b848
10000148:	ab123579 	.word	0xab123579

1000014c <_entry_point>:
1000014c:	f04f 0000 	mov.w	r0, #0

10000150 <_enter_vtable_in_r0>:
10000150:	491e      	ldr	r1, [pc, #120]	@ (100001cc <data_cpy_table+0x2c>)
10000152:	6008      	str	r0, [r1, #0]
10000154:	c806      	ldmia	r0!, {r1, r2}
10000156:	f381 8808 	msr	MSP, r1
1000015a:	4710      	bx	r2

1000015c <_reset_handler>:
1000015c:	f04f 4050 	mov.w	r0, #3489660928	@ 0xd0000000
10000160:	6800      	ldr	r0, [r0, #0]
10000162:	b110      	cbz	r0, 1000016a <hold_non_core0_in_bootrom+0x6>

10000164 <hold_non_core0_in_bootrom>:
10000164:	f04f 0000 	mov.w	r0, #0
10000168:	e7f2      	b.n	10000150 <_enter_vtable_in_r0>
1000016a:	a40d      	add	r4, pc, #52	@ (adr r4, 100001a0 <data_cpy_table>)
1000016c:	cc0e      	ldmia	r4!, {r1, r2, r3}
1000016e:	2900      	cmp	r1, #0
10000170:	d002      	beq.n	10000178 <hold_non_core0_in_bootrom+0x14>
10000172:	f000 f812 	bl	1000019a <data_cpy>
10000176:	e7f9      	b.n	1000016c <hold_non_core0_in_bootrom+0x8>
10000178:	4915      	ldr	r1, [pc, #84]	@ (100001d0 <data_cpy_table+0x30>)
1000017a:	4a16      	ldr	r2, [pc, #88]	@ (100001d4 <data_cpy_table+0x34>)
1000017c:	2000      	movs	r0, #0
1000017e:	e000      	b.n	10000182 <bss_fill_test>

10000180 <bss_fill_loop>:
10000180:	c101      	stmia	r1!, {r0}

10000182 <bss_fill_test>:
10000182:	4291      	cmp	r1, r2
10000184:	d1fc      	bne.n	10000180 <bss_fill_loop>

10000186 <platform_entry>:
10000186:	4914      	ldr	r1, [pc, #80]	@ (100001d8 <data_cpy_table+0x38>)
10000188:	4788      	blx	r1
1000018a:	4914      	ldr	r1, [pc, #80]	@ (100001dc <data_cpy_table+0x3c>)
1000018c:	4788      	blx	r1
1000018e:	4914      	ldr	r1, [pc, #80]	@ (100001e0 <data_cpy_table+0x40>)
10000190:	4788      	blx	r1
10000192:	be00      	bkpt	0x0000
10000194:	e7fd      	b.n	10000192 <platform_entry+0xc>

10000196 <data_cpy_loop>:
10000196:	c901      	ldmia	r1!, {r0}
10000198:	c201      	stmia	r2!, {r0}

1000019a <data_cpy>:
1000019a:	429a      	cmp	r2, r3
1000019c:	d3fb      	bcc.n	10000196 <data_cpy_loop>
1000019e:	4770      	bx	lr

100001a0 <data_cpy_table>:
100001a0:	1000ae38 	.word	0x1000ae38
100001a4:	20000110 	.word	0x20000110
100001a8:	20000c58 	.word	0x20000c58
100001ac:	1000b980 	.word	0x1000b980
100001b0:	20080000 	.word	0x20080000
100001b4:	20080000 	.word	0x20080000
100001b8:	1000b980 	.word	0x1000b980
100001bc:	20081000 	.word	0x20081000
100001c0:	20081000 	.word	0x20081000
100001c4:	00000000 	.word	0x00000000
100001c8:	4770      	bx	lr
100001ca:	0000      	.short	0x0000
100001cc:	e000ed08 	.word	0xe000ed08
100001d0:	20000c58 	.word	0x20000c58
100001d4:	200213b0 	.word	0x200213b0
100001d8:	10007865 	.word	0x10007865
100001dc:	10000a9d 	.word	0x10000a9d
100001e0:	10007829 	.word	0x10007829

100001e4 <_init>:
100001e4:	b5f8      	push	{r3, r4, r5, r6, r7, lr}
100001e6:	bf00      	nop

100001e8 <register_tm_clones>:
100001e8:	4b06      	ldr	r3, [pc, #24]	@ (10000204 <register_tm_clones+0x1c>)
100001ea:	4907      	ldr	r1, [pc, #28]	@ (10000208 <register_tm_clones+0x20>)
100001ec:	1ac9      	subs	r1, r1, r3
100001ee:	1089      	asrs	r1, r1, #2
100001f0:	bf48      	it	mi
100001f2:	3101      	addmi	r1, #1
100001f4:	1049      	asrs	r1, r1, #1
100001f6:	d003      	beq.n	10000200 <register_tm_clones+0x18>
100001f8:	4b04      	ldr	r3, [pc, #16]	@ (1000020c <register_tm_clones+0x24>)
100001fa:	b10b      	cbz	r3, 10000200 <register_tm_clones+0x18>
100001fc:	4801      	ldr	r0, [pc, #4]	@ (10000204 <register_tm_clones+0x1c>)
100001fe:	4718      	bx	r3
10000200:	4770      	bx	lr
10000202:	bf00      	nop
10000204:	20000c58 	.word	0x20000c58
10000208:	20000c58 	.word	0x20000c58
1000020c:	00000000 	.word	0x00000000

10000210 <frame_dummy>:
10000210:	b508      	push	{r3, lr}
10000212:	4b05      	ldr	r3, [pc, #20]	@ (10000228 <frame_dummy+0x18>)
10000214:	b11b      	cbz	r3, 1000021e <frame_dummy+0xe>
10000216:	4905      	ldr	r1, [pc, #20]	@ (1000022c <frame_dummy+0x1c>)
10000218:	4805      	ldr	r0, [pc, #20]	@ (10000230 <frame_dummy+0x20>)
1000021a:	f3af 8000 	nop.w
1000021e:	e8bd 4008 	ldmia.w	sp!, {r3, lr}
10000222:	f7ff bfe1 	b.w	100001e8 <register_tm_clones>
10000226:	bf00      	nop
10000228:	00000000 	.word	0x00000000
1000022c:	20000f8c 	.word	0x20000f8c
10000230:	10009018 	.word	0x10009018

10000234 <uart_task>:
10000234:	b510      	push	{r4, lr}
10000236:	b084      	sub	sp, #16
10000238:	4604      	mov	r4, r0
1000023a:	f44f 31e1 	mov.w	r1, #115200	@ 0x1c200
1000023e:	4836      	ldr	r0, [pc, #216]	@ (10000318 <uart_task+0xe4>)
10000240:	f004 feb2 	bl	10004fa8 <uart_init>
10000244:	2102      	movs	r1, #2
10000246:	2000      	movs	r0, #0
10000248:	f003 fada 	bl	10003800 <gpio_set_function>
1000024c:	2102      	movs	r1, #2
1000024e:	2001      	movs	r0, #1
10000250:	f003 fad6 	bl	10003800 <gpio_set_function>
10000254:	e050      	b.n	100002f8 <uart_task+0xc4>
10000256:	4b30      	ldr	r3, [pc, #192]	@ (10000318 <uart_task+0xe4>)
10000258:	699b      	ldr	r3, [r3, #24]
1000025a:	f013 0f20 	tst.w	r3, #32
1000025e:	d1fa      	bne.n	10000256 <uart_task+0x22>
10000260:	4613      	mov	r3, r2
10000262:	f813 0b01 	ldrb.w	r0, [r3], #1
10000266:	4a2c      	ldr	r2, [pc, #176]	@ (10000318 <uart_task+0xe4>)
10000268:	6010      	str	r0, [r2, #0]
1000026a:	3101      	adds	r1, #1
1000026c:	461a      	mov	r2, r3
1000026e:	2900      	cmp	r1, #0
10000270:	d0f1      	beq.n	10000256 <uart_task+0x22>
10000272:	f89d 3008 	ldrb.w	r3, [sp, #8]
10000276:	f88d 3007 	strb.w	r3, [sp, #7]
1000027a:	2100      	movs	r1, #0
1000027c:	f10d 0207 	add.w	r2, sp, #7
10000280:	e00b      	b.n	1000029a <uart_task+0x66>
10000282:	4b25      	ldr	r3, [pc, #148]	@ (10000318 <uart_task+0xe4>)
10000284:	699b      	ldr	r3, [r3, #24]
10000286:	f013 0f20 	tst.w	r3, #32
1000028a:	d1fa      	bne.n	10000282 <uart_task+0x4e>
1000028c:	4613      	mov	r3, r2
1000028e:	f813 0b01 	ldrb.w	r0, [r3], #1
10000292:	4a21      	ldr	r2, [pc, #132]	@ (10000318 <uart_task+0xe4>)
10000294:	6010      	str	r0, [r2, #0]
10000296:	3101      	adds	r1, #1
10000298:	461a      	mov	r2, r3
1000029a:	2900      	cmp	r1, #0
1000029c:	d0f1      	beq.n	10000282 <uart_task+0x4e>
1000029e:	9b03      	ldr	r3, [sp, #12]
100002a0:	fa1f fc83 	uxth.w	ip, r3
100002a4:	f88d 3007 	strb.w	r3, [sp, #7]
100002a8:	2100      	movs	r1, #0
100002aa:	f10d 0207 	add.w	r2, sp, #7
100002ae:	e00b      	b.n	100002c8 <uart_task+0x94>
100002b0:	4b19      	ldr	r3, [pc, #100]	@ (10000318 <uart_task+0xe4>)
100002b2:	699b      	ldr	r3, [r3, #24]
100002b4:	f013 0f20 	tst.w	r3, #32
100002b8:	d1fa      	bne.n	100002b0 <uart_task+0x7c>
100002ba:	4613      	mov	r3, r2
100002bc:	f813 0b01 	ldrb.w	r0, [r3], #1
100002c0:	4a15      	ldr	r2, [pc, #84]	@ (10000318 <uart_task+0xe4>)
100002c2:	6010      	str	r0, [r2, #0]
100002c4:	3101      	adds	r1, #1
100002c6:	461a      	mov	r2, r3
100002c8:	2900      	cmp	r1, #0
100002ca:	d0f1      	beq.n	100002b0 <uart_task+0x7c>
100002cc:	ea4f 231c 	mov.w	r3, ip, lsr #8
100002d0:	f88d 3007 	strb.w	r3, [sp, #7]
100002d4:	2100      	movs	r1, #0
100002d6:	f10d 0207 	add.w	r2, sp, #7
100002da:	e00b      	b.n	100002f4 <uart_task+0xc0>
100002dc:	4b0e      	ldr	r3, [pc, #56]	@ (10000318 <uart_task+0xe4>)
100002de:	699b      	ldr	r3, [r3, #24]
100002e0:	f013 0f20 	tst.w	r3, #32
100002e4:	d1fa      	bne.n	100002dc <uart_task+0xa8>
100002e6:	4613      	mov	r3, r2
100002e8:	f813 0b01 	ldrb.w	r0, [r3], #1
100002ec:	4a0a      	ldr	r2, [pc, #40]	@ (10000318 <uart_task+0xe4>)
100002ee:	6010      	str	r0, [r2, #0]
100002f0:	3101      	adds	r1, #1
100002f2:	461a      	mov	r2, r3
100002f4:	2900      	cmp	r1, #0
100002f6:	d0f1      	beq.n	100002dc <uart_task+0xa8>
100002f8:	f04f 32ff 	mov.w	r2, #4294967295
100002fc:	a902      	add	r1, sp, #8
100002fe:	4620      	mov	r0, r4
10000300:	f001 fe04 	bl	10001f0c <xQueueReceive>
10000304:	2800      	cmp	r0, #0
10000306:	d0f7      	beq.n	100002f8 <uart_task+0xc4>
10000308:	23ff      	movs	r3, #255	@ 0xff
1000030a:	f88d 3007 	strb.w	r3, [sp, #7]
1000030e:	2100      	movs	r1, #0
10000310:	f10d 0207 	add.w	r2, sp, #7
10000314:	e7ab      	b.n	1000026e <uart_task+0x3a>
10000316:	bf00      	nop
10000318:	40070000 	.word	0x40070000

1000031c <mpu6050_reset>:
1000031c:	b500      	push	{lr}
1000031e:	b085      	sub	sp, #20
10000320:	236b      	movs	r3, #107	@ 0x6b
10000322:	f8ad 300c 	strh.w	r3, [sp, #12]
10000326:	2300      	movs	r3, #0
10000328:	9300      	str	r3, [sp, #0]
1000032a:	2302      	movs	r3, #2
1000032c:	aa03      	add	r2, sp, #12
1000032e:	2168      	movs	r1, #104	@ 0x68
10000330:	4802      	ldr	r0, [pc, #8]	@ (1000033c <mpu6050_reset+0x20>)
10000332:	f004 fda1 	bl	10004e78 <i2c_write_blocking>
10000336:	b005      	add	sp, #20
10000338:	f85d fb04 	ldr.w	pc, [sp], #4
1000033c:	20000ae4 	.word	0x20000ae4

10000340 <mpu6050_read_raw>:
10000340:	e92d 41f0 	stmdb	sp!, {r4, r5, r6, r7, r8, lr}
10000344:	b086      	sub	sp, #24
10000346:	4607      	mov	r7, r0
10000348:	460d      	mov	r5, r1
1000034a:	4616      	mov	r6, r2
1000034c:	233b      	movs	r3, #59	@ 0x3b
1000034e:	f88d 300f 	strb.w	r3, [sp, #15]
10000352:	f8df 80d8 	ldr.w	r8, [pc, #216]	@ 1000042c <mpu6050_read_raw+0xec>
10000356:	2301      	movs	r3, #1
10000358:	9300      	str	r3, [sp, #0]
1000035a:	f10d 020f 	add.w	r2, sp, #15
1000035e:	2168      	movs	r1, #104	@ 0x68
10000360:	4640      	mov	r0, r8
10000362:	f004 fd89 	bl	10004e78 <i2c_write_blocking>
10000366:	2400      	movs	r4, #0
10000368:	9400      	str	r4, [sp, #0]
1000036a:	2306      	movs	r3, #6
1000036c:	aa04      	add	r2, sp, #16
1000036e:	2168      	movs	r1, #104	@ 0x68
10000370:	4640      	mov	r0, r8
10000372:	f004 fd8d 	bl	10004e90 <i2c_read_blocking>
10000376:	4623      	mov	r3, r4
10000378:	e00e      	b.n	10000398 <mpu6050_read_raw+0x58>
1000037a:	005a      	lsls	r2, r3, #1
1000037c:	a906      	add	r1, sp, #24
1000037e:	eb01 0143 	add.w	r1, r1, r3, lsl #1
10000382:	f811 1c08 	ldrb.w	r1, [r1, #-8]
10000386:	3219      	adds	r2, #25
10000388:	446a      	add	r2, sp
1000038a:	f812 2c08 	ldrb.w	r2, [r2, #-8]
1000038e:	ea42 2201 	orr.w	r2, r2, r1, lsl #8
10000392:	f827 2013 	strh.w	r2, [r7, r3, lsl #1]
10000396:	3301      	adds	r3, #1
10000398:	2b02      	cmp	r3, #2
1000039a:	ddee      	ble.n	1000037a <mpu6050_read_raw+0x3a>
1000039c:	2343      	movs	r3, #67	@ 0x43
1000039e:	f88d 300f 	strb.w	r3, [sp, #15]
100003a2:	4f22      	ldr	r7, [pc, #136]	@ (1000042c <mpu6050_read_raw+0xec>)
100003a4:	2301      	movs	r3, #1
100003a6:	9300      	str	r3, [sp, #0]
100003a8:	f10d 020f 	add.w	r2, sp, #15
100003ac:	2168      	movs	r1, #104	@ 0x68
100003ae:	4638      	mov	r0, r7
100003b0:	f004 fd62 	bl	10004e78 <i2c_write_blocking>
100003b4:	2400      	movs	r4, #0
100003b6:	9400      	str	r4, [sp, #0]
100003b8:	2306      	movs	r3, #6
100003ba:	aa04      	add	r2, sp, #16
100003bc:	2168      	movs	r1, #104	@ 0x68
100003be:	4638      	mov	r0, r7
100003c0:	f004 fd66 	bl	10004e90 <i2c_read_blocking>
100003c4:	4623      	mov	r3, r4
100003c6:	e010      	b.n	100003ea <mpu6050_read_raw+0xaa>
100003c8:	0058      	lsls	r0, r3, #1
100003ca:	aa06      	add	r2, sp, #24
100003cc:	eb02 0243 	add.w	r2, r2, r3, lsl #1
100003d0:	f812 1c08 	ldrb.w	r1, [r2, #-8]
100003d4:	f100 0219 	add.w	r2, r0, #25
100003d8:	eb0d 0002 	add.w	r0, sp, r2
100003dc:	f810 2c08 	ldrb.w	r2, [r0, #-8]
100003e0:	ea42 2201 	orr.w	r2, r2, r1, lsl #8
100003e4:	f825 2013 	strh.w	r2, [r5, r3, lsl #1]
100003e8:	3301      	adds	r3, #1
100003ea:	2b02      	cmp	r3, #2
100003ec:	ddec      	ble.n	100003c8 <mpu6050_read_raw+0x88>
100003ee:	2341      	movs	r3, #65	@ 0x41
100003f0:	f88d 300f 	strb.w	r3, [sp, #15]
100003f4:	4c0d      	ldr	r4, [pc, #52]	@ (1000042c <mpu6050_read_raw+0xec>)
100003f6:	2301      	movs	r3, #1
100003f8:	9300      	str	r3, [sp, #0]
100003fa:	f10d 020f 	add.w	r2, sp, #15
100003fe:	2168      	movs	r1, #104	@ 0x68
10000400:	4620      	mov	r0, r4
10000402:	f004 fd39 	bl	10004e78 <i2c_write_blocking>
10000406:	2300      	movs	r3, #0
10000408:	9300      	str	r3, [sp, #0]
1000040a:	2302      	movs	r3, #2
1000040c:	aa04      	add	r2, sp, #16
1000040e:	2168      	movs	r1, #104	@ 0x68
10000410:	4620      	mov	r0, r4
10000412:	f004 fd3d 	bl	10004e90 <i2c_read_blocking>
10000416:	f89d 2010 	ldrb.w	r2, [sp, #16]
1000041a:	f89d 3011 	ldrb.w	r3, [sp, #17]
1000041e:	ea43 2302 	orr.w	r3, r3, r2, lsl #8
10000422:	8033      	strh	r3, [r6, #0]
10000424:	b006      	add	sp, #24
10000426:	e8bd 81f0 	ldmia.w	sp!, {r4, r5, r6, r7, r8, pc}
1000042a:	bf00      	nop
1000042c:	20000ae4 	.word	0x20000ae4

10000430 <calibrate_gyro_bias>:
10000430:	b5f0      	push	{r4, r5, r6, r7, lr}
10000432:	ed2d 8b02 	vpush	{d8}
10000436:	b089      	sub	sp, #36	@ 0x24
10000438:	4605      	mov	r5, r0
1000043a:	4828      	ldr	r0, [pc, #160]	@ (100004dc <calibrate_gyro_bias+0xac>)
1000043c:	f007 fb3c 	bl	10007ab8 <__wrap_puts>
10000440:	2400      	movs	r4, #0
10000442:	ed9f 8a27 	vldr	s16, [pc, #156]	@ 100004e0 <calibrate_gyro_bias+0xb0>
10000446:	eef0 8a48 	vmov.f32	s17, s16
1000044a:	e01f      	b.n	1000048c <calibrate_gyro_bias+0x5c>
1000044c:	f10d 020e 	add.w	r2, sp, #14
10000450:	a904      	add	r1, sp, #16
10000452:	a806      	add	r0, sp, #24
10000454:	f7ff ff74 	bl	10000340 <mpu6050_read_raw>
10000458:	f9bd 3010 	ldrsh.w	r3, [sp, #16]
1000045c:	ee07 3a90 	vmov	s15, r3
10000460:	eef8 7ae7 	vcvt.f32.s32	s15, s15
10000464:	ed9f 7a1f 	vldr	s14, [pc, #124]	@ 100004e4 <calibrate_gyro_bias+0xb4>
10000468:	eec7 6a87 	vdiv.f32	s13, s15, s14
1000046c:	ee78 8aa6 	vadd.f32	s17, s17, s13
10000470:	f9bd 3014 	ldrsh.w	r3, [sp, #20]
10000474:	ee07 3a90 	vmov	s15, r3
10000478:	eef8 7ae7 	vcvt.f32.s32	s15, s15
1000047c:	eec7 6a87 	vdiv.f32	s13, s15, s14
10000480:	ee38 8a26 	vadd.f32	s16, s16, s13
10000484:	200a      	movs	r0, #10
10000486:	f002 fb0b 	bl	10002aa0 <vTaskDelay>
1000048a:	3401      	adds	r4, #1
1000048c:	f5b4 7ffa 	cmp.w	r4, #500	@ 0x1f4
10000490:	dbdc      	blt.n	1000044c <calibrate_gyro_bias+0x1c>
10000492:	ed9f 7a15 	vldr	s14, [pc, #84]	@ 100004e8 <calibrate_gyro_bias+0xb8>
10000496:	eec8 7a87 	vdiv.f32	s15, s17, s14
1000049a:	edc5 7a00 	vstr	s15, [r5]
1000049e:	eec8 8a07 	vdiv.f32	s17, s16, s14
100004a2:	edc5 8a01 	vstr	s17, [r5, #4]
100004a6:	ee17 0a90 	vmov	r0, s15
100004aa:	f008 fd79 	bl	10008fa0 <____aeabi_f2d_veneer>
100004ae:	4606      	mov	r6, r0
100004b0:	460f      	mov	r7, r1
100004b2:	ee18 0a90 	vmov	r0, s17
100004b6:	f008 fd73 	bl	10008fa0 <____aeabi_f2d_veneer>
100004ba:	e9cd 0100 	strd	r0, r1, [sp]
100004be:	4632      	mov	r2, r6
100004c0:	463b      	mov	r3, r7
100004c2:	480a      	ldr	r0, [pc, #40]	@ (100004ec <calibrate_gyro_bias+0xbc>)
100004c4:	f007 fb28 	bl	10007b18 <__wrap_printf>
100004c8:	230f      	movs	r3, #15
100004ca:	f04f 0200 	mov.w	r2, #0
100004ce:	ec42 3040 	gpioc_bit_out_put r3, r2
100004d2:	4628      	mov	r0, r5
100004d4:	b009      	add	sp, #36	@ 0x24
100004d6:	ecbd 8b02 	vpop	{d8}
100004da:	bdf0      	pop	{r4, r5, r6, r7, pc}
100004dc:	10009018 	.word	0x10009018
100004e0:	00000000 	.word	0x00000000
100004e4:	43030000 	.word	0x43030000
100004e8:	43fa0000 	.word	0x43fa0000
100004ec:	10009050 	.word	0x10009050

100004f0 <mpu6050_task>:
100004f0:	b530      	push	{r4, r5, lr}
100004f2:	ed2d 8b02 	vpush	{d8}
100004f6:	b0b3      	sub	sp, #204	@ 0xcc
100004f8:	4605      	mov	r5, r0
100004fa:	200a      	movs	r0, #10
100004fc:	f007 facd 	bl	10007a9a <__wrap_putchar>
10000500:	4cc4      	ldr	r4, [pc, #784]	@ (10000814 <mpu6050_task+0x324>)
10000502:	4620      	mov	r0, r4
10000504:	f007 fad8 	bl	10007ab8 <__wrap_puts>
10000508:	48c3      	ldr	r0, [pc, #780]	@ (10000818 <mpu6050_task+0x328>)
1000050a:	f007 fad5 	bl	10007ab8 <__wrap_puts>
1000050e:	4620      	mov	r0, r4
10000510:	f007 fad2 	bl	10007ab8 <__wrap_puts>
10000514:	48c1      	ldr	r0, [pc, #772]	@ (1000081c <mpu6050_task+0x32c>)
10000516:	f007 facf 	bl	10007ab8 <__wrap_puts>
1000051a:	200a      	movs	r0, #10
1000051c:	f007 fabd 	bl	10007a9a <__wrap_putchar>
10000520:	48bf      	ldr	r0, [pc, #764]	@ (10000820 <mpu6050_task+0x330>)
10000522:	f007 fac9 	bl	10007ab8 <__wrap_puts>
10000526:	48bf      	ldr	r0, [pc, #764]	@ (10000824 <mpu6050_task+0x334>)
10000528:	f007 fac6 	bl	10007ab8 <__wrap_puts>
1000052c:	48be      	ldr	r0, [pc, #760]	@ (10000828 <mpu6050_task+0x338>)
1000052e:	f007 fac3 	bl	10007ab8 <__wrap_puts>
10000532:	48be      	ldr	r0, [pc, #760]	@ (1000082c <mpu6050_task+0x33c>)
10000534:	f007 fac0 	bl	10007ab8 <__wrap_puts>
10000538:	48bd      	ldr	r0, [pc, #756]	@ (10000830 <mpu6050_task+0x340>)
1000053a:	f007 fabd 	bl	10007ab8 <__wrap_puts>
1000053e:	48bd      	ldr	r0, [pc, #756]	@ (10000834 <mpu6050_task+0x344>)
10000540:	f007 faba 	bl	10007ab8 <__wrap_puts>
10000544:	200a      	movs	r0, #10
10000546:	f007 faa8 	bl	10007a9a <__wrap_putchar>
1000054a:	48bb      	ldr	r0, [pc, #748]	@ (10000838 <mpu6050_task+0x348>)
1000054c:	f007 fab4 	bl	10007ab8 <__wrap_puts>
10000550:	48ba      	ldr	r0, [pc, #744]	@ (1000083c <mpu6050_task+0x34c>)
10000552:	f007 fab1 	bl	10007ab8 <__wrap_puts>
10000556:	48ba      	ldr	r0, [pc, #744]	@ (10000840 <mpu6050_task+0x350>)
10000558:	f007 faae 	bl	10007ab8 <__wrap_puts>
1000055c:	48b9      	ldr	r0, [pc, #740]	@ (10000844 <mpu6050_task+0x354>)
1000055e:	f007 faab 	bl	10007ab8 <__wrap_puts>
10000562:	48b9      	ldr	r0, [pc, #740]	@ (10000848 <mpu6050_task+0x358>)
10000564:	f007 faa8 	bl	10007ab8 <__wrap_puts>
10000568:	48b8      	ldr	r0, [pc, #736]	@ (1000084c <mpu6050_task+0x35c>)
1000056a:	f007 faa5 	bl	10007ab8 <__wrap_puts>
1000056e:	49b8      	ldr	r1, [pc, #736]	@ (10000850 <mpu6050_task+0x360>)
10000570:	48b8      	ldr	r0, [pc, #736]	@ (10000854 <mpu6050_task+0x364>)
10000572:	f004 fc57 	bl	10004e24 <i2c_init>
10000576:	2103      	movs	r1, #3
10000578:	2004      	movs	r0, #4
1000057a:	f003 f941 	bl	10003800 <gpio_set_function>
1000057e:	2103      	movs	r1, #3
10000580:	2005      	movs	r0, #5
10000582:	f003 f93d 	bl	10003800 <gpio_set_function>
10000586:	2200      	movs	r2, #0
10000588:	2101      	movs	r1, #1
1000058a:	2004      	movs	r0, #4
1000058c:	f003 f954 	bl	10003838 <gpio_set_pulls>
10000590:	2200      	movs	r2, #0
10000592:	2101      	movs	r1, #1
10000594:	2005      	movs	r0, #5
10000596:	f003 f94f 	bl	10003838 <gpio_set_pulls>
1000059a:	f7ff febf 	bl	1000031c <mpu6050_reset>
1000059e:	a830      	add	r0, sp, #192	@ 0xc0
100005a0:	f7ff ff46 	bl	10000430 <calibrate_gyro_bias>
100005a4:	a80e      	add	r0, sp, #56	@ 0x38
100005a6:	f007 ff7d 	bl	100084a4 <FusionAhrsInitialise>
100005aa:	f002 f8af 	bl	1000270c <xTaskGetTickCount>
100005ae:	900b      	str	r0, [sp, #44]	@ 0x2c
100005b0:	2400      	movs	r4, #0
100005b2:	e092      	b.n	100006da <mpu6050_task+0x1ea>
100005b4:	f084 0401 	eor.w	r4, r4, #1
100005b8:	230f      	movs	r3, #15
100005ba:	ec44 3040 	gpioc_bit_out_put r3, r4
100005be:	48a6      	ldr	r0, [pc, #664]	@ (10000858 <mpu6050_task+0x368>)
100005c0:	f007 fa7a 	bl	10007ab8 <__wrap_puts>
100005c4:	b164      	cbz	r4, 100005e0 <mpu6050_task+0xf0>
100005c6:	49a5      	ldr	r1, [pc, #660]	@ (1000085c <mpu6050_task+0x36c>)
100005c8:	48a5      	ldr	r0, [pc, #660]	@ (10000860 <mpu6050_task+0x370>)
100005ca:	f007 faa5 	bl	10007b18 <__wrap_printf>
100005ce:	b14c      	cbz	r4, 100005e4 <mpu6050_task+0xf4>
100005d0:	49a4      	ldr	r1, [pc, #656]	@ (10000864 <mpu6050_task+0x374>)
100005d2:	48a5      	ldr	r0, [pc, #660]	@ (10000868 <mpu6050_task+0x378>)
100005d4:	f007 faa0 	bl	10007b18 <__wrap_printf>
100005d8:	48a4      	ldr	r0, [pc, #656]	@ (1000086c <mpu6050_task+0x37c>)
100005da:	f007 fa6d 	bl	10007ab8 <__wrap_puts>
100005de:	e084      	b.n	100006ea <mpu6050_task+0x1fa>
100005e0:	49a3      	ldr	r1, [pc, #652]	@ (10000870 <mpu6050_task+0x380>)
100005e2:	e7f1      	b.n	100005c8 <mpu6050_task+0xd8>
100005e4:	49a3      	ldr	r1, [pc, #652]	@ (10000874 <mpu6050_task+0x384>)
100005e6:	e7f4      	b.n	100005d2 <mpu6050_task+0xe2>
100005e8:	48a3      	ldr	r0, [pc, #652]	@ (10000878 <mpu6050_task+0x388>)
100005ea:	f007 fa65 	bl	10007ab8 <__wrap_puts>
100005ee:	2306      	movs	r3, #6
100005f0:	930c      	str	r3, [sp, #48]	@ 0x30
100005f2:	2301      	movs	r3, #1
100005f4:	930d      	str	r3, [sp, #52]	@ 0x34
100005f6:	2300      	movs	r3, #0
100005f8:	461a      	mov	r2, r3
100005fa:	a90c      	add	r1, sp, #48	@ 0x30
100005fc:	4628      	mov	r0, r5
100005fe:	f001 fab5 	bl	10001b6c <xQueueGenericSend>
10000602:	489e      	ldr	r0, [pc, #632]	@ (1000087c <mpu6050_task+0x38c>)
10000604:	f007 fa58 	bl	10007ab8 <__wrap_puts>
10000608:	e077      	b.n	100006fa <mpu6050_task+0x20a>
1000060a:	489d      	ldr	r0, [pc, #628]	@ (10000880 <mpu6050_task+0x390>)
1000060c:	f007 fa54 	bl	10007ab8 <__wrap_puts>
10000610:	2303      	movs	r3, #3
10000612:	930c      	str	r3, [sp, #48]	@ 0x30
10000614:	2301      	movs	r3, #1
10000616:	930d      	str	r3, [sp, #52]	@ 0x34
10000618:	2300      	movs	r3, #0
1000061a:	461a      	mov	r2, r3
1000061c:	a90c      	add	r1, sp, #48	@ 0x30
1000061e:	4628      	mov	r0, r5
10000620:	f001 faa4 	bl	10001b6c <xQueueGenericSend>
10000624:	4897      	ldr	r0, [pc, #604]	@ (10000884 <mpu6050_task+0x394>)
10000626:	f007 fa47 	bl	10007ab8 <__wrap_puts>
1000062a:	e06d      	b.n	10000708 <mpu6050_task+0x218>
1000062c:	4896      	ldr	r0, [pc, #600]	@ (10000888 <mpu6050_task+0x398>)
1000062e:	f007 fa43 	bl	10007ab8 <__wrap_puts>
10000632:	2307      	movs	r3, #7
10000634:	930c      	str	r3, [sp, #48]	@ 0x30
10000636:	2301      	movs	r3, #1
10000638:	930d      	str	r3, [sp, #52]	@ 0x34
1000063a:	2300      	movs	r3, #0
1000063c:	461a      	mov	r2, r3
1000063e:	a90c      	add	r1, sp, #48	@ 0x30
10000640:	4628      	mov	r0, r5
10000642:	f001 fa93 	bl	10001b6c <xQueueGenericSend>
10000646:	4891      	ldr	r0, [pc, #580]	@ (1000088c <mpu6050_task+0x39c>)
10000648:	f007 fa36 	bl	10007ab8 <__wrap_puts>
1000064c:	e063      	b.n	10000716 <mpu6050_task+0x226>
1000064e:	eeb1 7a00 	vmov.f32	s14, #16	@ 0x40800000  4.0
10000652:	ee68 7a87 	vmul.f32	s15, s17, s14
10000656:	ee28 8a47 	vnmul.f32	s16, s16, s14
1000065a:	2300      	movs	r3, #0
1000065c:	930c      	str	r3, [sp, #48]	@ 0x30
1000065e:	ed9f 7a8c 	vldr	s14, [pc, #560]	@ 10000890 <mpu6050_task+0x3a0>
10000662:	eef4 7ac7 	vcmpe.f32	s15, s14
10000666:	eef1 fa10 	vmrs	APSR_nzcv, fpscr
1000066a:	f300 80c8 	bgt.w	100007fe <mpu6050_task+0x30e>
1000066e:	ed9f 7a89 	vldr	s14, [pc, #548]	@ 10000894 <mpu6050_task+0x3a4>
10000672:	eef4 7ac7 	vcmpe.f32	s15, s14
10000676:	eef1 fa10 	vmrs	APSR_nzcv, fpscr
1000067a:	f100 80c3 	bmi.w	10000804 <mpu6050_task+0x314>
1000067e:	eefd 7ae7 	vcvt.s32.f32	s15, s15
10000682:	ee17 3a90 	vmov	r3, s15
10000686:	b21b      	sxth	r3, r3
10000688:	930d      	str	r3, [sp, #52]	@ 0x34
1000068a:	2300      	movs	r3, #0
1000068c:	461a      	mov	r2, r3
1000068e:	a90c      	add	r1, sp, #48	@ 0x30
10000690:	4628      	mov	r0, r5
10000692:	f001 fa6b 	bl	10001b6c <xQueueGenericSend>
10000696:	2301      	movs	r3, #1
10000698:	930c      	str	r3, [sp, #48]	@ 0x30
1000069a:	eddf 7a7d 	vldr	s15, [pc, #500]	@ 10000890 <mpu6050_task+0x3a0>
1000069e:	eeb4 8ae7 	vcmpe.f32	s16, s15
100006a2:	eef1 fa10 	vmrs	APSR_nzcv, fpscr
100006a6:	f300 80af 	bgt.w	10000808 <mpu6050_task+0x318>
100006aa:	eddf 7a7a 	vldr	s15, [pc, #488]	@ 10000894 <mpu6050_task+0x3a4>
100006ae:	eeb4 8ae7 	vcmpe.f32	s16, s15
100006b2:	eef1 fa10 	vmrs	APSR_nzcv, fpscr
100006b6:	f100 80aa 	bmi.w	1000080e <mpu6050_task+0x31e>
100006ba:	eebd 8ac8 	vcvt.s32.f32	s16, s16
100006be:	ee18 3a10 	vmov	r3, s16
100006c2:	b21b      	sxth	r3, r3
100006c4:	930d      	str	r3, [sp, #52]	@ 0x34
100006c6:	2300      	movs	r3, #0
100006c8:	461a      	mov	r2, r3
100006ca:	a90c      	add	r1, sp, #48	@ 0x30
100006cc:	4628      	mov	r0, r5
100006ce:	f001 fa4d 	bl	10001b6c <xQueueGenericSend>
100006d2:	210a      	movs	r1, #10
100006d4:	a80b      	add	r0, sp, #44	@ 0x2c
100006d6:	f002 f98d 	bl	100029f4 <xTaskDelayUntil>
100006da:	2100      	movs	r1, #0
100006dc:	4b6e      	ldr	r3, [pc, #440]	@ (10000898 <mpu6050_task+0x3a8>)
100006de:	6818      	ldr	r0, [r3, #0]
100006e0:	f001 fcb8 	bl	10002054 <xQueueSemaphoreTake>
100006e4:	2801      	cmp	r0, #1
100006e6:	f43f af65 	beq.w	100005b4 <mpu6050_task+0xc4>
100006ea:	2100      	movs	r1, #0
100006ec:	4b6b      	ldr	r3, [pc, #428]	@ (1000089c <mpu6050_task+0x3ac>)
100006ee:	6818      	ldr	r0, [r3, #0]
100006f0:	f001 fcb0 	bl	10002054 <xQueueSemaphoreTake>
100006f4:	2801      	cmp	r0, #1
100006f6:	f43f af77 	beq.w	100005e8 <mpu6050_task+0xf8>
100006fa:	2100      	movs	r1, #0
100006fc:	4b68      	ldr	r3, [pc, #416]	@ (100008a0 <mpu6050_task+0x3b0>)
100006fe:	6818      	ldr	r0, [r3, #0]
10000700:	f001 fca8 	bl	10002054 <xQueueSemaphoreTake>
10000704:	2801      	cmp	r0, #1
10000706:	d080      	beq.n	1000060a <mpu6050_task+0x11a>
10000708:	2100      	movs	r1, #0
1000070a:	4b66      	ldr	r3, [pc, #408]	@ (100008a4 <mpu6050_task+0x3b4>)
1000070c:	6818      	ldr	r0, [r3, #0]
1000070e:	f001 fca1 	bl	10002054 <xQueueSemaphoreTake>
10000712:	2801      	cmp	r0, #1
10000714:	d08a      	beq.n	1000062c <mpu6050_task+0x13c>
10000716:	2c00      	cmp	r4, #0
10000718:	d0db      	beq.n	100006d2 <mpu6050_task+0x1e2>
1000071a:	f10d 02ae 	add.w	r2, sp, #174	@ 0xae
1000071e:	a92c      	add	r1, sp, #176	@ 0xb0
10000720:	a82e      	add	r0, sp, #184	@ 0xb8
10000722:	f7ff fe0d 	bl	10000340 <mpu6050_read_raw>
10000726:	f9bd 30b0 	ldrsh.w	r3, [sp, #176]	@ 0xb0
1000072a:	ee07 3a90 	vmov	s15, r3
1000072e:	eef8 7ae7 	vcvt.f32.s32	s15, s15
10000732:	ed9f 7a5d 	vldr	s14, [pc, #372]	@ 100008a8 <mpu6050_task+0x3b8>
10000736:	ee87 6a87 	vdiv.f32	s12, s15, s14
1000073a:	eddd 7a30 	vldr	s15, [sp, #192]	@ 0xc0
1000073e:	ee76 8a67 	vsub.f32	s17, s12, s15
10000742:	f9bd 30b4 	ldrsh.w	r3, [sp, #180]	@ 0xb4
10000746:	ee07 3a90 	vmov	s15, r3
1000074a:	eef8 7ae7 	vcvt.f32.s32	s15, s15
1000074e:	eec7 6a87 	vdiv.f32	s13, s15, s14
10000752:	ed9d 8a31 	vldr	s16, [sp, #196]	@ 0xc4
10000756:	ee36 8ac8 	vsub.f32	s16, s13, s16
1000075a:	ed8d 6a05 	vstr	s12, [sp, #20]
1000075e:	edcd 6a06 	vstr	s13, [sp, #24]
10000762:	f9bd 30b2 	ldrsh.w	r3, [sp, #178]	@ 0xb2
10000766:	ee07 3a90 	vmov	s15, r3
1000076a:	eef8 7ae7 	vcvt.f32.s32	s15, s15
1000076e:	eec7 6a87 	vdiv.f32	s13, s15, s14
10000772:	edcd 6a07 	vstr	s13, [sp, #28]
10000776:	f9bd 30b8 	ldrsh.w	r3, [sp, #184]	@ 0xb8
1000077a:	ee07 3a90 	vmov	s15, r3
1000077e:	eef8 7ae7 	vcvt.f32.s32	s15, s15
10000782:	ed9f 7a4a 	vldr	s14, [pc, #296]	@ 100008ac <mpu6050_task+0x3bc>
10000786:	ee67 7a87 	vmul.f32	s15, s15, s14
1000078a:	edcd 7a08 	vstr	s15, [sp, #32]
1000078e:	f9bd 30bc 	ldrsh.w	r3, [sp, #188]	@ 0xbc
10000792:	ee07 3a90 	vmov	s15, r3
10000796:	eef8 7ae7 	vcvt.f32.s32	s15, s15
1000079a:	ee67 7a87 	vmul.f32	s15, s15, s14
1000079e:	edcd 7a09 	vstr	s15, [sp, #36]	@ 0x24
100007a2:	f9bd 30ba 	ldrsh.w	r3, [sp, #186]	@ 0xba
100007a6:	ee07 3a90 	vmov	s15, r3
100007aa:	eef8 7ae7 	vcvt.f32.s32	s15, s15
100007ae:	ee67 7a87 	vmul.f32	s15, s15, s14
100007b2:	edcd 7a0a 	vstr	s15, [sp, #40]	@ 0x28
100007b6:	4b3e      	ldr	r3, [pc, #248]	@ (100008b0 <mpu6050_task+0x3c0>)
100007b8:	9303      	str	r3, [sp, #12]
100007ba:	ab08      	add	r3, sp, #32
100007bc:	e893 0007 	ldmia.w	r3, {r0, r1, r2}
100007c0:	e88d 0007 	stmia.w	sp, {r0, r1, r2}
100007c4:	ab05      	add	r3, sp, #20
100007c6:	cb0e      	ldmia	r3, {r1, r2, r3}
100007c8:	a80e      	add	r0, sp, #56	@ 0x38
100007ca:	f008 fac7 	bl	10008d5c <FusionAhrsUpdateNoMagnetometer>
100007ce:	eeb0 7ae8 	vabs.f32	s14, s17
100007d2:	eef3 7a04 	vmov.f32	s15, #52	@ 0x41a00000  20.0
100007d6:	eeb4 7ae7 	vcmpe.f32	s14, s15
100007da:	eef1 fa10 	vmrs	APSR_nzcv, fpscr
100007de:	d501      	bpl.n	100007e4 <mpu6050_task+0x2f4>
100007e0:	eddf 8a34 	vldr	s17, [pc, #208]	@ 100008b4 <mpu6050_task+0x3c4>
100007e4:	eef0 7ac8 	vabs.f32	s15, s16
100007e8:	eeb3 7a04 	vmov.f32	s14, #52	@ 0x41a00000  20.0
100007ec:	eef4 7ac7 	vcmpe.f32	s15, s14
100007f0:	eef1 fa10 	vmrs	APSR_nzcv, fpscr
100007f4:	f57f af2b 	bpl.w	1000064e <mpu6050_task+0x15e>
100007f8:	ed9f 8a2e 	vldr	s16, [pc, #184]	@ 100008b4 <mpu6050_task+0x3c4>
100007fc:	e727      	b.n	1000064e <mpu6050_task+0x15e>
100007fe:	f647 73ff 	movw	r3, #32767	@ 0x7fff
10000802:	e741      	b.n	10000688 <mpu6050_task+0x198>
10000804:	4b2c      	ldr	r3, [pc, #176]	@ (100008b8 <mpu6050_task+0x3c8>)
10000806:	e73f      	b.n	10000688 <mpu6050_task+0x198>
10000808:	f647 73ff 	movw	r3, #32767	@ 0x7fff
1000080c:	e75a      	b.n	100006c4 <mpu6050_task+0x1d4>
1000080e:	4b2a      	ldr	r3, [pc, #168]	@ (100008b8 <mpu6050_task+0x3c8>)
10000810:	e758      	b.n	100006c4 <mpu6050_task+0x1d4>
10000812:	bf00      	nop
10000814:	100090ac 	.word	0x100090ac
10000818:	100090d8 	.word	0x100090d8
1000081c:	10009100 	.word	0x10009100
10000820:	10009128 	.word	0x10009128
10000824:	10009148 	.word	0x10009148
10000828:	10009170 	.word	0x10009170
1000082c:	10009190 	.word	0x10009190
10000830:	100091ac 	.word	0x100091ac
10000834:	100091d0 	.word	0x100091d0
10000838:	100091f8 	.word	0x100091f8
1000083c:	10009210 	.word	0x10009210
10000840:	10009234 	.word	0x10009234
10000844:	10009250 	.word	0x10009250
10000848:	10009270 	.word	0x10009270
1000084c:	1000928c 	.word	0x1000928c
10000850:	00061a80 	.word	0x00061a80
10000854:	20000ae4 	.word	0x20000ae4
10000858:	100092b8 	.word	0x100092b8
1000085c:	10009088 	.word	0x10009088
10000860:	100092e4 	.word	0x100092e4
10000864:	1000909c 	.word	0x1000909c
10000868:	100092fc 	.word	0x100092fc
1000086c:	1000930c 	.word	0x1000930c
10000870:	10009090 	.word	0x10009090
10000874:	100090a4 	.word	0x100090a4
10000878:	10009338 	.word	0x10009338
1000087c:	1000935c 	.word	0x1000935c
10000880:	1000938c 	.word	0x1000938c
10000884:	100093b8 	.word	0x100093b8
10000888:	100093e0 	.word	0x100093e0
1000088c:	1000940c 	.word	0x1000940c
10000890:	46fffe00 	.word	0x46fffe00
10000894:	c7000000 	.word	0xc7000000
10000898:	20001274 	.word	0x20001274
1000089c:	20000f74 	.word	0x20000f74
100008a0:	2000126c 	.word	0x2000126c
100008a4:	20001268 	.word	0x20001268
100008a8:	43030000 	.word	0x43030000
100008ac:	38800000 	.word	0x38800000
100008b0:	3c23d70a 	.word	0x3c23d70a
100008b4:	00000000 	.word	0x00000000
100008b8:	ffff8000 	.word	0xffff8000

100008bc <setup_buttons>:
100008bc:	e92d 47f0 	stmdb	sp!, {r4, r5, r6, r7, r8, r9, sl, lr}
100008c0:	200e      	movs	r0, #14
100008c2:	f003 f832 	bl	1000392a <gpio_init>
100008c6:	f04f 0a0e 	mov.w	sl, #14
100008ca:	2500      	movs	r5, #0
100008cc:	ec45 a044 	gpioc_bit_oe_put sl, r5
100008d0:	462a      	mov	r2, r5
100008d2:	2101      	movs	r1, #1
100008d4:	4650      	mov	r0, sl
100008d6:	f002 ffaf 	bl	10003838 <gpio_set_pulls>
100008da:	200c      	movs	r0, #12
100008dc:	f003 f825 	bl	1000392a <gpio_init>
100008e0:	f04f 090c 	mov.w	r9, #12
100008e4:	ec45 9044 	gpioc_bit_oe_put r9, r5
100008e8:	462a      	mov	r2, r5
100008ea:	2101      	movs	r1, #1
100008ec:	4648      	mov	r0, r9
100008ee:	f002 ffa3 	bl	10003838 <gpio_set_pulls>
100008f2:	200b      	movs	r0, #11
100008f4:	f003 f819 	bl	1000392a <gpio_init>
100008f8:	f04f 080b 	mov.w	r8, #11
100008fc:	ec45 8044 	gpioc_bit_oe_put r8, r5
10000900:	462a      	mov	r2, r5
10000902:	2101      	movs	r1, #1
10000904:	4640      	mov	r0, r8
10000906:	f002 ff97 	bl	10003838 <gpio_set_pulls>
1000090a:	200a      	movs	r0, #10
1000090c:	f003 f80d 	bl	1000392a <gpio_init>
10000910:	270a      	movs	r7, #10
10000912:	ec45 7044 	gpioc_bit_oe_put r7, r5
10000916:	462a      	mov	r2, r5
10000918:	2101      	movs	r1, #1
1000091a:	4638      	mov	r0, r7
1000091c:	f002 ff8c 	bl	10003838 <gpio_set_pulls>
10000920:	200f      	movs	r0, #15
10000922:	f003 f802 	bl	1000392a <gpio_init>
10000926:	230f      	movs	r3, #15
10000928:	2401      	movs	r4, #1
1000092a:	ec44 3044 	gpioc_bit_oe_put r3, r4
1000092e:	ec45 3040 	gpioc_bit_out_put r3, r5
10000932:	4b19      	ldr	r3, [pc, #100]	@ (10000998 <setup_buttons+0xdc>)
10000934:	4622      	mov	r2, r4
10000936:	2104      	movs	r1, #4
10000938:	4650      	mov	r0, sl
1000093a:	f002 ffe3 	bl	10003904 <gpio_set_irq_enabled_with_callback>
1000093e:	4622      	mov	r2, r4
10000940:	2104      	movs	r1, #4
10000942:	4648      	mov	r0, r9
10000944:	f002 ff94 	bl	10003870 <gpio_set_irq_enabled>
10000948:	4622      	mov	r2, r4
1000094a:	2104      	movs	r1, #4
1000094c:	4640      	mov	r0, r8
1000094e:	f002 ff8f 	bl	10003870 <gpio_set_irq_enabled>
10000952:	4622      	mov	r2, r4
10000954:	2104      	movs	r1, #4
10000956:	4638      	mov	r0, r7
10000958:	f002 ff8a 	bl	10003870 <gpio_set_irq_enabled>
1000095c:	2203      	movs	r2, #3
1000095e:	4629      	mov	r1, r5
10000960:	4620      	mov	r0, r4
10000962:	f001 f8d3 	bl	10001b0c <xQueueGenericCreate>
10000966:	4b0d      	ldr	r3, [pc, #52]	@ (1000099c <setup_buttons+0xe0>)
10000968:	6018      	str	r0, [r3, #0]
1000096a:	2203      	movs	r2, #3
1000096c:	4629      	mov	r1, r5
1000096e:	4620      	mov	r0, r4
10000970:	f001 f8cc 	bl	10001b0c <xQueueGenericCreate>
10000974:	4b0a      	ldr	r3, [pc, #40]	@ (100009a0 <setup_buttons+0xe4>)
10000976:	6018      	str	r0, [r3, #0]
10000978:	2203      	movs	r2, #3
1000097a:	4629      	mov	r1, r5
1000097c:	4620      	mov	r0, r4
1000097e:	f001 f8c5 	bl	10001b0c <xQueueGenericCreate>
10000982:	4b08      	ldr	r3, [pc, #32]	@ (100009a4 <setup_buttons+0xe8>)
10000984:	6018      	str	r0, [r3, #0]
10000986:	2203      	movs	r2, #3
10000988:	4629      	mov	r1, r5
1000098a:	4620      	mov	r0, r4
1000098c:	f001 f8be 	bl	10001b0c <xQueueGenericCreate>
10000990:	4b05      	ldr	r3, [pc, #20]	@ (100009a8 <setup_buttons+0xec>)
10000992:	6018      	str	r0, [r3, #0]
10000994:	e8bd 87f0 	ldmia.w	sp!, {r4, r5, r6, r7, r8, r9, sl, pc}
10000998:	100009ad 	.word	0x100009ad
1000099c:	20001274 	.word	0x20001274
100009a0:	2000126c 	.word	0x2000126c
100009a4:	20001268 	.word	0x20001268
100009a8:	20000f74 	.word	0x20000f74

100009ac <gpio_callback>:
100009ac:	b530      	push	{r4, r5, lr}
100009ae:	b083      	sub	sp, #12
100009b0:	4604      	mov	r4, r0
100009b2:	460d      	mov	r5, r1
100009b4:	f003 ff38 	bl	10004828 <time_us_64>
100009b8:	b1c1      	cbz	r1, 100009ec <gpio_callback+0x40>
100009ba:	f44f 727a 	mov.w	r2, #1000	@ 0x3e8
100009be:	2300      	movs	r3, #0
100009c0:	f008 faf2 	bl	10008fa8 <____aeabi_uldivmod_veneer>
100009c4:	2200      	movs	r2, #0
100009c6:	9201      	str	r2, [sp, #4]
100009c8:	2c0c      	cmp	r4, #12
100009ca:	d014      	beq.n	100009f6 <gpio_callback+0x4a>
100009cc:	2c0b      	cmp	r4, #11
100009ce:	d022      	beq.n	10000a16 <gpio_callback+0x6a>
100009d0:	2c0e      	cmp	r4, #14
100009d2:	d030      	beq.n	10000a36 <gpio_callback+0x8a>
100009d4:	2c0a      	cmp	r4, #10
100009d6:	d03e      	beq.n	10000a56 <gpio_callback+0xaa>
100009d8:	9b01      	ldr	r3, [sp, #4]
100009da:	b12b      	cbz	r3, 100009e8 <gpio_callback+0x3c>
100009dc:	f04f 23e0 	mov.w	r3, #3758153728	@ 0xe000e000
100009e0:	f04f 5280 	mov.w	r2, #268435456	@ 0x10000000
100009e4:	f8c3 2d04 	str.w	r2, [r3, #3332]	@ 0xd04
100009e8:	b003      	add	sp, #12
100009ea:	bd30      	pop	{r4, r5, pc}
100009ec:	4b22      	ldr	r3, [pc, #136]	@ (10000a78 <gpio_callback+0xcc>)
100009ee:	fba3 2300 	umull	r2, r3, r3, r0
100009f2:	0998      	lsrs	r0, r3, #6
100009f4:	e7e6      	b.n	100009c4 <gpio_callback+0x18>
100009f6:	f015 0f04 	tst.w	r5, #4
100009fa:	d0e7      	beq.n	100009cc <gpio_callback+0x20>
100009fc:	4a1f      	ldr	r2, [pc, #124]	@ (10000a7c <gpio_callback+0xd0>)
100009fe:	6812      	ldr	r2, [r2, #0]
10000a00:	1a82      	subs	r2, r0, r2
10000a02:	2a50      	cmp	r2, #80	@ 0x50
10000a04:	d9e8      	bls.n	100009d8 <gpio_callback+0x2c>
10000a06:	4a1d      	ldr	r2, [pc, #116]	@ (10000a7c <gpio_callback+0xd0>)
10000a08:	6010      	str	r0, [r2, #0]
10000a0a:	a901      	add	r1, sp, #4
10000a0c:	4b1c      	ldr	r3, [pc, #112]	@ (10000a80 <gpio_callback+0xd4>)
10000a0e:	6818      	ldr	r0, [r3, #0]
10000a10:	f001 fa02 	bl	10001e18 <xQueueGiveFromISR>
10000a14:	e7e0      	b.n	100009d8 <gpio_callback+0x2c>
10000a16:	f015 0f04 	tst.w	r5, #4
10000a1a:	d0d9      	beq.n	100009d0 <gpio_callback+0x24>
10000a1c:	4a19      	ldr	r2, [pc, #100]	@ (10000a84 <gpio_callback+0xd8>)
10000a1e:	6812      	ldr	r2, [r2, #0]
10000a20:	1a82      	subs	r2, r0, r2
10000a22:	2a50      	cmp	r2, #80	@ 0x50
10000a24:	d9d8      	bls.n	100009d8 <gpio_callback+0x2c>
10000a26:	4a17      	ldr	r2, [pc, #92]	@ (10000a84 <gpio_callback+0xd8>)
10000a28:	6010      	str	r0, [r2, #0]
10000a2a:	a901      	add	r1, sp, #4
10000a2c:	4b16      	ldr	r3, [pc, #88]	@ (10000a88 <gpio_callback+0xdc>)
10000a2e:	6818      	ldr	r0, [r3, #0]
10000a30:	f001 f9f2 	bl	10001e18 <xQueueGiveFromISR>
10000a34:	e7d0      	b.n	100009d8 <gpio_callback+0x2c>
10000a36:	f015 0f04 	tst.w	r5, #4
10000a3a:	d0cb      	beq.n	100009d4 <gpio_callback+0x28>
10000a3c:	4a13      	ldr	r2, [pc, #76]	@ (10000a8c <gpio_callback+0xe0>)
10000a3e:	6812      	ldr	r2, [r2, #0]
10000a40:	1a82      	subs	r2, r0, r2
10000a42:	2a50      	cmp	r2, #80	@ 0x50
10000a44:	d9c8      	bls.n	100009d8 <gpio_callback+0x2c>
10000a46:	4a11      	ldr	r2, [pc, #68]	@ (10000a8c <gpio_callback+0xe0>)
10000a48:	6010      	str	r0, [r2, #0]
10000a4a:	a901      	add	r1, sp, #4
10000a4c:	4b10      	ldr	r3, [pc, #64]	@ (10000a90 <gpio_callback+0xe4>)
10000a4e:	6818      	ldr	r0, [r3, #0]
10000a50:	f001 f9e2 	bl	10001e18 <xQueueGiveFromISR>
10000a54:	e7c0      	b.n	100009d8 <gpio_callback+0x2c>
10000a56:	f015 0f04 	tst.w	r5, #4
10000a5a:	d0bd      	beq.n	100009d8 <gpio_callback+0x2c>
10000a5c:	4a0d      	ldr	r2, [pc, #52]	@ (10000a94 <gpio_callback+0xe8>)
10000a5e:	6812      	ldr	r2, [r2, #0]
10000a60:	1a82      	subs	r2, r0, r2
10000a62:	2a50      	cmp	r2, #80	@ 0x50
10000a64:	d9b8      	bls.n	100009d8 <gpio_callback+0x2c>
10000a66:	4a0b      	ldr	r2, [pc, #44]	@ (10000a94 <gpio_callback+0xe8>)
10000a68:	6010      	str	r0, [r2, #0]
10000a6a:	a901      	add	r1, sp, #4
10000a6c:	4b0a      	ldr	r3, [pc, #40]	@ (10000a98 <gpio_callback+0xec>)
10000a6e:	6818      	ldr	r0, [r3, #0]
10000a70:	f001 f9d2 	bl	10001e18 <xQueueGiveFromISR>
10000a74:	e7b0      	b.n	100009d8 <gpio_callback+0x2c>
10000a76:	bf00      	nop
10000a78:	10624dd3 	.word	0x10624dd3
10000a7c:	20000f88 	.word	0x20000f88
10000a80:	20001274 	.word	0x20001274
10000a84:	20000f7c 	.word	0x20000f7c
10000a88:	20000f74 	.word	0x20000f74
10000a8c:	20000f84 	.word	0x20000f84
10000a90:	2000126c 	.word	0x2000126c
10000a94:	20000f80 	.word	0x20000f80
10000a98:	20001268 	.word	0x20001268

10000a9c <main>:
10000a9c:	b570      	push	{r4, r5, r6, lr}
10000a9e:	b082      	sub	sp, #8
10000aa0:	f006 fff6 	bl	10007a90 <stdio_init_all>
10000aa4:	2200      	movs	r2, #0
10000aa6:	2108      	movs	r1, #8
10000aa8:	200a      	movs	r0, #10
10000aaa:	f001 f82f 	bl	10001b0c <xQueueGenericCreate>
10000aae:	4604      	mov	r4, r0
10000ab0:	f7ff ff04 	bl	100008bc <setup_buttons>
10000ab4:	2600      	movs	r6, #0
10000ab6:	9601      	str	r6, [sp, #4]
10000ab8:	2501      	movs	r5, #1
10000aba:	9500      	str	r5, [sp, #0]
10000abc:	4623      	mov	r3, r4
10000abe:	f44f 5200 	mov.w	r2, #8192	@ 0x2000
10000ac2:	4908      	ldr	r1, [pc, #32]	@ (10000ae4 <main+0x48>)
10000ac4:	4808      	ldr	r0, [pc, #32]	@ (10000ae8 <main+0x4c>)
10000ac6:	f001 fda9 	bl	1000261c <xTaskCreate>
10000aca:	9601      	str	r6, [sp, #4]
10000acc:	9500      	str	r5, [sp, #0]
10000ace:	4623      	mov	r3, r4
10000ad0:	f44f 6280 	mov.w	r2, #1024	@ 0x400
10000ad4:	4905      	ldr	r1, [pc, #20]	@ (10000aec <main+0x50>)
10000ad6:	4806      	ldr	r0, [pc, #24]	@ (10000af0 <main+0x54>)
10000ad8:	f001 fda0 	bl	1000261c <xTaskCreate>
10000adc:	f001 fdda 	bl	10002694 <vTaskStartScheduler>
10000ae0:	e7fe      	b.n	10000ae0 <main+0x44>
10000ae2:	bf00      	nop
10000ae4:	10009438 	.word	0x10009438
10000ae8:	100004f1 	.word	0x100004f1
10000aec:	10009448 	.word	0x10009448
10000af0:	10000235 	.word	0x10000235

10000af4 <panic>:
10000af4:	b40f      	push	{r0, r1, r2, r3}
10000af6:	b500      	push	{lr}
10000af8:	b083      	sub	sp, #12
10000afa:	9c04      	ldr	r4, [sp, #16]
10000afc:	4807      	ldr	r0, [pc, #28]	@ (10000b1c <panic+0x28>)
10000afe:	f006 ffdb 	bl	10007ab8 <__wrap_puts>
10000b02:	b13c      	cbz	r4, 10000b14 <panic+0x20>
10000b04:	a905      	add	r1, sp, #20
10000b06:	9101      	str	r1, [sp, #4]
10000b08:	4620      	mov	r0, r4
10000b0a:	f006 ffe5 	bl	10007ad8 <__wrap_vprintf>
10000b0e:	4804      	ldr	r0, [pc, #16]	@ (10000b20 <panic+0x2c>)
10000b10:	f006 ffd2 	bl	10007ab8 <__wrap_puts>
10000b14:	2001      	movs	r0, #1
10000b16:	f006 fe85 	bl	10007824 <_exit>
10000b1a:	bf00      	nop
10000b1c:	10009454 	.word	0x10009454
10000b20:	100092b4 	.word	0x100092b4

10000b24 <prvHeapInit>:
10000b24:	4a10      	ldr	r2, [pc, #64]	@ (10000b68 <prvHeapInit+0x44>)
10000b26:	f012 0f07 	tst.w	r2, #7
10000b2a:	d01a      	beq.n	10000b62 <prvHeapInit+0x3e>
10000b2c:	1dd1      	adds	r1, r2, #7
10000b2e:	f021 0107 	bic.w	r1, r1, #7
10000b32:	f5c1 3300 	rsb	r3, r1, #131072	@ 0x20000
10000b36:	4413      	add	r3, r2
10000b38:	460a      	mov	r2, r1
10000b3a:	480c      	ldr	r0, [pc, #48]	@ (10000b6c <prvHeapInit+0x48>)
10000b3c:	6002      	str	r2, [r0, #0]
10000b3e:	2100      	movs	r1, #0
10000b40:	6041      	str	r1, [r0, #4]
10000b42:	4413      	add	r3, r2
10000b44:	3b08      	subs	r3, #8
10000b46:	f023 0307 	bic.w	r3, r3, #7
10000b4a:	4809      	ldr	r0, [pc, #36]	@ (10000b70 <prvHeapInit+0x4c>)
10000b4c:	6003      	str	r3, [r0, #0]
10000b4e:	6059      	str	r1, [r3, #4]
10000b50:	6019      	str	r1, [r3, #0]
10000b52:	1a99      	subs	r1, r3, r2
10000b54:	6051      	str	r1, [r2, #4]
10000b56:	6013      	str	r3, [r2, #0]
10000b58:	4b06      	ldr	r3, [pc, #24]	@ (10000b74 <prvHeapInit+0x50>)
10000b5a:	6019      	str	r1, [r3, #0]
10000b5c:	4b06      	ldr	r3, [pc, #24]	@ (10000b78 <prvHeapInit+0x54>)
10000b5e:	6019      	str	r1, [r3, #0]
10000b60:	4770      	bx	lr
10000b62:	f44f 3300 	mov.w	r3, #131072	@ 0x20000
10000b66:	e7e8      	b.n	10000b3a <prvHeapInit+0x16>
10000b68:	20001280 	.word	0x20001280
10000b6c:	2002136c 	.word	0x2002136c
10000b70:	20000fd4 	.word	0x20000fd4
10000b74:	200212fc 	.word	0x200212fc
10000b78:	200212f0 	.word	0x200212f0

10000b7c <prvInsertBlockIntoFreeList>:
10000b7c:	b510      	push	{r4, lr}
10000b7e:	4b1b      	ldr	r3, [pc, #108]	@ (10000bec <prvInsertBlockIntoFreeList+0x70>)
10000b80:	4619      	mov	r1, r3
10000b82:	681b      	ldr	r3, [r3, #0]
10000b84:	4283      	cmp	r3, r0
10000b86:	d3fb      	bcc.n	10000b80 <prvInsertBlockIntoFreeList+0x4>
10000b88:	4a18      	ldr	r2, [pc, #96]	@ (10000bec <prvInsertBlockIntoFreeList+0x70>)
10000b8a:	4291      	cmp	r1, r2
10000b8c:	d005      	beq.n	10000b9a <prvInsertBlockIntoFreeList+0x1e>
10000b8e:	4a18      	ldr	r2, [pc, #96]	@ (10000bf0 <prvInsertBlockIntoFreeList+0x74>)
10000b90:	4291      	cmp	r1, r2
10000b92:	d311      	bcc.n	10000bb8 <prvInsertBlockIntoFreeList+0x3c>
10000b94:	4a17      	ldr	r2, [pc, #92]	@ (10000bf4 <prvInsertBlockIntoFreeList+0x78>)
10000b96:	4291      	cmp	r1, r2
10000b98:	d80e      	bhi.n	10000bb8 <prvInsertBlockIntoFreeList+0x3c>
10000b9a:	684a      	ldr	r2, [r1, #4]
10000b9c:	eb01 0c02 	add.w	ip, r1, r2
10000ba0:	4584      	cmp	ip, r0
10000ba2:	d010      	beq.n	10000bc6 <prvInsertBlockIntoFreeList+0x4a>
10000ba4:	6842      	ldr	r2, [r0, #4]
10000ba6:	eb00 0c02 	add.w	ip, r0, r2
10000baa:	4563      	cmp	r3, ip
10000bac:	d010      	beq.n	10000bd0 <prvInsertBlockIntoFreeList+0x54>
10000bae:	6003      	str	r3, [r0, #0]
10000bb0:	4288      	cmp	r0, r1
10000bb2:	d000      	beq.n	10000bb6 <prvInsertBlockIntoFreeList+0x3a>
10000bb4:	6008      	str	r0, [r1, #0]
10000bb6:	bd10      	pop	{r4, pc}
10000bb8:	4b0f      	ldr	r3, [pc, #60]	@ (10000bf8 <prvInsertBlockIntoFreeList+0x7c>)
10000bba:	4a10      	ldr	r2, [pc, #64]	@ (10000bfc <prvInsertBlockIntoFreeList+0x80>)
10000bbc:	f44f 7100 	mov.w	r1, #512	@ 0x200
10000bc0:	480f      	ldr	r0, [pc, #60]	@ (10000c00 <prvInsertBlockIntoFreeList+0x84>)
10000bc2:	f006 fe35 	bl	10007830 <__assert_func>
10000bc6:	6840      	ldr	r0, [r0, #4]
10000bc8:	4402      	add	r2, r0
10000bca:	604a      	str	r2, [r1, #4]
10000bcc:	4608      	mov	r0, r1
10000bce:	e7e9      	b.n	10000ba4 <prvInsertBlockIntoFreeList+0x28>
10000bd0:	4c0c      	ldr	r4, [pc, #48]	@ (10000c04 <prvInsertBlockIntoFreeList+0x88>)
10000bd2:	6824      	ldr	r4, [r4, #0]
10000bd4:	42a3      	cmp	r3, r4
10000bd6:	d006      	beq.n	10000be6 <prvInsertBlockIntoFreeList+0x6a>
10000bd8:	685b      	ldr	r3, [r3, #4]
10000bda:	441a      	add	r2, r3
10000bdc:	6042      	str	r2, [r0, #4]
10000bde:	680b      	ldr	r3, [r1, #0]
10000be0:	681b      	ldr	r3, [r3, #0]
10000be2:	6003      	str	r3, [r0, #0]
10000be4:	e7e4      	b.n	10000bb0 <prvInsertBlockIntoFreeList+0x34>
10000be6:	6004      	str	r4, [r0, #0]
10000be8:	e7e2      	b.n	10000bb0 <prvInsertBlockIntoFreeList+0x34>
10000bea:	bf00      	nop
10000bec:	2002136c 	.word	0x2002136c
10000bf0:	20001280 	.word	0x20001280
10000bf4:	2002127f 	.word	0x2002127f
10000bf8:	10009464 	.word	0x10009464
10000bfc:	1000a86c 	.word	0x1000a86c
10000c00:	100094e0 	.word	0x100094e0
10000c04:	20000fd4 	.word	0x20000fd4

10000c08 <pvPortMalloc>:
10000c08:	b570      	push	{r4, r5, r6, lr}
10000c0a:	4604      	mov	r4, r0
10000c0c:	b170      	cbz	r0, 10000c2c <pvPortMalloc+0x24>
10000c0e:	f110 0f09 	cmn.w	r0, #9
10000c12:	d80a      	bhi.n	10000c2a <pvPortMalloc+0x22>
10000c14:	3408      	adds	r4, #8
10000c16:	f014 0307 	ands.w	r3, r4, #7
10000c1a:	d007      	beq.n	10000c2c <pvPortMalloc+0x24>
10000c1c:	f1c3 0208 	rsb	r2, r3, #8
10000c20:	3b09      	subs	r3, #9
10000c22:	42a3      	cmp	r3, r4
10000c24:	d326      	bcc.n	10000c74 <pvPortMalloc+0x6c>
10000c26:	4414      	add	r4, r2
10000c28:	e000      	b.n	10000c2c <pvPortMalloc+0x24>
10000c2a:	2400      	movs	r4, #0
10000c2c:	f001 fd66 	bl	100026fc <vTaskSuspendAll>
10000c30:	4b46      	ldr	r3, [pc, #280]	@ (10000d4c <pvPortMalloc+0x144>)
10000c32:	681b      	ldr	r3, [r3, #0]
10000c34:	b303      	cbz	r3, 10000c78 <pvPortMalloc+0x70>
10000c36:	2c00      	cmp	r4, #0
10000c38:	db79      	blt.n	10000d2e <pvPortMalloc+0x126>
10000c3a:	2c00      	cmp	r4, #0
10000c3c:	d079      	beq.n	10000d32 <pvPortMalloc+0x12a>
10000c3e:	4b44      	ldr	r3, [pc, #272]	@ (10000d50 <pvPortMalloc+0x148>)
10000c40:	6818      	ldr	r0, [r3, #0]
10000c42:	42a0      	cmp	r0, r4
10000c44:	d377      	bcc.n	10000d36 <pvPortMalloc+0x12e>
10000c46:	4b43      	ldr	r3, [pc, #268]	@ (10000d54 <pvPortMalloc+0x14c>)
10000c48:	681a      	ldr	r2, [r3, #0]
10000c4a:	4b43      	ldr	r3, [pc, #268]	@ (10000d58 <pvPortMalloc+0x150>)
10000c4c:	429a      	cmp	r2, r3
10000c4e:	d316      	bcc.n	10000c7e <pvPortMalloc+0x76>
10000c50:	4b42      	ldr	r3, [pc, #264]	@ (10000d5c <pvPortMalloc+0x154>)
10000c52:	429a      	cmp	r2, r3
10000c54:	d813      	bhi.n	10000c7e <pvPortMalloc+0x76>
10000c56:	493f      	ldr	r1, [pc, #252]	@ (10000d54 <pvPortMalloc+0x14c>)
10000c58:	6853      	ldr	r3, [r2, #4]
10000c5a:	42a3      	cmp	r3, r4
10000c5c:	d21b      	bcs.n	10000c96 <pvPortMalloc+0x8e>
10000c5e:	6813      	ldr	r3, [r2, #0]
10000c60:	b1cb      	cbz	r3, 10000c96 <pvPortMalloc+0x8e>
10000c62:	493d      	ldr	r1, [pc, #244]	@ (10000d58 <pvPortMalloc+0x150>)
10000c64:	428b      	cmp	r3, r1
10000c66:	d310      	bcc.n	10000c8a <pvPortMalloc+0x82>
10000c68:	4611      	mov	r1, r2
10000c6a:	4a3c      	ldr	r2, [pc, #240]	@ (10000d5c <pvPortMalloc+0x154>)
10000c6c:	4293      	cmp	r3, r2
10000c6e:	d80c      	bhi.n	10000c8a <pvPortMalloc+0x82>
10000c70:	461a      	mov	r2, r3
10000c72:	e7f1      	b.n	10000c58 <pvPortMalloc+0x50>
10000c74:	2400      	movs	r4, #0
10000c76:	e7d9      	b.n	10000c2c <pvPortMalloc+0x24>
10000c78:	f7ff ff54 	bl	10000b24 <prvHeapInit>
10000c7c:	e7db      	b.n	10000c36 <pvPortMalloc+0x2e>
10000c7e:	4b38      	ldr	r3, [pc, #224]	@ (10000d60 <pvPortMalloc+0x158>)
10000c80:	4a38      	ldr	r2, [pc, #224]	@ (10000d64 <pvPortMalloc+0x15c>)
10000c82:	21f6      	movs	r1, #246	@ 0xf6
10000c84:	4838      	ldr	r0, [pc, #224]	@ (10000d68 <pvPortMalloc+0x160>)
10000c86:	f006 fdd3 	bl	10007830 <__assert_func>
10000c8a:	4b35      	ldr	r3, [pc, #212]	@ (10000d60 <pvPortMalloc+0x158>)
10000c8c:	4a35      	ldr	r2, [pc, #212]	@ (10000d64 <pvPortMalloc+0x15c>)
10000c8e:	21fc      	movs	r1, #252	@ 0xfc
10000c90:	4835      	ldr	r0, [pc, #212]	@ (10000d68 <pvPortMalloc+0x160>)
10000c92:	f006 fdcd 	bl	10007830 <__assert_func>
10000c96:	4b2d      	ldr	r3, [pc, #180]	@ (10000d4c <pvPortMalloc+0x144>)
10000c98:	681b      	ldr	r3, [r3, #0]
10000c9a:	4293      	cmp	r3, r2
10000c9c:	d04d      	beq.n	10000d3a <pvPortMalloc+0x132>
10000c9e:	680d      	ldr	r5, [r1, #0]
10000ca0:	3508      	adds	r5, #8
10000ca2:	4b2d      	ldr	r3, [pc, #180]	@ (10000d58 <pvPortMalloc+0x150>)
10000ca4:	429d      	cmp	r5, r3
10000ca6:	d32d      	bcc.n	10000d04 <pvPortMalloc+0xfc>
10000ca8:	4b2c      	ldr	r3, [pc, #176]	@ (10000d5c <pvPortMalloc+0x154>)
10000caa:	429d      	cmp	r5, r3
10000cac:	d82a      	bhi.n	10000d04 <pvPortMalloc+0xfc>
10000cae:	6813      	ldr	r3, [r2, #0]
10000cb0:	600b      	str	r3, [r1, #0]
10000cb2:	6853      	ldr	r3, [r2, #4]
10000cb4:	42a3      	cmp	r3, r4
10000cb6:	d32c      	bcc.n	10000d12 <pvPortMalloc+0x10a>
10000cb8:	1b1b      	subs	r3, r3, r4
10000cba:	2b10      	cmp	r3, #16
10000cbc:	d908      	bls.n	10000cd0 <pvPortMalloc+0xc8>
10000cbe:	1916      	adds	r6, r2, r4
10000cc0:	f016 0f07 	tst.w	r6, #7
10000cc4:	d12c      	bne.n	10000d20 <pvPortMalloc+0x118>
10000cc6:	6073      	str	r3, [r6, #4]
10000cc8:	6054      	str	r4, [r2, #4]
10000cca:	680b      	ldr	r3, [r1, #0]
10000ccc:	5113      	str	r3, [r2, r4]
10000cce:	600e      	str	r6, [r1, #0]
10000cd0:	6853      	ldr	r3, [r2, #4]
10000cd2:	1ac0      	subs	r0, r0, r3
10000cd4:	491e      	ldr	r1, [pc, #120]	@ (10000d50 <pvPortMalloc+0x148>)
10000cd6:	6008      	str	r0, [r1, #0]
10000cd8:	4924      	ldr	r1, [pc, #144]	@ (10000d6c <pvPortMalloc+0x164>)
10000cda:	6809      	ldr	r1, [r1, #0]
10000cdc:	4288      	cmp	r0, r1
10000cde:	d201      	bcs.n	10000ce4 <pvPortMalloc+0xdc>
10000ce0:	4922      	ldr	r1, [pc, #136]	@ (10000d6c <pvPortMalloc+0x164>)
10000ce2:	6008      	str	r0, [r1, #0]
10000ce4:	f043 4300 	orr.w	r3, r3, #2147483648	@ 0x80000000
10000ce8:	6053      	str	r3, [r2, #4]
10000cea:	2300      	movs	r3, #0
10000cec:	6013      	str	r3, [r2, #0]
10000cee:	4a20      	ldr	r2, [pc, #128]	@ (10000d70 <pvPortMalloc+0x168>)
10000cf0:	6813      	ldr	r3, [r2, #0]
10000cf2:	3301      	adds	r3, #1
10000cf4:	6013      	str	r3, [r2, #0]
10000cf6:	f001 fdd5 	bl	100028a4 <xTaskResumeAll>
10000cfa:	f015 0f07 	tst.w	r5, #7
10000cfe:	d11e      	bne.n	10000d3e <pvPortMalloc+0x136>
10000d00:	4628      	mov	r0, r5
10000d02:	bd70      	pop	{r4, r5, r6, pc}
10000d04:	4b1b      	ldr	r3, [pc, #108]	@ (10000d74 <pvPortMalloc+0x16c>)
10000d06:	4a17      	ldr	r2, [pc, #92]	@ (10000d64 <pvPortMalloc+0x15c>)
10000d08:	f44f 7183 	mov.w	r1, #262	@ 0x106
10000d0c:	4816      	ldr	r0, [pc, #88]	@ (10000d68 <pvPortMalloc+0x160>)
10000d0e:	f006 fd8f 	bl	10007830 <__assert_func>
10000d12:	4b19      	ldr	r3, [pc, #100]	@ (10000d78 <pvPortMalloc+0x170>)
10000d14:	4a13      	ldr	r2, [pc, #76]	@ (10000d64 <pvPortMalloc+0x15c>)
10000d16:	f44f 7187 	mov.w	r1, #270	@ 0x10e
10000d1a:	4813      	ldr	r0, [pc, #76]	@ (10000d68 <pvPortMalloc+0x160>)
10000d1c:	f006 fd88 	bl	10007830 <__assert_func>
10000d20:	4b16      	ldr	r3, [pc, #88]	@ (10000d7c <pvPortMalloc+0x174>)
10000d22:	4a10      	ldr	r2, [pc, #64]	@ (10000d64 <pvPortMalloc+0x15c>)
10000d24:	f240 1117 	movw	r1, #279	@ 0x117
10000d28:	480f      	ldr	r0, [pc, #60]	@ (10000d68 <pvPortMalloc+0x160>)
10000d2a:	f006 fd81 	bl	10007830 <__assert_func>
10000d2e:	2500      	movs	r5, #0
10000d30:	e7e1      	b.n	10000cf6 <pvPortMalloc+0xee>
10000d32:	2500      	movs	r5, #0
10000d34:	e7df      	b.n	10000cf6 <pvPortMalloc+0xee>
10000d36:	2500      	movs	r5, #0
10000d38:	e7dd      	b.n	10000cf6 <pvPortMalloc+0xee>
10000d3a:	2500      	movs	r5, #0
10000d3c:	e7db      	b.n	10000cf6 <pvPortMalloc+0xee>
10000d3e:	4b10      	ldr	r3, [pc, #64]	@ (10000d80 <pvPortMalloc+0x178>)
10000d40:	4a08      	ldr	r2, [pc, #32]	@ (10000d64 <pvPortMalloc+0x15c>)
10000d42:	f240 115d 	movw	r1, #349	@ 0x15d
10000d46:	4808      	ldr	r0, [pc, #32]	@ (10000d68 <pvPortMalloc+0x160>)
10000d48:	f006 fd72 	bl	10007830 <__assert_func>
10000d4c:	20000fd4 	.word	0x20000fd4
10000d50:	200212f0 	.word	0x200212f0
10000d54:	2002136c 	.word	0x2002136c
10000d58:	20001280 	.word	0x20001280
10000d5c:	2002127f 	.word	0x2002127f
10000d60:	10009550 	.word	0x10009550
10000d64:	1000a894 	.word	0x1000a894
10000d68:	100094e0 	.word	0x100094e0
10000d6c:	200212fc 	.word	0x200212fc
10000d70:	20021308 	.word	0x20021308
10000d74:	100095c4 	.word	0x100095c4
10000d78:	1000963c 	.word	0x1000963c
10000d7c:	10009670 	.word	0x10009670
10000d80:	100096a4 	.word	0x100096a4

10000d84 <vPortFree>:
10000d84:	2800      	cmp	r0, #0
10000d86:	d03b      	beq.n	10000e00 <vPortFree+0x7c>
10000d88:	b538      	push	{r3, r4, r5, lr}
10000d8a:	4604      	mov	r4, r0
10000d8c:	f1a0 0508 	sub.w	r5, r0, #8
10000d90:	4b1c      	ldr	r3, [pc, #112]	@ (10000e04 <vPortFree+0x80>)
10000d92:	429d      	cmp	r5, r3
10000d94:	d31f      	bcc.n	10000dd6 <vPortFree+0x52>
10000d96:	4b1c      	ldr	r3, [pc, #112]	@ (10000e08 <vPortFree+0x84>)
10000d98:	429d      	cmp	r5, r3
10000d9a:	d81c      	bhi.n	10000dd6 <vPortFree+0x52>
10000d9c:	f850 3c04 	ldr.w	r3, [r0, #-4]
10000da0:	2b00      	cmp	r3, #0
10000da2:	da1f      	bge.n	10000de4 <vPortFree+0x60>
10000da4:	f850 2c08 	ldr.w	r2, [r0, #-8]
10000da8:	bb1a      	cbnz	r2, 10000df2 <vPortFree+0x6e>
10000daa:	f023 4300 	bic.w	r3, r3, #2147483648	@ 0x80000000
10000dae:	f840 3c04 	str.w	r3, [r0, #-4]
10000db2:	f001 fca3 	bl	100026fc <vTaskSuspendAll>
10000db6:	f854 1c04 	ldr.w	r1, [r4, #-4]
10000dba:	4a14      	ldr	r2, [pc, #80]	@ (10000e0c <vPortFree+0x88>)
10000dbc:	6813      	ldr	r3, [r2, #0]
10000dbe:	440b      	add	r3, r1
10000dc0:	6013      	str	r3, [r2, #0]
10000dc2:	4628      	mov	r0, r5
10000dc4:	f7ff feda 	bl	10000b7c <prvInsertBlockIntoFreeList>
10000dc8:	4a11      	ldr	r2, [pc, #68]	@ (10000e10 <vPortFree+0x8c>)
10000dca:	6813      	ldr	r3, [r2, #0]
10000dcc:	3301      	adds	r3, #1
10000dce:	6013      	str	r3, [r2, #0]
10000dd0:	f001 fd68 	bl	100028a4 <xTaskResumeAll>
10000dd4:	bd38      	pop	{r3, r4, r5, pc}
10000dd6:	4b0f      	ldr	r3, [pc, #60]	@ (10000e14 <vPortFree+0x90>)
10000dd8:	4a0f      	ldr	r2, [pc, #60]	@ (10000e18 <vPortFree+0x94>)
10000dda:	f44f 71b8 	mov.w	r1, #368	@ 0x170
10000dde:	480f      	ldr	r0, [pc, #60]	@ (10000e1c <vPortFree+0x98>)
10000de0:	f006 fd26 	bl	10007830 <__assert_func>
10000de4:	4b0e      	ldr	r3, [pc, #56]	@ (10000e20 <vPortFree+0x9c>)
10000de6:	4a0c      	ldr	r2, [pc, #48]	@ (10000e18 <vPortFree+0x94>)
10000de8:	f240 1171 	movw	r1, #369	@ 0x171
10000dec:	480b      	ldr	r0, [pc, #44]	@ (10000e1c <vPortFree+0x98>)
10000dee:	f006 fd1f 	bl	10007830 <__assert_func>
10000df2:	4b0c      	ldr	r3, [pc, #48]	@ (10000e24 <vPortFree+0xa0>)
10000df4:	4a08      	ldr	r2, [pc, #32]	@ (10000e18 <vPortFree+0x94>)
10000df6:	f44f 71b9 	mov.w	r1, #370	@ 0x172
10000dfa:	4808      	ldr	r0, [pc, #32]	@ (10000e1c <vPortFree+0x98>)
10000dfc:	f006 fd18 	bl	10007830 <__assert_func>
10000e00:	4770      	bx	lr
10000e02:	bf00      	nop
10000e04:	20001280 	.word	0x20001280
10000e08:	2002127f 	.word	0x2002127f
10000e0c:	200212f0 	.word	0x200212f0
10000e10:	2002130c 	.word	0x2002130c
10000e14:	100096e0 	.word	0x100096e0
10000e18:	1000a888 	.word	0x1000a888
10000e1c:	100094e0 	.word	0x100094e0
10000e20:	10009754 	.word	0x10009754
10000e24:	100097c8 	.word	0x100097c8

10000e28 <prvSetupFPU>:
10000e28:	f04f 23e0 	mov.w	r3, #3758153728	@ 0xe000e000
10000e2c:	f8d3 2d88 	ldr.w	r2, [r3, #3464]	@ 0xd88
10000e30:	f442 0270 	orr.w	r2, r2, #15728640	@ 0xf00000
10000e34:	f8c3 2d88 	str.w	r2, [r3, #3464]	@ 0xd88
10000e38:	f8d3 2f34 	ldr.w	r2, [r3, #3892]	@ 0xf34
10000e3c:	f042 4240 	orr.w	r2, r2, #3221225472	@ 0xc0000000
10000e40:	f8c3 2f34 	str.w	r2, [r3, #3892]	@ 0xf34
10000e44:	4770      	bx	lr
	...

10000e48 <prvTaskExitError>:
10000e48:	b500      	push	{lr}
10000e4a:	b083      	sub	sp, #12
10000e4c:	2300      	movs	r3, #0
10000e4e:	9301      	str	r3, [sp, #4]
10000e50:	4b09      	ldr	r3, [pc, #36]	@ (10000e78 <prvTaskExitError+0x30>)
10000e52:	681b      	ldr	r3, [r3, #0]
10000e54:	f1b3 3fff 	cmp.w	r3, #4294967295
10000e58:	d107      	bne.n	10000e6a <prvTaskExitError+0x22>
10000e5a:	f000 fb55 	bl	10001508 <ulSetInterruptMask>
10000e5e:	9b01      	ldr	r3, [sp, #4]
10000e60:	2b00      	cmp	r3, #0
10000e62:	d0fc      	beq.n	10000e5e <prvTaskExitError+0x16>
10000e64:	b003      	add	sp, #12
10000e66:	f85d fb04 	ldr.w	pc, [sp], #4
10000e6a:	4b04      	ldr	r3, [pc, #16]	@ (10000e7c <prvTaskExitError+0x34>)
10000e6c:	4a04      	ldr	r2, [pc, #16]	@ (10000e80 <prvTaskExitError+0x38>)
10000e6e:	f240 3166 	movw	r1, #870	@ 0x366
10000e72:	4804      	ldr	r0, [pc, #16]	@ (10000e84 <prvTaskExitError+0x3c>)
10000e74:	f006 fcdc 	bl	10007830 <__assert_func>
10000e78:	20000a7c 	.word	0x20000a7c
10000e7c:	100097f0 	.word	0x100097f0
10000e80:	1000a910 	.word	0x1000a910
10000e84:	1000980c 	.word	0x1000980c

10000e88 <SysTick_Handler>:
10000e88:	b510      	push	{r4, lr}
10000e8a:	f000 fb3d 	bl	10001508 <ulSetInterruptMask>
10000e8e:	4604      	mov	r4, r0
10000e90:	f001 fc48 	bl	10002724 <xTaskIncrementTick>
10000e94:	b128      	cbz	r0, 10000ea2 <SysTick_Handler+0x1a>
10000e96:	f04f 23e0 	mov.w	r3, #3758153728	@ 0xe000e000
10000e9a:	f04f 5280 	mov.w	r2, #268435456	@ 0x10000000
10000e9e:	f8c3 2d04 	str.w	r2, [r3, #3332]	@ 0xd04
10000ea2:	4620      	mov	r0, r4
10000ea4:	f000 fb3b 	bl	1000151e <vClearInterruptMask>
10000ea8:	bd10      	pop	{r4, pc}
	...

10000eac <prvDoorbellInterruptHandler>:
10000eac:	4b20      	ldr	r3, [pc, #128]	@ (10000f30 <prvDoorbellInterruptHandler+0x84>)
10000eae:	f993 3000 	ldrsb.w	r3, [r3]
10000eb2:	2b00      	cmp	r3, #0
10000eb4:	db08      	blt.n	10000ec8 <prvDoorbellInterruptHandler+0x1c>
10000eb6:	f04f 4250 	mov.w	r2, #3489660928	@ 0xd0000000
10000eba:	f8d2 1188 	ldr.w	r1, [r2, #392]	@ 0x188
10000ebe:	2201      	movs	r2, #1
10000ec0:	fa02 f303 	lsl.w	r3, r2, r3
10000ec4:	4219      	tst	r1, r3
10000ec6:	d100      	bne.n	10000eca <prvDoorbellInterruptHandler+0x1e>
10000ec8:	4770      	bx	lr
10000eca:	b500      	push	{lr}
10000ecc:	b083      	sub	sp, #12
10000ece:	f04f 4250 	mov.w	r2, #3489660928	@ 0xd0000000
10000ed2:	f8c2 318c 	str.w	r3, [r2, #396]	@ 0x18c
10000ed6:	2300      	movs	r3, #0
10000ed8:	9301      	str	r3, [sp, #4]
10000eda:	4a16      	ldr	r2, [pc, #88]	@ (10000f34 <prvDoorbellInterruptHandler+0x88>)
10000edc:	6811      	ldr	r1, [r2, #0]
10000ede:	f3ef 8c10 	mrs	ip, PRIMASK
10000ee2:	b672      	cpsid	i
10000ee4:	e8d1 efcf 	ldaexb	lr, [r1]
10000ee8:	2001      	movs	r0, #1
10000eea:	f1be 0f00 	cmp.w	lr, #0
10000eee:	d1f9      	bne.n	10000ee4 <prvDoorbellInterruptHandler+0x38>
10000ef0:	e8c1 0f4e 	strexb	lr, r0, [r1]
10000ef4:	f1be 0f00 	cmp.w	lr, #0
10000ef8:	d1f4      	bne.n	10000ee4 <prvDoorbellInterruptHandler+0x38>
10000efa:	f3bf 8f5f 	dmb	sy
10000efe:	480e      	ldr	r0, [pc, #56]	@ (10000f38 <prvDoorbellInterruptHandler+0x8c>)
10000f00:	6801      	ldr	r1, [r0, #0]
10000f02:	6003      	str	r3, [r0, #0]
10000f04:	6812      	ldr	r2, [r2, #0]
10000f06:	e8c2 3f8f 	stlb	r3, [r2]
10000f0a:	f38c 8810 	msr	PRIMASK, ip
10000f0e:	aa01      	add	r2, sp, #4
10000f10:	4b0a      	ldr	r3, [pc, #40]	@ (10000f3c <prvDoorbellInterruptHandler+0x90>)
10000f12:	6818      	ldr	r0, [r3, #0]
10000f14:	f000 fc4a 	bl	100017ac <xEventGroupSetBitsFromISR>
10000f18:	9b01      	ldr	r3, [sp, #4]
10000f1a:	b12b      	cbz	r3, 10000f28 <prvDoorbellInterruptHandler+0x7c>
10000f1c:	f04f 23e0 	mov.w	r3, #3758153728	@ 0xe000e000
10000f20:	f04f 5280 	mov.w	r2, #268435456	@ 0x10000000
10000f24:	f8c3 2d04 	str.w	r2, [r3, #3332]	@ 0xd04
10000f28:	b003      	add	sp, #12
10000f2a:	f85d fb04 	ldr.w	pc, [sp], #4
10000f2e:	bf00      	nop
10000f30:	20000a78 	.word	0x20000a78
10000f34:	20000fc4 	.word	0x20000fc4
10000f38:	20021284 	.word	0x20021284
10000f3c:	200212ec 	.word	0x200212ec

10000f40 <prvGetTicksToWaitBefore>:
10000f40:	b538      	push	{r3, r4, r5, lr}
10000f42:	4604      	mov	r4, r0
10000f44:	460d      	mov	r5, r1
10000f46:	f003 fc6f 	bl	10004828 <time_us_64>
10000f4a:	1a20      	subs	r0, r4, r0
10000f4c:	eb65 0101 	sbc.w	r1, r5, r1
10000f50:	f240 33e7 	movw	r3, #999	@ 0x3e7
10000f54:	18c0      	adds	r0, r0, r3
10000f56:	f141 0100 	adc.w	r1, r1, #0
10000f5a:	f5b0 7f7a 	cmp.w	r0, #1000	@ 0x3e8
10000f5e:	f171 0300 	sbcs.w	r3, r1, #0
10000f62:	da01      	bge.n	10000f68 <prvGetTicksToWaitBefore+0x28>
10000f64:	2000      	movs	r0, #0
10000f66:	bd38      	pop	{r3, r4, r5, pc}
10000f68:	f44f 727a 	mov.w	r2, #1000	@ 0x3e8
10000f6c:	2300      	movs	r3, #0
10000f6e:	f008 f823 	bl	10008fb8 <____aeabi_ldivmod_veneer>
10000f72:	e7f8      	b.n	10000f66 <prvGetTicksToWaitBefore+0x26>

10000f74 <vPortSetupTimerInterrupt>:
10000f74:	b510      	push	{r4, lr}
10000f76:	f04f 24e0 	mov.w	r4, #3758153728	@ 0xe000e000
10000f7a:	2304      	movs	r3, #4
10000f7c:	6123      	str	r3, [r4, #16]
10000f7e:	2300      	movs	r3, #0
10000f80:	61a3      	str	r3, [r4, #24]
10000f82:	2005      	movs	r0, #5
10000f84:	f002 fb7a 	bl	1000367c <clock_get_hz>
10000f88:	4b04      	ldr	r3, [pc, #16]	@ (10000f9c <vPortSetupTimerInterrupt+0x28>)
10000f8a:	fba3 2300 	umull	r2, r3, r3, r0
10000f8e:	099b      	lsrs	r3, r3, #6
10000f90:	3b01      	subs	r3, #1
10000f92:	6163      	str	r3, [r4, #20]
10000f94:	2307      	movs	r3, #7
10000f96:	6123      	str	r3, [r4, #16]
10000f98:	bd10      	pop	{r4, pc}
10000f9a:	bf00      	nop
10000f9c:	10624dd3 	.word	0x10624dd3

10000fa0 <vPortYield>:
10000fa0:	f04f 23e0 	mov.w	r3, #3758153728	@ 0xe000e000
10000fa4:	f04f 5280 	mov.w	r2, #268435456	@ 0x10000000
10000fa8:	f8c3 2d04 	str.w	r2, [r3, #3332]	@ 0xd04
10000fac:	f3bf 8f4f 	dsb	sy
10000fb0:	f3bf 8f6f 	isb	sy
10000fb4:	4770      	bx	lr
	...

10000fb8 <vPortEnterCritical>:
10000fb8:	b508      	push	{r3, lr}
10000fba:	f000 faa5 	bl	10001508 <ulSetInterruptMask>
10000fbe:	4a04      	ldr	r2, [pc, #16]	@ (10000fd0 <vPortEnterCritical+0x18>)
10000fc0:	6813      	ldr	r3, [r2, #0]
10000fc2:	3301      	adds	r3, #1
10000fc4:	6013      	str	r3, [r2, #0]
10000fc6:	f3bf 8f4f 	dsb	sy
10000fca:	f3bf 8f6f 	isb	sy
10000fce:	bd08      	pop	{r3, pc}
10000fd0:	20000a7c 	.word	0x20000a7c

10000fd4 <vPortExitCritical>:
10000fd4:	b508      	push	{r3, lr}
10000fd6:	4b0a      	ldr	r3, [pc, #40]	@ (10001000 <vPortExitCritical+0x2c>)
10000fd8:	681b      	ldr	r3, [r3, #0]
10000fda:	b133      	cbz	r3, 10000fea <vPortExitCritical+0x16>
10000fdc:	4b08      	ldr	r3, [pc, #32]	@ (10001000 <vPortExitCritical+0x2c>)
10000fde:	681a      	ldr	r2, [r3, #0]
10000fe0:	3a01      	subs	r2, #1
10000fe2:	601a      	str	r2, [r3, #0]
10000fe4:	681b      	ldr	r3, [r3, #0]
10000fe6:	b13b      	cbz	r3, 10000ff8 <vPortExitCritical+0x24>
10000fe8:	bd08      	pop	{r3, pc}
10000fea:	4b06      	ldr	r3, [pc, #24]	@ (10001004 <vPortExitCritical+0x30>)
10000fec:	4a06      	ldr	r2, [pc, #24]	@ (10001008 <vPortExitCritical+0x34>)
10000fee:	f240 4124 	movw	r1, #1060	@ 0x424
10000ff2:	4806      	ldr	r0, [pc, #24]	@ (1000100c <vPortExitCritical+0x38>)
10000ff4:	f006 fc1c 	bl	10007830 <__assert_func>
10000ff8:	2000      	movs	r0, #0
10000ffa:	f000 fa90 	bl	1000151e <vClearInterruptMask>
10000ffe:	e7f3      	b.n	10000fe8 <vPortExitCritical+0x14>
10001000:	20000a7c 	.word	0x20000a7c
10001004:	1000989c 	.word	0x1000989c
10001008:	1000a938 	.word	0x1000a938
1000100c:	1000980c 	.word	0x1000980c

10001010 <vPortSVCHandler_C>:
10001010:	b508      	push	{r3, lr}
10001012:	6983      	ldr	r3, [r0, #24]
10001014:	f813 3c02 	ldrb.w	r3, [r3, #-2]
10001018:	2b66      	cmp	r3, #102	@ 0x66
1000101a:	d104      	bne.n	10001026 <vPortSVCHandler_C+0x16>
1000101c:	f7ff ff04 	bl	10000e28 <prvSetupFPU>
10001020:	f000 fa54 	bl	100014cc <vRestoreContextOfFirstTask>
10001024:	bd08      	pop	{r3, pc}
10001026:	4b03      	ldr	r3, [pc, #12]	@ (10001034 <vPortSVCHandler_C+0x24>)
10001028:	4a03      	ldr	r2, [pc, #12]	@ (10001038 <vPortSVCHandler_C+0x28>)
1000102a:	f240 41ca 	movw	r1, #1226	@ 0x4ca
1000102e:	4803      	ldr	r0, [pc, #12]	@ (1000103c <vPortSVCHandler_C+0x2c>)
10001030:	f006 fbfe 	bl	10007830 <__assert_func>
10001034:	100098b0 	.word	0x100098b0
10001038:	1000a924 	.word	0x1000a924
1000103c:	1000980c 	.word	0x1000980c

10001040 <pxPortInitialiseStack>:
10001040:	b410      	push	{r4}
10001042:	f04f 7480 	mov.w	r4, #16777216	@ 0x1000000
10001046:	f840 4c04 	str.w	r4, [r0, #-4]
1000104a:	f840 2c08 	str.w	r2, [r0, #-8]
1000104e:	4a1f      	ldr	r2, [pc, #124]	@ (100010cc <pxPortInitialiseStack+0x8c>)
10001050:	f840 2c0c 	str.w	r2, [r0, #-12]
10001054:	f04f 3212 	mov.w	r2, #303174162	@ 0x12121212
10001058:	f840 2c10 	str.w	r2, [r0, #-16]
1000105c:	f04f 3203 	mov.w	r2, #50529027	@ 0x3030303
10001060:	f840 2c14 	str.w	r2, [r0, #-20]
10001064:	f04f 3202 	mov.w	r2, #33686018	@ 0x2020202
10001068:	f840 2c18 	str.w	r2, [r0, #-24]
1000106c:	f04f 3201 	mov.w	r2, #16843009	@ 0x1010101
10001070:	f840 2c1c 	str.w	r2, [r0, #-28]
10001074:	f840 3c20 	str.w	r3, [r0, #-32]
10001078:	f04f 3311 	mov.w	r3, #286331153	@ 0x11111111
1000107c:	f840 3c24 	str.w	r3, [r0, #-36]
10001080:	f04f 3310 	mov.w	r3, #269488144	@ 0x10101010
10001084:	f840 3c28 	str.w	r3, [r0, #-40]
10001088:	f04f 3309 	mov.w	r3, #151587081	@ 0x9090909
1000108c:	f840 3c2c 	str.w	r3, [r0, #-44]
10001090:	f04f 3308 	mov.w	r3, #134744072	@ 0x8080808
10001094:	f840 3c30 	str.w	r3, [r0, #-48]
10001098:	f04f 3307 	mov.w	r3, #117901063	@ 0x7070707
1000109c:	f840 3c34 	str.w	r3, [r0, #-52]
100010a0:	f04f 3306 	mov.w	r3, #101058054	@ 0x6060606
100010a4:	f840 3c38 	str.w	r3, [r0, #-56]
100010a8:	f04f 3305 	mov.w	r3, #84215045	@ 0x5050505
100010ac:	f840 3c3c 	str.w	r3, [r0, #-60]
100010b0:	f04f 3304 	mov.w	r3, #67372036	@ 0x4040404
100010b4:	f840 3c40 	str.w	r3, [r0, #-64]
100010b8:	f06f 0302 	mvn.w	r3, #2
100010bc:	f840 3c44 	str.w	r3, [r0, #-68]
100010c0:	f840 1c48 	str.w	r1, [r0, #-72]
100010c4:	3848      	subs	r0, #72	@ 0x48
100010c6:	f85d 4b04 	ldr.w	r4, [sp], #4
100010ca:	4770      	bx	lr
100010cc:	10000e49 	.word	0x10000e49

100010d0 <xPortStartScheduler>:
100010d0:	b570      	push	{r4, r5, r6, lr}
100010d2:	b082      	sub	sp, #8
100010d4:	2300      	movs	r3, #0
100010d6:	9301      	str	r3, [sp, #4]
100010d8:	f04f 23e0 	mov.w	r3, #3758153728	@ 0xe000e000
100010dc:	f04f 427f 	mov.w	r2, #4278190080	@ 0xff000000
100010e0:	f8c3 2d1c 	str.w	r2, [r3, #3356]	@ 0xd1c
100010e4:	f8d3 3d1c 	ldr.w	r3, [r3, #3356]	@ 0xd1c
100010e8:	0e1b      	lsrs	r3, r3, #24
100010ea:	f88d 3003 	strb.w	r3, [sp, #3]
100010ee:	f89d 3003 	ldrb.w	r3, [sp, #3]
100010f2:	f003 0310 	and.w	r3, r3, #16
100010f6:	4a40      	ldr	r2, [pc, #256]	@ (100011f8 <xPortStartScheduler+0x128>)
100010f8:	7013      	strb	r3, [r2, #0]
100010fa:	b15b      	cbz	r3, 10001114 <xPortStartScheduler+0x44>
100010fc:	f89d 3003 	ldrb.w	r3, [sp, #3]
10001100:	f013 0f10 	tst.w	r3, #16
10001104:	d116      	bne.n	10001134 <xPortStartScheduler+0x64>
10001106:	4b3d      	ldr	r3, [pc, #244]	@ (100011fc <xPortStartScheduler+0x12c>)
10001108:	4a3d      	ldr	r2, [pc, #244]	@ (10001200 <xPortStartScheduler+0x130>)
1000110a:	f240 71bd 	movw	r1, #1981	@ 0x7bd
1000110e:	483d      	ldr	r0, [pc, #244]	@ (10001204 <xPortStartScheduler+0x134>)
10001110:	f006 fb8e 	bl	10007830 <__assert_func>
10001114:	4b3c      	ldr	r3, [pc, #240]	@ (10001208 <xPortStartScheduler+0x138>)
10001116:	4a3a      	ldr	r2, [pc, #232]	@ (10001200 <xPortStartScheduler+0x130>)
10001118:	f240 71b9 	movw	r1, #1977	@ 0x7b9
1000111c:	4839      	ldr	r0, [pc, #228]	@ (10001204 <xPortStartScheduler+0x134>)
1000111e:	f006 fb87 	bl	10007830 <__assert_func>
10001122:	9b01      	ldr	r3, [sp, #4]
10001124:	3301      	adds	r3, #1
10001126:	9301      	str	r3, [sp, #4]
10001128:	f89d 3003 	ldrb.w	r3, [sp, #3]
1000112c:	005b      	lsls	r3, r3, #1
1000112e:	b2db      	uxtb	r3, r3
10001130:	f88d 3003 	strb.w	r3, [sp, #3]
10001134:	f89d 3003 	ldrb.w	r3, [sp, #3]
10001138:	f013 0f80 	tst.w	r3, #128	@ 0x80
1000113c:	d1f1      	bne.n	10001122 <xPortStartScheduler+0x52>
1000113e:	9b01      	ldr	r3, [sp, #4]
10001140:	2b08      	cmp	r3, #8
10001142:	d054      	beq.n	100011ee <xPortStartScheduler+0x11e>
10001144:	9b01      	ldr	r3, [sp, #4]
10001146:	f1c3 0307 	rsb	r3, r3, #7
1000114a:	4a30      	ldr	r2, [pc, #192]	@ (1000120c <xPortStartScheduler+0x13c>)
1000114c:	6013      	str	r3, [r2, #0]
1000114e:	4a2f      	ldr	r2, [pc, #188]	@ (1000120c <xPortStartScheduler+0x13c>)
10001150:	6813      	ldr	r3, [r2, #0]
10001152:	021b      	lsls	r3, r3, #8
10001154:	6013      	str	r3, [r2, #0]
10001156:	f403 63e0 	and.w	r3, r3, #1792	@ 0x700
1000115a:	6013      	str	r3, [r2, #0]
1000115c:	f04f 23e0 	mov.w	r3, #3758153728	@ 0xe000e000
10001160:	f8d3 2d20 	ldr.w	r2, [r3, #3360]	@ 0xd20
10001164:	f442 027f 	orr.w	r2, r2, #16711680	@ 0xff0000
10001168:	f8c3 2d20 	str.w	r2, [r3, #3360]	@ 0xd20
1000116c:	f8d3 2d20 	ldr.w	r2, [r3, #3360]	@ 0xd20
10001170:	f042 427f 	orr.w	r2, r2, #4278190080	@ 0xff000000
10001174:	f8c3 2d20 	str.w	r2, [r3, #3360]	@ 0xd20
10001178:	2400      	movs	r4, #0
1000117a:	f8c3 4d1c 	str.w	r4, [r3, #3356]	@ 0xd1c
1000117e:	4924      	ldr	r1, [pc, #144]	@ (10001210 <xPortStartScheduler+0x140>)
10001180:	200e      	movs	r0, #14
10001182:	f003 fc5b 	bl	10004a3c <exception_set_exclusive_handler>
10001186:	4923      	ldr	r1, [pc, #140]	@ (10001214 <xPortStartScheduler+0x144>)
10001188:	200f      	movs	r0, #15
1000118a:	f003 fc57 	bl	10004a3c <exception_set_exclusive_handler>
1000118e:	4922      	ldr	r1, [pc, #136]	@ (10001218 <xPortStartScheduler+0x148>)
10001190:	200b      	movs	r0, #11
10001192:	f003 fc53 	bl	10004a3c <exception_set_exclusive_handler>
10001196:	f7ff feed 	bl	10000f74 <vPortSetupTimerInterrupt>
1000119a:	4b20      	ldr	r3, [pc, #128]	@ (1000121c <xPortStartScheduler+0x14c>)
1000119c:	601c      	str	r4, [r3, #0]
1000119e:	f04f 4550 	mov.w	r5, #3489660928	@ 0xd0000000
100011a2:	682a      	ldr	r2, [r5, #0]
100011a4:	4b1e      	ldr	r3, [pc, #120]	@ (10001220 <xPortStartScheduler+0x150>)
100011a6:	701a      	strb	r2, [r3, #0]
100011a8:	2101      	movs	r1, #1
100011aa:	2003      	movs	r0, #3
100011ac:	f003 fca8 	bl	10004b00 <multicore_doorbell_claim_unused>
100011b0:	b240      	sxtb	r0, r0
100011b2:	4b1c      	ldr	r3, [pc, #112]	@ (10001224 <xPortStartScheduler+0x154>)
100011b4:	7018      	strb	r0, [r3, #0]
100011b6:	2601      	movs	r6, #1
100011b8:	fa06 f000 	lsl.w	r0, r6, r0
100011bc:	f8c5 018c 	str.w	r0, [r5, #396]	@ 0x18c
100011c0:	f8c5 0184 	str.w	r0, [r5, #388]	@ 0x184
100011c4:	21ff      	movs	r1, #255	@ 0xff
100011c6:	201a      	movs	r0, #26
100011c8:	f002 fe82 	bl	10003ed0 <irq_set_priority>
100011cc:	4916      	ldr	r1, [pc, #88]	@ (10001228 <xPortStartScheduler+0x158>)
100011ce:	201a      	movs	r0, #26
100011d0:	f002 fc78 	bl	10003ac4 <irq_set_exclusive_handler>
100011d4:	4631      	mov	r1, r6
100011d6:	201a      	movs	r0, #26
100011d8:	f002 fc52 	bl	10003a80 <irq_set_enabled>
100011dc:	f000 f98c 	bl	100014f8 <vStartFirstTask>
100011e0:	f001 fc80 	bl	10002ae4 <vTaskSwitchContext>
100011e4:	f7ff fe30 	bl	10000e48 <prvTaskExitError>
100011e8:	4620      	mov	r0, r4
100011ea:	b002      	add	sp, #8
100011ec:	bd70      	pop	{r4, r5, r6, pc}
100011ee:	4b07      	ldr	r3, [pc, #28]	@ (1000120c <xPortStartScheduler+0x13c>)
100011f0:	2200      	movs	r2, #0
100011f2:	601a      	str	r2, [r3, #0]
100011f4:	e7ab      	b.n	1000114e <xPortStartScheduler+0x7e>
100011f6:	bf00      	nop
100011f8:	200213ad 	.word	0x200213ad
100011fc:	100098e0 	.word	0x100098e0
10001200:	1000a8fc 	.word	0x1000a8fc
10001204:	1000980c 	.word	0x1000980c
10001208:	100098c8 	.word	0x100098c8
1000120c:	20021280 	.word	0x20021280
10001210:	1000152d 	.word	0x1000152d
10001214:	10000e89 	.word	0x10000e89
10001218:	100015ad 	.word	0x100015ad
1000121c:	20000a7c 	.word	0x20000a7c
10001220:	20000a79 	.word	0x20000a79
10001224:	20000a78 	.word	0x20000a78
10001228:	10000ead 	.word	0x10000ead

1000122c <vPortValidateInterruptPriority>:
1000122c:	b508      	push	{r3, lr}
1000122e:	f3ef 8305 	mrs	r3, IPSR
10001232:	2b0f      	cmp	r3, #15
10001234:	d905      	bls.n	10001242 <vPortValidateInterruptPriority+0x16>
10001236:	4a0f      	ldr	r2, [pc, #60]	@ (10001274 <vPortValidateInterruptPriority+0x48>)
10001238:	5c9a      	ldrb	r2, [r3, r2]
1000123a:	4b0f      	ldr	r3, [pc, #60]	@ (10001278 <vPortValidateInterruptPriority+0x4c>)
1000123c:	781b      	ldrb	r3, [r3, #0]
1000123e:	429a      	cmp	r2, r3
10001240:	d30a      	bcc.n	10001258 <vPortValidateInterruptPriority+0x2c>
10001242:	f04f 23e0 	mov.w	r3, #3758153728	@ 0xe000e000
10001246:	f8d3 3d0c 	ldr.w	r3, [r3, #3340]	@ 0xd0c
1000124a:	f403 63e0 	and.w	r3, r3, #1792	@ 0x700
1000124e:	4a0b      	ldr	r2, [pc, #44]	@ (1000127c <vPortValidateInterruptPriority+0x50>)
10001250:	6812      	ldr	r2, [r2, #0]
10001252:	4293      	cmp	r3, r2
10001254:	d807      	bhi.n	10001266 <vPortValidateInterruptPriority+0x3a>
10001256:	bd08      	pop	{r3, pc}
10001258:	4b09      	ldr	r3, [pc, #36]	@ (10001280 <vPortValidateInterruptPriority+0x54>)
1000125a:	4a0a      	ldr	r2, [pc, #40]	@ (10001284 <vPortValidateInterruptPriority+0x58>)
1000125c:	f640 1135 	movw	r1, #2357	@ 0x935
10001260:	4809      	ldr	r0, [pc, #36]	@ (10001288 <vPortValidateInterruptPriority+0x5c>)
10001262:	f006 fae5 	bl	10007830 <__assert_func>
10001266:	4b09      	ldr	r3, [pc, #36]	@ (1000128c <vPortValidateInterruptPriority+0x60>)
10001268:	4a06      	ldr	r2, [pc, #24]	@ (10001284 <vPortValidateInterruptPriority+0x58>)
1000126a:	f640 1145 	movw	r1, #2373	@ 0x945
1000126e:	4806      	ldr	r0, [pc, #24]	@ (10001288 <vPortValidateInterruptPriority+0x5c>)
10001270:	f006 fade 	bl	10007830 <__assert_func>
10001274:	e000e3f0 	.word	0xe000e3f0
10001278:	200213ad 	.word	0x200213ad
1000127c:	20021280 	.word	0x20021280
10001280:	10009920 	.word	0x10009920
10001284:	1000a8dc 	.word	0x1000a8dc
10001288:	1000980c 	.word	0x1000980c
1000128c:	1000994c 	.word	0x1000994c

10001290 <ulPortLockGetCurrentOwnerId>:
10001290:	b508      	push	{r3, lr}
10001292:	4b09      	ldr	r3, [pc, #36]	@ (100012b8 <ulPortLockGetCurrentOwnerId+0x28>)
10001294:	781b      	ldrb	r3, [r3, #0]
10001296:	f04f 4250 	mov.w	r2, #3489660928	@ 0xd0000000
1000129a:	6810      	ldr	r0, [r2, #0]
1000129c:	4283      	cmp	r3, r0
1000129e:	d000      	beq.n	100012a2 <ulPortLockGetCurrentOwnerId+0x12>
100012a0:	bd08      	pop	{r3, pc}
100012a2:	f3ef 8305 	mrs	r3, IPSR
100012a6:	b2db      	uxtb	r3, r3
100012a8:	b113      	cbz	r3, 100012b0 <ulPortLockGetCurrentOwnerId+0x20>
100012aa:	eb00 0043 	add.w	r0, r0, r3, lsl #1
100012ae:	e7f7      	b.n	100012a0 <ulPortLockGetCurrentOwnerId+0x10>
100012b0:	f001 fe4c 	bl	10002f4c <xTaskGetCurrentTaskHandle>
100012b4:	e7f4      	b.n	100012a0 <ulPortLockGetCurrentOwnerId+0x10>
100012b6:	bf00      	nop
100012b8:	20000a79 	.word	0x20000a79

100012bc <vPortLockInternalSpinUnlockWithNotify>:
100012bc:	b500      	push	{lr}
100012be:	b083      	sub	sp, #12
100012c0:	468c      	mov	ip, r1
100012c2:	6802      	ldr	r2, [r0, #0]
100012c4:	4b35      	ldr	r3, [pc, #212]	@ (1000139c <vPortLockInternalSpinUnlockWithNotify+0xe0>)
100012c6:	1ad2      	subs	r2, r2, r3
100012c8:	4b35      	ldr	r3, [pc, #212]	@ (100013a0 <vPortLockInternalSpinUnlockWithNotify+0xe4>)
100012ca:	fba3 1302 	umull	r1, r3, r3, r2
100012ce:	091b      	lsrs	r3, r3, #4
100012d0:	eb03 0343 	add.w	r3, r3, r3, lsl #1
100012d4:	eba2 03c3 	sub.w	r3, r2, r3, lsl #3
100012d8:	2101      	movs	r1, #1
100012da:	4099      	lsls	r1, r3
100012dc:	4b31      	ldr	r3, [pc, #196]	@ (100013a4 <vPortLockInternalSpinUnlockWithNotify+0xe8>)
100012de:	781a      	ldrb	r2, [r3, #0]
100012e0:	f04f 4350 	mov.w	r3, #3489660928	@ 0xd0000000
100012e4:	681b      	ldr	r3, [r3, #0]
100012e6:	429a      	cmp	r2, r3
100012e8:	d030      	beq.n	1000134c <vPortLockInternalSpinUnlockWithNotify+0x90>
100012ea:	bf40      	sev
100012ec:	6802      	ldr	r2, [r0, #0]
100012ee:	4b2e      	ldr	r3, [pc, #184]	@ (100013a8 <vPortLockInternalSpinUnlockWithNotify+0xec>)
100012f0:	681b      	ldr	r3, [r3, #0]
100012f2:	429a      	cmp	r2, r3
100012f4:	d04c      	beq.n	10001390 <vPortLockInternalSpinUnlockWithNotify+0xd4>
100012f6:	e8d3 efcf 	ldaexb	lr, [r3]
100012fa:	2201      	movs	r2, #1
100012fc:	f1be 0f00 	cmp.w	lr, #0
10001300:	d1f9      	bne.n	100012f6 <vPortLockInternalSpinUnlockWithNotify+0x3a>
10001302:	e8c3 2f4e 	strexb	lr, r2, [r3]
10001306:	f1be 0f00 	cmp.w	lr, #0
1000130a:	d1f4      	bne.n	100012f6 <vPortLockInternalSpinUnlockWithNotify+0x3a>
1000130c:	f3bf 8f5f 	dmb	sy
10001310:	4a26      	ldr	r2, [pc, #152]	@ (100013ac <vPortLockInternalSpinUnlockWithNotify+0xf0>)
10001312:	6813      	ldr	r3, [r2, #0]
10001314:	430b      	orrs	r3, r1
10001316:	6013      	str	r3, [r2, #0]
10001318:	4b23      	ldr	r3, [pc, #140]	@ (100013a8 <vPortLockInternalSpinUnlockWithNotify+0xec>)
1000131a:	681a      	ldr	r2, [r3, #0]
1000131c:	2300      	movs	r3, #0
1000131e:	e8c2 3f8f 	stlb	r3, [r2]
10001322:	4b23      	ldr	r3, [pc, #140]	@ (100013b0 <vPortLockInternalSpinUnlockWithNotify+0xf4>)
10001324:	f993 3000 	ldrsb.w	r3, [r3]
10001328:	2b00      	cmp	r3, #0
1000132a:	db06      	blt.n	1000133a <vPortLockInternalSpinUnlockWithNotify+0x7e>
1000132c:	2201      	movs	r2, #1
1000132e:	fa02 f303 	lsl.w	r3, r2, r3
10001332:	f04f 4250 	mov.w	r2, #3489660928	@ 0xd0000000
10001336:	f8c2 3180 	str.w	r3, [r2, #384]	@ 0x180
1000133a:	6802      	ldr	r2, [r0, #0]
1000133c:	2300      	movs	r3, #0
1000133e:	e8c2 3f8f 	stlb	r3, [r2]
10001342:	f38c 8810 	msr	PRIMASK, ip
10001346:	b003      	add	sp, #12
10001348:	f85d fb04 	ldr.w	pc, [sp], #4
1000134c:	bf40      	sev
1000134e:	6802      	ldr	r2, [r0, #0]
10001350:	2300      	movs	r3, #0
10001352:	e8c2 3f8f 	stlb	r3, [r2]
10001356:	f38c 8810 	msr	PRIMASK, ip
1000135a:	f3ef 8305 	mrs	r3, IPSR
1000135e:	f013 0fff 	tst.w	r3, #255	@ 0xff
10001362:	d104      	bne.n	1000136e <vPortLockInternalSpinUnlockWithNotify+0xb2>
10001364:	4b13      	ldr	r3, [pc, #76]	@ (100013b4 <vPortLockInternalSpinUnlockWithNotify+0xf8>)
10001366:	6818      	ldr	r0, [r3, #0]
10001368:	f000 f9d0 	bl	1000170c <xEventGroupSetBits>
1000136c:	e7eb      	b.n	10001346 <vPortLockInternalSpinUnlockWithNotify+0x8a>
1000136e:	2300      	movs	r3, #0
10001370:	9301      	str	r3, [sp, #4]
10001372:	aa01      	add	r2, sp, #4
10001374:	4b0f      	ldr	r3, [pc, #60]	@ (100013b4 <vPortLockInternalSpinUnlockWithNotify+0xf8>)
10001376:	6818      	ldr	r0, [r3, #0]
10001378:	f000 fa18 	bl	100017ac <xEventGroupSetBitsFromISR>
1000137c:	9b01      	ldr	r3, [sp, #4]
1000137e:	2b00      	cmp	r3, #0
10001380:	d0e1      	beq.n	10001346 <vPortLockInternalSpinUnlockWithNotify+0x8a>
10001382:	f04f 23e0 	mov.w	r3, #3758153728	@ 0xe000e000
10001386:	f04f 5280 	mov.w	r2, #268435456	@ 0x10000000
1000138a:	f8c3 2d04 	str.w	r2, [r3, #3332]	@ 0xd04
1000138e:	e7da      	b.n	10001346 <vPortLockInternalSpinUnlockWithNotify+0x8a>
10001390:	4a06      	ldr	r2, [pc, #24]	@ (100013ac <vPortLockInternalSpinUnlockWithNotify+0xf0>)
10001392:	6813      	ldr	r3, [r2, #0]
10001394:	430b      	orrs	r3, r1
10001396:	6013      	str	r3, [r2, #0]
10001398:	e7c3      	b.n	10001322 <vPortLockInternalSpinUnlockWithNotify+0x66>
1000139a:	bf00      	nop
1000139c:	20000f10 	.word	0x20000f10
100013a0:	aaaaaaab 	.word	0xaaaaaaab
100013a4:	20000a79 	.word	0x20000a79
100013a8:	20000fc4 	.word	0x20000fc4
100013ac:	20021284 	.word	0x20021284
100013b0:	20000a78 	.word	0x20000a78
100013b4:	200212ec 	.word	0x200212ec

100013b8 <xPortLockInternalSpinUnlockWithBestEffortWaitOrTimeout>:
100013b8:	b5f0      	push	{r4, r5, r6, r7, lr}
100013ba:	b083      	sub	sp, #12
100013bc:	461d      	mov	r5, r3
100013be:	f3ef 8305 	mrs	r3, IPSR
100013c2:	f013 0fff 	tst.w	r3, #255	@ 0xff
100013c6:	d116      	bne.n	100013f6 <xPortLockInternalSpinUnlockWithBestEffortWaitOrTimeout+0x3e>
100013c8:	4604      	mov	r4, r0
100013ca:	460f      	mov	r7, r1
100013cc:	4616      	mov	r6, r2
100013ce:	6803      	ldr	r3, [r0, #0]
100013d0:	b1c3      	cbz	r3, 10001404 <xPortLockInternalSpinUnlockWithBestEffortWaitOrTimeout+0x4c>
100013d2:	4a2c      	ldr	r2, [pc, #176]	@ (10001484 <xPortLockInternalSpinUnlockWithBestEffortWaitOrTimeout+0xcc>)
100013d4:	7811      	ldrb	r1, [r2, #0]
100013d6:	f04f 4250 	mov.w	r2, #3489660928	@ 0xd0000000
100013da:	6812      	ldr	r2, [r2, #0]
100013dc:	4291      	cmp	r1, r2
100013de:	d018      	beq.n	10001412 <xPortLockInternalSpinUnlockWithBestEffortWaitOrTimeout+0x5a>
100013e0:	2200      	movs	r2, #0
100013e2:	e8c3 2f8f 	stlb	r2, [r3]
100013e6:	f387 8810 	msr	PRIMASK, r7
100013ea:	4630      	mov	r0, r6
100013ec:	4629      	mov	r1, r5
100013ee:	f003 f943 	bl	10004678 <best_effort_wfe_or_timeout>
100013f2:	b003      	add	sp, #12
100013f4:	bdf0      	pop	{r4, r5, r6, r7, pc}
100013f6:	4b24      	ldr	r3, [pc, #144]	@ (10001488 <xPortLockInternalSpinUnlockWithBestEffortWaitOrTimeout+0xd0>)
100013f8:	4a24      	ldr	r2, [pc, #144]	@ (1000148c <xPortLockInternalSpinUnlockWithBestEffortWaitOrTimeout+0xd4>)
100013fa:	f640 2152 	movw	r1, #2642	@ 0xa52
100013fe:	4824      	ldr	r0, [pc, #144]	@ (10001490 <xPortLockInternalSpinUnlockWithBestEffortWaitOrTimeout+0xd8>)
10001400:	f006 fa16 	bl	10007830 <__assert_func>
10001404:	4b23      	ldr	r3, [pc, #140]	@ (10001494 <xPortLockInternalSpinUnlockWithBestEffortWaitOrTimeout+0xdc>)
10001406:	4a21      	ldr	r2, [pc, #132]	@ (1000148c <xPortLockInternalSpinUnlockWithBestEffortWaitOrTimeout+0xd4>)
10001408:	f640 2153 	movw	r1, #2643	@ 0xa53
1000140c:	4820      	ldr	r0, [pc, #128]	@ (10001490 <xPortLockInternalSpinUnlockWithBestEffortWaitOrTimeout+0xd8>)
1000140e:	f006 fa0f 	bl	10007830 <__assert_func>
10001412:	4630      	mov	r0, r6
10001414:	4629      	mov	r1, r5
10001416:	f7ff fd93 	bl	10000f40 <prvGetTicksToWaitBefore>
1000141a:	4684      	mov	ip, r0
1000141c:	b988      	cbnz	r0, 10001442 <xPortLockInternalSpinUnlockWithBestEffortWaitOrTimeout+0x8a>
1000141e:	6822      	ldr	r2, [r4, #0]
10001420:	2300      	movs	r3, #0
10001422:	e8c2 3f8f 	stlb	r3, [r2]
10001426:	f387 8810 	msr	PRIMASK, r7
1000142a:	4b1b      	ldr	r3, [pc, #108]	@ (10001498 <xPortLockInternalSpinUnlockWithBestEffortWaitOrTimeout+0xe0>)
1000142c:	6a5b      	ldr	r3, [r3, #36]	@ 0x24
1000142e:	429d      	cmp	r5, r3
10001430:	d822      	bhi.n	10001478 <xPortLockInternalSpinUnlockWithBestEffortWaitOrTimeout+0xc0>
10001432:	4a19      	ldr	r2, [pc, #100]	@ (10001498 <xPortLockInternalSpinUnlockWithBestEffortWaitOrTimeout+0xe0>)
10001434:	6a92      	ldr	r2, [r2, #40]	@ 0x28
10001436:	42b2      	cmp	r2, r6
10001438:	d222      	bcs.n	10001480 <xPortLockInternalSpinUnlockWithBestEffortWaitOrTimeout+0xc8>
1000143a:	429d      	cmp	r5, r3
1000143c:	d01c      	beq.n	10001478 <xPortLockInternalSpinUnlockWithBestEffortWaitOrTimeout+0xc0>
1000143e:	2001      	movs	r0, #1
10001440:	e7d7      	b.n	100013f2 <xPortLockInternalSpinUnlockWithBestEffortWaitOrTimeout+0x3a>
10001442:	6822      	ldr	r2, [r4, #0]
10001444:	2300      	movs	r3, #0
10001446:	e8c2 3f8f 	stlb	r3, [r2]
1000144a:	f387 8810 	msr	PRIMASK, r7
1000144e:	6822      	ldr	r2, [r4, #0]
10001450:	4912      	ldr	r1, [pc, #72]	@ (1000149c <xPortLockInternalSpinUnlockWithBestEffortWaitOrTimeout+0xe4>)
10001452:	1a52      	subs	r2, r2, r1
10001454:	4912      	ldr	r1, [pc, #72]	@ (100014a0 <xPortLockInternalSpinUnlockWithBestEffortWaitOrTimeout+0xe8>)
10001456:	fba1 0102 	umull	r0, r1, r1, r2
1000145a:	0909      	lsrs	r1, r1, #4
1000145c:	eb01 0141 	add.w	r1, r1, r1, lsl #1
10001460:	eba2 01c1 	sub.w	r1, r2, r1, lsl #3
10001464:	2201      	movs	r2, #1
10001466:	f8cd c000 	str.w	ip, [sp]
1000146a:	fa02 f101 	lsl.w	r1, r2, r1
1000146e:	480d      	ldr	r0, [pc, #52]	@ (100014a4 <xPortLockInternalSpinUnlockWithBestEffortWaitOrTimeout+0xec>)
10001470:	6800      	ldr	r0, [r0, #0]
10001472:	f000 f8c1 	bl	100015f8 <xEventGroupWaitBits>
10001476:	e7d8      	b.n	1000142a <xPortLockInternalSpinUnlockWithBestEffortWaitOrTimeout+0x72>
10001478:	f7ff fd92 	bl	10000fa0 <vPortYield>
1000147c:	2000      	movs	r0, #0
1000147e:	e7b8      	b.n	100013f2 <xPortLockInternalSpinUnlockWithBestEffortWaitOrTimeout+0x3a>
10001480:	2001      	movs	r0, #1
10001482:	e7b6      	b.n	100013f2 <xPortLockInternalSpinUnlockWithBestEffortWaitOrTimeout+0x3a>
10001484:	20000a79 	.word	0x20000a79
10001488:	100099a8 	.word	0x100099a8
1000148c:	1000a8a4 	.word	0x1000a8a4
10001490:	1000980c 	.word	0x1000980c
10001494:	10009a14 	.word	0x10009a14
10001498:	400b0000 	.word	0x400b0000
1000149c:	20000f10 	.word	0x20000f10
100014a0:	aaaaaaab 	.word	0xaaaaaaab
100014a4:	200212ec 	.word	0x200212ec

100014a8 <prvRuntimeInitializer>:
100014a8:	b508      	push	{r3, lr}
100014aa:	f002 f923 	bl	100036f4 <next_striped_spin_lock_num>
100014ae:	4b04      	ldr	r3, [pc, #16]	@ (100014c0 <prvRuntimeInitializer+0x18>)
100014b0:	4403      	add	r3, r0
100014b2:	4a04      	ldr	r2, [pc, #16]	@ (100014c4 <prvRuntimeInitializer+0x1c>)
100014b4:	6013      	str	r3, [r2, #0]
100014b6:	f000 f892 	bl	100015de <xEventGroupCreate>
100014ba:	4b03      	ldr	r3, [pc, #12]	@ (100014c8 <prvRuntimeInitializer+0x20>)
100014bc:	6018      	str	r0, [r3, #0]
100014be:	bd08      	pop	{r3, pc}
100014c0:	20000f10 	.word	0x20000f10
100014c4:	20000fc4 	.word	0x20000fc4
100014c8:	200212ec 	.word	0x200212ec

100014cc <vRestoreContextOfFirstTask>:
100014cc:	4a09      	ldr	r2, [pc, #36]	@ (100014f4 <vRestoreContextOfFirstTask+0x28>)
100014ce:	6811      	ldr	r1, [r2, #0]
100014d0:	6808      	ldr	r0, [r1, #0]
100014d2:	c806      	ldmia	r0!, {r1, r2}
100014d4:	f381 880b 	msr	PSPLIM, r1
100014d8:	2102      	movs	r1, #2
100014da:	f381 8814 	msr	CONTROL, r1
100014de:	3020      	adds	r0, #32
100014e0:	f380 8809 	msr	PSP, r0
100014e4:	f3bf 8f6f 	isb	sy
100014e8:	f04f 0000 	mov.w	r0, #0
100014ec:	f380 8811 	msr	BASEPRI, r0
100014f0:	4710      	bx	r2
100014f2:	0000      	.short	0x0000
100014f4:	20000fc8 	.word	0x20000fc8

100014f8 <vStartFirstTask>:
100014f8:	b662      	cpsie	i
100014fa:	b661      	cpsie	f
100014fc:	f3bf 8f4f 	dsb	sy
10001500:	f3bf 8f6f 	isb	sy
10001504:	df66      	svc	102	@ 0x66
10001506:	bf00      	nop

10001508 <ulSetInterruptMask>:
10001508:	f3ef 8011 	mrs	r0, BASEPRI
1000150c:	f04f 0110 	mov.w	r1, #16
10001510:	f381 8811 	msr	BASEPRI, r1
10001514:	f3bf 8f4f 	dsb	sy
10001518:	f3bf 8f6f 	isb	sy
1000151c:	4770      	bx	lr

1000151e <vClearInterruptMask>:
1000151e:	f380 8811 	msr	BASEPRI, r0
10001522:	f3bf 8f4f 	dsb	sy
10001526:	f3bf 8f6f 	isb	sy
1000152a:	4770      	bx	lr

1000152c <PendSV_Handler>:
1000152c:	f3ef 8109 	mrs	r1, PSP
10001530:	f01e 0f10 	tst.w	lr, #16
10001534:	bf08      	it	eq
10001536:	ed21 8a10 	vstmdbeq	r1!, {s16-s31}
1000153a:	f3ef 820b 	mrs	r2, PSPLIM
1000153e:	4673      	mov	r3, lr
10001540:	e921 0ffc 	stmdb	r1!, {r2, r3, r4, r5, r6, r7, r8, r9, sl, fp}
10001544:	fc55 4408 	dcp_pxmd r4, r5
10001548:	fc57 6409 	dcp_pymd r6, r7
1000154c:	fc59 840a 	dcp_pefd r8, r9
10001550:	e901 03f0 	stmdb	r1, {r4, r5, r6, r7, r8, r9}
10001554:	4a14      	ldr	r2, [pc, #80]	@ (100015a8 <PendSV_Handler+0x7c>)
10001556:	6813      	ldr	r3, [r2, #0]
10001558:	6019      	str	r1, [r3, #0]
1000155a:	f04f 0110 	mov.w	r1, #16
1000155e:	f381 8811 	msr	BASEPRI, r1
10001562:	f3bf 8f4f 	dsb	sy
10001566:	f3bf 8f6f 	isb	sy
1000156a:	f001 fabb 	bl	10002ae4 <vTaskSwitchContext>
1000156e:	f04f 0000 	mov.w	r0, #0
10001572:	f380 8811 	msr	BASEPRI, r0
10001576:	4a0c      	ldr	r2, [pc, #48]	@ (100015a8 <PendSV_Handler+0x7c>)
10001578:	6811      	ldr	r1, [r2, #0]
1000157a:	6808      	ldr	r0, [r1, #0]
1000157c:	3818      	subs	r0, #24
1000157e:	e8b0 03f0 	ldmia.w	r0!, {r4, r5, r6, r7, r8, r9}
10001582:	ec45 4400 	dcp_wxmd r4, r5
10001586:	ec47 6401 	dcp_wymd r6, r7
1000158a:	ec49 8402 	dcp_wefd r8, r9
1000158e:	e8b0 0ffc 	ldmia.w	r0!, {r2, r3, r4, r5, r6, r7, r8, r9, sl, fp}
10001592:	f013 0f10 	tst.w	r3, #16
10001596:	bf08      	it	eq
10001598:	ecb0 8a10 	vldmiaeq	r0!, {s16-s31}
1000159c:	f382 880b 	msr	PSPLIM, r2
100015a0:	f380 8809 	msr	PSP, r0
100015a4:	4718      	bx	r3
100015a6:	0000      	.short	0x0000
100015a8:	20000fc8 	.word	0x20000fc8

100015ac <SVC_Handler>:
100015ac:	f01e 0f04 	tst.w	lr, #4
100015b0:	bf0c      	ite	eq
100015b2:	f3ef 8008 	mrseq	r0, MSP
100015b6:	f3ef 8009 	mrsne	r0, PSP
100015ba:	4901      	ldr	r1, [pc, #4]	@ (100015c0 <SVC_Handler+0x14>)
100015bc:	4708      	bx	r1
100015be:	0000      	.short	0x0000
100015c0:	10001011 	.word	0x10001011

100015c4 <prvTestWaitCondition>:
100015c4:	b91a      	cbnz	r2, 100015ce <prvTestWaitCondition+0xa>
100015c6:	4208      	tst	r0, r1
100015c8:	d105      	bne.n	100015d6 <prvTestWaitCondition+0x12>
100015ca:	4610      	mov	r0, r2
100015cc:	4770      	bx	lr
100015ce:	4381      	bics	r1, r0
100015d0:	d003      	beq.n	100015da <prvTestWaitCondition+0x16>
100015d2:	2000      	movs	r0, #0
100015d4:	4770      	bx	lr
100015d6:	2001      	movs	r0, #1
100015d8:	4770      	bx	lr
100015da:	2001      	movs	r0, #1
100015dc:	4770      	bx	lr

100015de <xEventGroupCreate>:
100015de:	b510      	push	{r4, lr}
100015e0:	201c      	movs	r0, #28
100015e2:	f7ff fb11 	bl	10000c08 <pvPortMalloc>
100015e6:	4604      	mov	r4, r0
100015e8:	b120      	cbz	r0, 100015f4 <xEventGroupCreate+0x16>
100015ea:	2300      	movs	r3, #0
100015ec:	f840 3b04 	str.w	r3, [r0], #4
100015f0:	f000 f8e6 	bl	100017c0 <vListInitialise>
100015f4:	4620      	mov	r0, r4
100015f6:	bd10      	pop	{r4, pc}

100015f8 <xEventGroupWaitBits>:
100015f8:	e92d 43f8 	stmdb	sp!, {r3, r4, r5, r6, r7, r8, r9, lr}
100015fc:	9f08      	ldr	r7, [sp, #32]
100015fe:	b380      	cbz	r0, 10001662 <xEventGroupWaitBits+0x6a>
10001600:	460d      	mov	r5, r1
10001602:	4690      	mov	r8, r2
10001604:	461e      	mov	r6, r3
10001606:	4681      	mov	r9, r0
10001608:	f1b1 7f80 	cmp.w	r1, #16777216	@ 0x1000000
1000160c:	d230      	bcs.n	10001670 <xEventGroupWaitBits+0x78>
1000160e:	2900      	cmp	r1, #0
10001610:	d035      	beq.n	1000167e <xEventGroupWaitBits+0x86>
10001612:	f001 fca1 	bl	10002f58 <xTaskGetSchedulerState>
10001616:	b908      	cbnz	r0, 1000161c <xEventGroupWaitBits+0x24>
10001618:	2f00      	cmp	r7, #0
1000161a:	d137      	bne.n	1000168c <xEventGroupWaitBits+0x94>
1000161c:	f001 f86e 	bl	100026fc <vTaskSuspendAll>
10001620:	f8d9 4000 	ldr.w	r4, [r9]
10001624:	4632      	mov	r2, r6
10001626:	4629      	mov	r1, r5
10001628:	4620      	mov	r0, r4
1000162a:	f7ff ffcb 	bl	100015c4 <prvTestWaitCondition>
1000162e:	2800      	cmp	r0, #0
10001630:	d033      	beq.n	1000169a <xEventGroupWaitBits+0xa2>
10001632:	f1b8 0f00 	cmp.w	r8, #0
10001636:	d044      	beq.n	100016c2 <xEventGroupWaitBits+0xca>
10001638:	ea24 0305 	bic.w	r3, r4, r5
1000163c:	f8c9 3000 	str.w	r3, [r9]
10001640:	2700      	movs	r7, #0
10001642:	f001 f92f 	bl	100028a4 <xTaskResumeAll>
10001646:	b14f      	cbz	r7, 1000165c <xEventGroupWaitBits+0x64>
10001648:	2800      	cmp	r0, #0
1000164a:	d03c      	beq.n	100016c6 <xEventGroupWaitBits+0xce>
1000164c:	f001 fdcc 	bl	100031e8 <uxTaskResetEventItemValue>
10001650:	4604      	mov	r4, r0
10001652:	f010 7f00 	tst.w	r0, #33554432	@ 0x2000000
10001656:	d039      	beq.n	100016cc <xEventGroupWaitBits+0xd4>
10001658:	f024 447f 	bic.w	r4, r4, #4278190080	@ 0xff000000
1000165c:	4620      	mov	r0, r4
1000165e:	e8bd 83f8 	ldmia.w	sp!, {r3, r4, r5, r6, r7, r8, r9, pc}
10001662:	4b24      	ldr	r3, [pc, #144]	@ (100016f4 <xEventGroupWaitBits+0xfc>)
10001664:	4a24      	ldr	r2, [pc, #144]	@ (100016f8 <xEventGroupWaitBits+0x100>)
10001666:	f240 1147 	movw	r1, #327	@ 0x147
1000166a:	4824      	ldr	r0, [pc, #144]	@ (100016fc <xEventGroupWaitBits+0x104>)
1000166c:	f006 f8e0 	bl	10007830 <__assert_func>
10001670:	4b23      	ldr	r3, [pc, #140]	@ (10001700 <xEventGroupWaitBits+0x108>)
10001672:	4a21      	ldr	r2, [pc, #132]	@ (100016f8 <xEventGroupWaitBits+0x100>)
10001674:	f44f 71a4 	mov.w	r1, #328	@ 0x148
10001678:	4820      	ldr	r0, [pc, #128]	@ (100016fc <xEventGroupWaitBits+0x104>)
1000167a:	f006 f8d9 	bl	10007830 <__assert_func>
1000167e:	4b21      	ldr	r3, [pc, #132]	@ (10001704 <xEventGroupWaitBits+0x10c>)
10001680:	4a1d      	ldr	r2, [pc, #116]	@ (100016f8 <xEventGroupWaitBits+0x100>)
10001682:	f240 1149 	movw	r1, #329	@ 0x149
10001686:	481d      	ldr	r0, [pc, #116]	@ (100016fc <xEventGroupWaitBits+0x104>)
10001688:	f006 f8d2 	bl	10007830 <__assert_func>
1000168c:	4b1e      	ldr	r3, [pc, #120]	@ (10001708 <xEventGroupWaitBits+0x110>)
1000168e:	4a1a      	ldr	r2, [pc, #104]	@ (100016f8 <xEventGroupWaitBits+0x100>)
10001690:	f44f 71a6 	mov.w	r1, #332	@ 0x14c
10001694:	4819      	ldr	r0, [pc, #100]	@ (100016fc <xEventGroupWaitBits+0x104>)
10001696:	f006 f8cb 	bl	10007830 <__assert_func>
1000169a:	2f00      	cmp	r7, #0
1000169c:	d0d1      	beq.n	10001642 <xEventGroupWaitBits+0x4a>
1000169e:	f1b8 0f00 	cmp.w	r8, #0
100016a2:	d10b      	bne.n	100016bc <xEventGroupWaitBits+0xc4>
100016a4:	2100      	movs	r1, #0
100016a6:	b10e      	cbz	r6, 100016ac <xEventGroupWaitBits+0xb4>
100016a8:	f041 6180 	orr.w	r1, r1, #67108864	@ 0x4000000
100016ac:	463a      	mov	r2, r7
100016ae:	4329      	orrs	r1, r5
100016b0:	f109 0004 	add.w	r0, r9, #4
100016b4:	f001 fa82 	bl	10002bbc <vTaskPlaceOnUnorderedEventList>
100016b8:	2400      	movs	r4, #0
100016ba:	e7c2      	b.n	10001642 <xEventGroupWaitBits+0x4a>
100016bc:	f04f 7180 	mov.w	r1, #16777216	@ 0x1000000
100016c0:	e7f1      	b.n	100016a6 <xEventGroupWaitBits+0xae>
100016c2:	2700      	movs	r7, #0
100016c4:	e7bd      	b.n	10001642 <xEventGroupWaitBits+0x4a>
100016c6:	f7ff fc6b 	bl	10000fa0 <vPortYield>
100016ca:	e7bf      	b.n	1000164c <xEventGroupWaitBits+0x54>
100016cc:	f7ff fc74 	bl	10000fb8 <vPortEnterCritical>
100016d0:	f8d9 4000 	ldr.w	r4, [r9]
100016d4:	4632      	mov	r2, r6
100016d6:	4629      	mov	r1, r5
100016d8:	4620      	mov	r0, r4
100016da:	f7ff ff73 	bl	100015c4 <prvTestWaitCondition>
100016de:	b130      	cbz	r0, 100016ee <xEventGroupWaitBits+0xf6>
100016e0:	f1b8 0f00 	cmp.w	r8, #0
100016e4:	d003      	beq.n	100016ee <xEventGroupWaitBits+0xf6>
100016e6:	ea24 0505 	bic.w	r5, r4, r5
100016ea:	f8c9 5000 	str.w	r5, [r9]
100016ee:	f7ff fc71 	bl	10000fd4 <vPortExitCritical>
100016f2:	e7b1      	b.n	10001658 <xEventGroupWaitBits+0x60>
100016f4:	10009a28 	.word	0x10009a28
100016f8:	1000a960 	.word	0x1000a960
100016fc:	10009a34 	.word	0x10009a34
10001700:	10009a98 	.word	0x10009a98
10001704:	10009ad0 	.word	0x10009ad0
10001708:	10009ae8 	.word	0x10009ae8

1000170c <xEventGroupSetBits>:
1000170c:	b5f8      	push	{r3, r4, r5, r6, r7, lr}
1000170e:	b170      	cbz	r0, 1000172e <xEventGroupSetBits+0x22>
10001710:	460d      	mov	r5, r1
10001712:	4604      	mov	r4, r0
10001714:	f1b1 7f80 	cmp.w	r1, #16777216	@ 0x1000000
10001718:	d210      	bcs.n	1000173c <xEventGroupSetBits+0x30>
1000171a:	f100 060c 	add.w	r6, r0, #12
1000171e:	f000 ffed 	bl	100026fc <vTaskSuspendAll>
10001722:	6920      	ldr	r0, [r4, #16]
10001724:	6823      	ldr	r3, [r4, #0]
10001726:	432b      	orrs	r3, r5
10001728:	6023      	str	r3, [r4, #0]
1000172a:	2700      	movs	r7, #0
1000172c:	e018      	b.n	10001760 <xEventGroupSetBits+0x54>
1000172e:	4b19      	ldr	r3, [pc, #100]	@ (10001794 <xEventGroupSetBits+0x88>)
10001730:	4a19      	ldr	r2, [pc, #100]	@ (10001798 <xEventGroupSetBits+0x8c>)
10001732:	f240 2132 	movw	r1, #562	@ 0x232
10001736:	4819      	ldr	r0, [pc, #100]	@ (1000179c <xEventGroupSetBits+0x90>)
10001738:	f006 f87a 	bl	10007830 <__assert_func>
1000173c:	4b18      	ldr	r3, [pc, #96]	@ (100017a0 <xEventGroupSetBits+0x94>)
1000173e:	4a16      	ldr	r2, [pc, #88]	@ (10001798 <xEventGroupSetBits+0x8c>)
10001740:	f240 2133 	movw	r1, #563	@ 0x233
10001744:	4815      	ldr	r0, [pc, #84]	@ (1000179c <xEventGroupSetBits+0x90>)
10001746:	f006 f873 	bl	10007830 <__assert_func>
1000174a:	6821      	ldr	r1, [r4, #0]
1000174c:	ea32 0101 	bics.w	r1, r2, r1
10001750:	d105      	bne.n	1000175e <xEventGroupSetBits+0x52>
10001752:	e011      	b.n	10001778 <xEventGroupSetBits+0x6c>
10001754:	6821      	ldr	r1, [r4, #0]
10001756:	f041 7100 	orr.w	r1, r1, #33554432	@ 0x2000000
1000175a:	f001 fb17 	bl	10002d8c <vTaskRemoveFromUnorderedEventList>
1000175e:	4628      	mov	r0, r5
10001760:	42b0      	cmp	r0, r6
10001762:	d00e      	beq.n	10001782 <xEventGroupSetBits+0x76>
10001764:	6845      	ldr	r5, [r0, #4]
10001766:	6803      	ldr	r3, [r0, #0]
10001768:	f023 427f 	bic.w	r2, r3, #4278190080	@ 0xff000000
1000176c:	f013 6f80 	tst.w	r3, #67108864	@ 0x4000000
10001770:	d1eb      	bne.n	1000174a <xEventGroupSetBits+0x3e>
10001772:	6821      	ldr	r1, [r4, #0]
10001774:	4211      	tst	r1, r2
10001776:	d0f2      	beq.n	1000175e <xEventGroupSetBits+0x52>
10001778:	f013 7f80 	tst.w	r3, #16777216	@ 0x1000000
1000177c:	d0ea      	beq.n	10001754 <xEventGroupSetBits+0x48>
1000177e:	4317      	orrs	r7, r2
10001780:	e7e8      	b.n	10001754 <xEventGroupSetBits+0x48>
10001782:	6823      	ldr	r3, [r4, #0]
10001784:	ea23 0307 	bic.w	r3, r3, r7
10001788:	6023      	str	r3, [r4, #0]
1000178a:	f001 f88b 	bl	100028a4 <xTaskResumeAll>
1000178e:	6820      	ldr	r0, [r4, #0]
10001790:	bdf8      	pop	{r3, r4, r5, r6, r7, pc}
10001792:	bf00      	nop
10001794:	10009a28 	.word	0x10009a28
10001798:	1000a94c 	.word	0x1000a94c
1000179c:	10009a34 	.word	0x10009a34
100017a0:	10009b3c 	.word	0x10009b3c

100017a4 <vEventGroupSetBitsCallback>:
100017a4:	b508      	push	{r3, lr}
100017a6:	f7ff ffb1 	bl	1000170c <xEventGroupSetBits>
100017aa:	bd08      	pop	{r3, pc}

100017ac <xEventGroupSetBitsFromISR>:
100017ac:	b508      	push	{r3, lr}
100017ae:	4613      	mov	r3, r2
100017b0:	460a      	mov	r2, r1
100017b2:	4601      	mov	r1, r0
100017b4:	4801      	ldr	r0, [pc, #4]	@ (100017bc <xEventGroupSetBitsFromISR+0x10>)
100017b6:	f001 fee7 	bl	10003588 <xTimerPendFunctionCallFromISR>
100017ba:	bd08      	pop	{r3, pc}
100017bc:	100017a5 	.word	0x100017a5

100017c0 <vListInitialise>:
100017c0:	f100 0308 	add.w	r3, r0, #8
100017c4:	6043      	str	r3, [r0, #4]
100017c6:	f04f 32ff 	mov.w	r2, #4294967295
100017ca:	6082      	str	r2, [r0, #8]
100017cc:	60c3      	str	r3, [r0, #12]
100017ce:	6103      	str	r3, [r0, #16]
100017d0:	2300      	movs	r3, #0
100017d2:	6003      	str	r3, [r0, #0]
100017d4:	4770      	bx	lr

100017d6 <vListInitialiseItem>:
100017d6:	2300      	movs	r3, #0
100017d8:	6103      	str	r3, [r0, #16]
100017da:	4770      	bx	lr

100017dc <vListInsert>:
100017dc:	b430      	push	{r4, r5}
100017de:	680d      	ldr	r5, [r1, #0]
100017e0:	f1b5 3fff 	cmp.w	r5, #4294967295
100017e4:	d011      	beq.n	1000180a <vListInsert+0x2e>
100017e6:	f100 0308 	add.w	r3, r0, #8
100017ea:	461c      	mov	r4, r3
100017ec:	685b      	ldr	r3, [r3, #4]
100017ee:	681a      	ldr	r2, [r3, #0]
100017f0:	42aa      	cmp	r2, r5
100017f2:	d9fa      	bls.n	100017ea <vListInsert+0xe>
100017f4:	6863      	ldr	r3, [r4, #4]
100017f6:	604b      	str	r3, [r1, #4]
100017f8:	6099      	str	r1, [r3, #8]
100017fa:	608c      	str	r4, [r1, #8]
100017fc:	6061      	str	r1, [r4, #4]
100017fe:	6108      	str	r0, [r1, #16]
10001800:	6803      	ldr	r3, [r0, #0]
10001802:	3301      	adds	r3, #1
10001804:	6003      	str	r3, [r0, #0]
10001806:	bc30      	pop	{r4, r5}
10001808:	4770      	bx	lr
1000180a:	6904      	ldr	r4, [r0, #16]
1000180c:	e7f2      	b.n	100017f4 <vListInsert+0x18>

1000180e <uxListRemove>:
1000180e:	6903      	ldr	r3, [r0, #16]
10001810:	6841      	ldr	r1, [r0, #4]
10001812:	6882      	ldr	r2, [r0, #8]
10001814:	608a      	str	r2, [r1, #8]
10001816:	6841      	ldr	r1, [r0, #4]
10001818:	6051      	str	r1, [r2, #4]
1000181a:	685a      	ldr	r2, [r3, #4]
1000181c:	4282      	cmp	r2, r0
1000181e:	d005      	beq.n	1000182c <uxListRemove+0x1e>
10001820:	2200      	movs	r2, #0
10001822:	6102      	str	r2, [r0, #16]
10001824:	6818      	ldr	r0, [r3, #0]
10001826:	3801      	subs	r0, #1
10001828:	6018      	str	r0, [r3, #0]
1000182a:	4770      	bx	lr
1000182c:	6882      	ldr	r2, [r0, #8]
1000182e:	605a      	str	r2, [r3, #4]
10001830:	e7f6      	b.n	10001820 <uxListRemove+0x12>

10001832 <prvGetDisinheritPriorityAfterTimeout>:
10001832:	4603      	mov	r3, r0
10001834:	6a40      	ldr	r0, [r0, #36]	@ 0x24
10001836:	b118      	cbz	r0, 10001840 <prvGetDisinheritPriorityAfterTimeout+0xe>
10001838:	6b1b      	ldr	r3, [r3, #48]	@ 0x30
1000183a:	6818      	ldr	r0, [r3, #0]
1000183c:	f1c0 0020 	rsb	r0, r0, #32
10001840:	4770      	bx	lr

10001842 <prvIsQueueFull>:
10001842:	b510      	push	{r4, lr}
10001844:	4604      	mov	r4, r0
10001846:	f7ff fbb7 	bl	10000fb8 <vPortEnterCritical>
1000184a:	6ba2      	ldr	r2, [r4, #56]	@ 0x38
1000184c:	6be3      	ldr	r3, [r4, #60]	@ 0x3c
1000184e:	429a      	cmp	r2, r3
10001850:	d004      	beq.n	1000185c <prvIsQueueFull+0x1a>
10001852:	2400      	movs	r4, #0
10001854:	f7ff fbbe 	bl	10000fd4 <vPortExitCritical>
10001858:	4620      	mov	r0, r4
1000185a:	bd10      	pop	{r4, pc}
1000185c:	2401      	movs	r4, #1
1000185e:	e7f9      	b.n	10001854 <prvIsQueueFull+0x12>

10001860 <prvIsQueueEmpty>:
10001860:	b510      	push	{r4, lr}
10001862:	4604      	mov	r4, r0
10001864:	f7ff fba8 	bl	10000fb8 <vPortEnterCritical>
10001868:	6ba3      	ldr	r3, [r4, #56]	@ 0x38
1000186a:	b923      	cbnz	r3, 10001876 <prvIsQueueEmpty+0x16>
1000186c:	2401      	movs	r4, #1
1000186e:	f7ff fbb1 	bl	10000fd4 <vPortExitCritical>
10001872:	4620      	mov	r0, r4
10001874:	bd10      	pop	{r4, pc}
10001876:	2400      	movs	r4, #0
10001878:	e7f9      	b.n	1000186e <prvIsQueueEmpty+0xe>

1000187a <prvCopyDataToQueue>:
1000187a:	b570      	push	{r4, r5, r6, lr}
1000187c:	4604      	mov	r4, r0
1000187e:	4615      	mov	r5, r2
10001880:	6b86      	ldr	r6, [r0, #56]	@ 0x38
10001882:	6c02      	ldr	r2, [r0, #64]	@ 0x40
10001884:	b95a      	cbnz	r2, 1000189e <prvCopyDataToQueue+0x24>
10001886:	6803      	ldr	r3, [r0, #0]
10001888:	b11b      	cbz	r3, 10001892 <prvCopyDataToQueue+0x18>
1000188a:	2000      	movs	r0, #0
1000188c:	3601      	adds	r6, #1
1000188e:	63a6      	str	r6, [r4, #56]	@ 0x38
10001890:	bd70      	pop	{r4, r5, r6, pc}
10001892:	6880      	ldr	r0, [r0, #8]
10001894:	f001 fbd4 	bl	10003040 <xTaskPriorityDisinherit>
10001898:	2300      	movs	r3, #0
1000189a:	60a3      	str	r3, [r4, #8]
1000189c:	e7f6      	b.n	1000188c <prvCopyDataToQueue+0x12>
1000189e:	b96d      	cbnz	r5, 100018bc <prvCopyDataToQueue+0x42>
100018a0:	6840      	ldr	r0, [r0, #4]
100018a2:	f007 fad7 	bl	10008e54 <memcpy>
100018a6:	6863      	ldr	r3, [r4, #4]
100018a8:	6c22      	ldr	r2, [r4, #64]	@ 0x40
100018aa:	4413      	add	r3, r2
100018ac:	6063      	str	r3, [r4, #4]
100018ae:	68a2      	ldr	r2, [r4, #8]
100018b0:	4293      	cmp	r3, r2
100018b2:	d319      	bcc.n	100018e8 <prvCopyDataToQueue+0x6e>
100018b4:	6823      	ldr	r3, [r4, #0]
100018b6:	6063      	str	r3, [r4, #4]
100018b8:	4628      	mov	r0, r5
100018ba:	e7e7      	b.n	1000188c <prvCopyDataToQueue+0x12>
100018bc:	68c0      	ldr	r0, [r0, #12]
100018be:	f007 fac9 	bl	10008e54 <memcpy>
100018c2:	68e3      	ldr	r3, [r4, #12]
100018c4:	6c22      	ldr	r2, [r4, #64]	@ 0x40
100018c6:	4251      	negs	r1, r2
100018c8:	1a9b      	subs	r3, r3, r2
100018ca:	60e3      	str	r3, [r4, #12]
100018cc:	6822      	ldr	r2, [r4, #0]
100018ce:	4293      	cmp	r3, r2
100018d0:	d202      	bcs.n	100018d8 <prvCopyDataToQueue+0x5e>
100018d2:	68a3      	ldr	r3, [r4, #8]
100018d4:	440b      	add	r3, r1
100018d6:	60e3      	str	r3, [r4, #12]
100018d8:	2d02      	cmp	r5, #2
100018da:	d001      	beq.n	100018e0 <prvCopyDataToQueue+0x66>
100018dc:	2000      	movs	r0, #0
100018de:	e7d5      	b.n	1000188c <prvCopyDataToQueue+0x12>
100018e0:	b126      	cbz	r6, 100018ec <prvCopyDataToQueue+0x72>
100018e2:	3e01      	subs	r6, #1
100018e4:	2000      	movs	r0, #0
100018e6:	e7d1      	b.n	1000188c <prvCopyDataToQueue+0x12>
100018e8:	4628      	mov	r0, r5
100018ea:	e7cf      	b.n	1000188c <prvCopyDataToQueue+0x12>
100018ec:	2000      	movs	r0, #0
100018ee:	e7cd      	b.n	1000188c <prvCopyDataToQueue+0x12>

100018f0 <prvCopyDataFromQueue>:
100018f0:	4603      	mov	r3, r0
100018f2:	6c02      	ldr	r2, [r0, #64]	@ 0x40
100018f4:	b16a      	cbz	r2, 10001912 <prvCopyDataFromQueue+0x22>
100018f6:	b510      	push	{r4, lr}
100018f8:	4608      	mov	r0, r1
100018fa:	68d9      	ldr	r1, [r3, #12]
100018fc:	4411      	add	r1, r2
100018fe:	60d9      	str	r1, [r3, #12]
10001900:	689c      	ldr	r4, [r3, #8]
10001902:	42a1      	cmp	r1, r4
10001904:	d301      	bcc.n	1000190a <prvCopyDataFromQueue+0x1a>
10001906:	6819      	ldr	r1, [r3, #0]
10001908:	60d9      	str	r1, [r3, #12]
1000190a:	68d9      	ldr	r1, [r3, #12]
1000190c:	f007 faa2 	bl	10008e54 <memcpy>
10001910:	bd10      	pop	{r4, pc}
10001912:	4770      	bx	lr

10001914 <prvNotifyQueueSetContainer>:
10001914:	b570      	push	{r4, r5, r6, lr}
10001916:	b082      	sub	sp, #8
10001918:	9001      	str	r0, [sp, #4]
1000191a:	6c84      	ldr	r4, [r0, #72]	@ 0x48
1000191c:	b154      	cbz	r4, 10001934 <prvNotifyQueueSetContainer+0x20>
1000191e:	6ba2      	ldr	r2, [r4, #56]	@ 0x38
10001920:	6be3      	ldr	r3, [r4, #60]	@ 0x3c
10001922:	429a      	cmp	r2, r3
10001924:	d20d      	bcs.n	10001942 <prvNotifyQueueSetContainer+0x2e>
10001926:	6ba2      	ldr	r2, [r4, #56]	@ 0x38
10001928:	4293      	cmp	r3, r2
1000192a:	d811      	bhi.n	10001950 <prvNotifyQueueSetContainer+0x3c>
1000192c:	2500      	movs	r5, #0
1000192e:	4628      	mov	r0, r5
10001930:	b002      	add	sp, #8
10001932:	bd70      	pop	{r4, r5, r6, pc}
10001934:	4b1b      	ldr	r3, [pc, #108]	@ (100019a4 <prvNotifyQueueSetContainer+0x90>)
10001936:	4a1c      	ldr	r2, [pc, #112]	@ (100019a8 <prvNotifyQueueSetContainer+0x94>)
10001938:	f640 41f8 	movw	r1, #3320	@ 0xcf8
1000193c:	481b      	ldr	r0, [pc, #108]	@ (100019ac <prvNotifyQueueSetContainer+0x98>)
1000193e:	f005 ff77 	bl	10007830 <__assert_func>
10001942:	4b1b      	ldr	r3, [pc, #108]	@ (100019b0 <prvNotifyQueueSetContainer+0x9c>)
10001944:	4a18      	ldr	r2, [pc, #96]	@ (100019a8 <prvNotifyQueueSetContainer+0x94>)
10001946:	f640 41f9 	movw	r1, #3321	@ 0xcf9
1000194a:	4818      	ldr	r0, [pc, #96]	@ (100019ac <prvNotifyQueueSetContainer+0x98>)
1000194c:	f005 ff70 	bl	10007830 <__assert_func>
10001950:	f894 6045 	ldrb.w	r6, [r4, #69]	@ 0x45
10001954:	b276      	sxtb	r6, r6
10001956:	2200      	movs	r2, #0
10001958:	a901      	add	r1, sp, #4
1000195a:	4620      	mov	r0, r4
1000195c:	f7ff ff8d 	bl	1000187a <prvCopyDataToQueue>
10001960:	4605      	mov	r5, r0
10001962:	f1b6 3fff 	cmp.w	r6, #4294967295
10001966:	d10a      	bne.n	1000197e <prvNotifyQueueSetContainer+0x6a>
10001968:	6a63      	ldr	r3, [r4, #36]	@ 0x24
1000196a:	2b00      	cmp	r3, #0
1000196c:	d0df      	beq.n	1000192e <prvNotifyQueueSetContainer+0x1a>
1000196e:	f104 0024 	add.w	r0, r4, #36	@ 0x24
10001972:	f001 f98d 	bl	10002c90 <xTaskRemoveFromEventList>
10001976:	2800      	cmp	r0, #0
10001978:	d0d9      	beq.n	1000192e <prvNotifyQueueSetContainer+0x1a>
1000197a:	2501      	movs	r5, #1
1000197c:	e7d7      	b.n	1000192e <prvNotifyQueueSetContainer+0x1a>
1000197e:	f000 fecb 	bl	10002718 <uxTaskGetNumberOfTasks>
10001982:	4286      	cmp	r6, r0
10001984:	d2d3      	bcs.n	1000192e <prvNotifyQueueSetContainer+0x1a>
10001986:	2e7f      	cmp	r6, #127	@ 0x7f
10001988:	d004      	beq.n	10001994 <prvNotifyQueueSetContainer+0x80>
1000198a:	3601      	adds	r6, #1
1000198c:	b276      	sxtb	r6, r6
1000198e:	f884 6045 	strb.w	r6, [r4, #69]	@ 0x45
10001992:	e7cc      	b.n	1000192e <prvNotifyQueueSetContainer+0x1a>
10001994:	4b07      	ldr	r3, [pc, #28]	@ (100019b4 <prvNotifyQueueSetContainer+0xa0>)
10001996:	4a04      	ldr	r2, [pc, #16]	@ (100019a8 <prvNotifyQueueSetContainer+0x94>)
10001998:	f640 5119 	movw	r1, #3353	@ 0xd19
1000199c:	4803      	ldr	r0, [pc, #12]	@ (100019ac <prvNotifyQueueSetContainer+0x98>)
1000199e:	f005 ff47 	bl	10007830 <__assert_func>
100019a2:	bf00      	nop
100019a4:	10009b70 	.word	0x10009b70
100019a8:	1000a9dc 	.word	0x1000a9dc
100019ac:	10009b84 	.word	0x10009b84
100019b0:	10009be4 	.word	0x10009be4
100019b4:	10009c2c 	.word	0x10009c2c

100019b8 <prvUnlockQueue>:
100019b8:	b538      	push	{r3, r4, r5, lr}
100019ba:	4605      	mov	r5, r0
100019bc:	f7ff fafc 	bl	10000fb8 <vPortEnterCritical>
100019c0:	f895 4045 	ldrb.w	r4, [r5, #69]	@ 0x45
100019c4:	b264      	sxtb	r4, r4
100019c6:	e008      	b.n	100019da <prvUnlockQueue+0x22>
100019c8:	6a6b      	ldr	r3, [r5, #36]	@ 0x24
100019ca:	b1b3      	cbz	r3, 100019fa <prvUnlockQueue+0x42>
100019cc:	f105 0024 	add.w	r0, r5, #36	@ 0x24
100019d0:	f001 f95e 	bl	10002c90 <xTaskRemoveFromEventList>
100019d4:	b970      	cbnz	r0, 100019f4 <prvUnlockQueue+0x3c>
100019d6:	3c01      	subs	r4, #1
100019d8:	b264      	sxtb	r4, r4
100019da:	2c00      	cmp	r4, #0
100019dc:	dd0d      	ble.n	100019fa <prvUnlockQueue+0x42>
100019de:	6cab      	ldr	r3, [r5, #72]	@ 0x48
100019e0:	2b00      	cmp	r3, #0
100019e2:	d0f1      	beq.n	100019c8 <prvUnlockQueue+0x10>
100019e4:	4628      	mov	r0, r5
100019e6:	f7ff ff95 	bl	10001914 <prvNotifyQueueSetContainer>
100019ea:	2800      	cmp	r0, #0
100019ec:	d0f3      	beq.n	100019d6 <prvUnlockQueue+0x1e>
100019ee:	f001 faa7 	bl	10002f40 <vTaskMissedYield>
100019f2:	e7f0      	b.n	100019d6 <prvUnlockQueue+0x1e>
100019f4:	f001 faa4 	bl	10002f40 <vTaskMissedYield>
100019f8:	e7ed      	b.n	100019d6 <prvUnlockQueue+0x1e>
100019fa:	23ff      	movs	r3, #255	@ 0xff
100019fc:	f885 3045 	strb.w	r3, [r5, #69]	@ 0x45
10001a00:	f7ff fae8 	bl	10000fd4 <vPortExitCritical>
10001a04:	f7ff fad8 	bl	10000fb8 <vPortEnterCritical>
10001a08:	f895 4044 	ldrb.w	r4, [r5, #68]	@ 0x44
10001a0c:	b264      	sxtb	r4, r4
10001a0e:	e001      	b.n	10001a14 <prvUnlockQueue+0x5c>
10001a10:	3c01      	subs	r4, #1
10001a12:	b264      	sxtb	r4, r4
10001a14:	2c00      	cmp	r4, #0
10001a16:	dd0a      	ble.n	10001a2e <prvUnlockQueue+0x76>
10001a18:	692b      	ldr	r3, [r5, #16]
10001a1a:	b143      	cbz	r3, 10001a2e <prvUnlockQueue+0x76>
10001a1c:	f105 0010 	add.w	r0, r5, #16
10001a20:	f001 f936 	bl	10002c90 <xTaskRemoveFromEventList>
10001a24:	2800      	cmp	r0, #0
10001a26:	d0f3      	beq.n	10001a10 <prvUnlockQueue+0x58>
10001a28:	f001 fa8a 	bl	10002f40 <vTaskMissedYield>
10001a2c:	e7f0      	b.n	10001a10 <prvUnlockQueue+0x58>
10001a2e:	23ff      	movs	r3, #255	@ 0xff
10001a30:	f885 3044 	strb.w	r3, [r5, #68]	@ 0x44
10001a34:	f7ff face 	bl	10000fd4 <vPortExitCritical>
10001a38:	bd38      	pop	{r3, r4, r5, pc}
	...

10001a3c <xQueueGenericReset>:
10001a3c:	b538      	push	{r3, r4, r5, lr}
10001a3e:	b330      	cbz	r0, 10001a8e <xQueueGenericReset+0x52>
10001a40:	460d      	mov	r5, r1
10001a42:	4604      	mov	r4, r0
10001a44:	6bc3      	ldr	r3, [r0, #60]	@ 0x3c
10001a46:	2b00      	cmp	r3, #0
10001a48:	d03c      	beq.n	10001ac4 <xQueueGenericReset+0x88>
10001a4a:	6c02      	ldr	r2, [r0, #64]	@ 0x40
10001a4c:	2100      	movs	r1, #0
10001a4e:	fba2 2303 	umull	r2, r3, r2, r3
10001a52:	bb1b      	cbnz	r3, 10001a9c <xQueueGenericReset+0x60>
10001a54:	2900      	cmp	r1, #0
10001a56:	d135      	bne.n	10001ac4 <xQueueGenericReset+0x88>
10001a58:	f7ff faae 	bl	10000fb8 <vPortEnterCritical>
10001a5c:	6823      	ldr	r3, [r4, #0]
10001a5e:	6be2      	ldr	r2, [r4, #60]	@ 0x3c
10001a60:	6c21      	ldr	r1, [r4, #64]	@ 0x40
10001a62:	fb01 3002 	mla	r0, r1, r2, r3
10001a66:	60a0      	str	r0, [r4, #8]
10001a68:	2000      	movs	r0, #0
10001a6a:	63a0      	str	r0, [r4, #56]	@ 0x38
10001a6c:	6063      	str	r3, [r4, #4]
10001a6e:	3a01      	subs	r2, #1
10001a70:	fb02 3301 	mla	r3, r2, r1, r3
10001a74:	60e3      	str	r3, [r4, #12]
10001a76:	23ff      	movs	r3, #255	@ 0xff
10001a78:	f884 3044 	strb.w	r3, [r4, #68]	@ 0x44
10001a7c:	f884 3045 	strb.w	r3, [r4, #69]	@ 0x45
10001a80:	b9bd      	cbnz	r5, 10001ab2 <xQueueGenericReset+0x76>
10001a82:	6923      	ldr	r3, [r4, #16]
10001a84:	b963      	cbnz	r3, 10001aa0 <xQueueGenericReset+0x64>
10001a86:	f7ff faa5 	bl	10000fd4 <vPortExitCritical>
10001a8a:	2001      	movs	r0, #1
10001a8c:	bd38      	pop	{r3, r4, r5, pc}
10001a8e:	4b11      	ldr	r3, [pc, #68]	@ (10001ad4 <xQueueGenericReset+0x98>)
10001a90:	4a11      	ldr	r2, [pc, #68]	@ (10001ad8 <xQueueGenericReset+0x9c>)
10001a92:	f240 1137 	movw	r1, #311	@ 0x137
10001a96:	4811      	ldr	r0, [pc, #68]	@ (10001adc <xQueueGenericReset+0xa0>)
10001a98:	f005 feca 	bl	10007830 <__assert_func>
10001a9c:	2101      	movs	r1, #1
10001a9e:	e7d9      	b.n	10001a54 <xQueueGenericReset+0x18>
10001aa0:	f104 0010 	add.w	r0, r4, #16
10001aa4:	f001 f8f4 	bl	10002c90 <xTaskRemoveFromEventList>
10001aa8:	2800      	cmp	r0, #0
10001aaa:	d0ec      	beq.n	10001a86 <xQueueGenericReset+0x4a>
10001aac:	f7ff fa78 	bl	10000fa0 <vPortYield>
10001ab0:	e7e9      	b.n	10001a86 <xQueueGenericReset+0x4a>
10001ab2:	f104 0010 	add.w	r0, r4, #16
10001ab6:	f7ff fe83 	bl	100017c0 <vListInitialise>
10001aba:	f104 0024 	add.w	r0, r4, #36	@ 0x24
10001abe:	f7ff fe7f 	bl	100017c0 <vListInitialise>
10001ac2:	e7e0      	b.n	10001a86 <xQueueGenericReset+0x4a>
10001ac4:	4b06      	ldr	r3, [pc, #24]	@ (10001ae0 <xQueueGenericReset+0xa4>)
10001ac6:	4a04      	ldr	r2, [pc, #16]	@ (10001ad8 <xQueueGenericReset+0x9c>)
10001ac8:	f44f 71b6 	mov.w	r1, #364	@ 0x16c
10001acc:	4803      	ldr	r0, [pc, #12]	@ (10001adc <xQueueGenericReset+0xa0>)
10001ace:	f005 feaf 	bl	10007830 <__assert_func>
10001ad2:	bf00      	nop
10001ad4:	10009c50 	.word	0x10009c50
10001ad8:	1000aa20 	.word	0x1000aa20
10001adc:	10009b84 	.word	0x10009b84
10001ae0:	10009c58 	.word	0x10009c58

10001ae4 <prvInitialiseNewQueue>:
10001ae4:	b538      	push	{r3, r4, r5, lr}
10001ae6:	461d      	mov	r5, r3
10001ae8:	9c04      	ldr	r4, [sp, #16]
10001aea:	460b      	mov	r3, r1
10001aec:	b959      	cbnz	r1, 10001b06 <prvInitialiseNewQueue+0x22>
10001aee:	6024      	str	r4, [r4, #0]
10001af0:	63e0      	str	r0, [r4, #60]	@ 0x3c
10001af2:	6423      	str	r3, [r4, #64]	@ 0x40
10001af4:	2101      	movs	r1, #1
10001af6:	4620      	mov	r0, r4
10001af8:	f7ff ffa0 	bl	10001a3c <xQueueGenericReset>
10001afc:	f884 5050 	strb.w	r5, [r4, #80]	@ 0x50
10001b00:	2300      	movs	r3, #0
10001b02:	64a3      	str	r3, [r4, #72]	@ 0x48
10001b04:	bd38      	pop	{r3, r4, r5, pc}
10001b06:	6022      	str	r2, [r4, #0]
10001b08:	e7f2      	b.n	10001af0 <prvInitialiseNewQueue+0xc>
	...

10001b0c <xQueueGenericCreate>:
10001b0c:	b5f0      	push	{r4, r5, r6, r7, lr}
10001b0e:	b083      	sub	sp, #12
10001b10:	b1f0      	cbz	r0, 10001b50 <xQueueGenericCreate+0x44>
10001b12:	460c      	mov	r4, r1
10001b14:	4617      	mov	r7, r2
10001b16:	4605      	mov	r5, r0
10001b18:	2300      	movs	r3, #0
10001b1a:	fba4 1200 	umull	r1, r2, r4, r0
10001b1e:	b9aa      	cbnz	r2, 10001b4c <xQueueGenericCreate+0x40>
10001b20:	b9b3      	cbnz	r3, 10001b50 <xQueueGenericCreate+0x44>
10001b22:	fb04 f005 	mul.w	r0, r4, r5
10001b26:	f110 0f55 	cmn.w	r0, #85	@ 0x55
10001b2a:	d811      	bhi.n	10001b50 <xQueueGenericCreate+0x44>
10001b2c:	3054      	adds	r0, #84	@ 0x54
10001b2e:	f7ff f86b 	bl	10000c08 <pvPortMalloc>
10001b32:	4606      	mov	r6, r0
10001b34:	b138      	cbz	r0, 10001b46 <xQueueGenericCreate+0x3a>
10001b36:	9000      	str	r0, [sp, #0]
10001b38:	463b      	mov	r3, r7
10001b3a:	f100 0254 	add.w	r2, r0, #84	@ 0x54
10001b3e:	4621      	mov	r1, r4
10001b40:	4628      	mov	r0, r5
10001b42:	f7ff ffcf 	bl	10001ae4 <prvInitialiseNewQueue>
10001b46:	4630      	mov	r0, r6
10001b48:	b003      	add	sp, #12
10001b4a:	bdf0      	pop	{r4, r5, r6, r7, pc}
10001b4c:	2301      	movs	r3, #1
10001b4e:	e7e7      	b.n	10001b20 <xQueueGenericCreate+0x14>
10001b50:	4b03      	ldr	r3, [pc, #12]	@ (10001b60 <xQueueGenericCreate+0x54>)
10001b52:	4a04      	ldr	r2, [pc, #16]	@ (10001b64 <xQueueGenericCreate+0x58>)
10001b54:	f240 212a 	movw	r1, #554	@ 0x22a
10001b58:	4803      	ldr	r0, [pc, #12]	@ (10001b68 <xQueueGenericCreate+0x5c>)
10001b5a:	f005 fe69 	bl	10007830 <__assert_func>
10001b5e:	bf00      	nop
10001b60:	10009c7c 	.word	0x10009c7c
10001b64:	1000aa0c 	.word	0x1000aa0c
10001b68:	10009b84 	.word	0x10009b84

10001b6c <xQueueGenericSend>:
10001b6c:	b5f0      	push	{r4, r5, r6, r7, lr}
10001b6e:	b085      	sub	sp, #20
10001b70:	9201      	str	r2, [sp, #4]
10001b72:	b1b0      	cbz	r0, 10001ba2 <xQueueGenericSend+0x36>
10001b74:	460f      	mov	r7, r1
10001b76:	461d      	mov	r5, r3
10001b78:	4604      	mov	r4, r0
10001b7a:	b1c9      	cbz	r1, 10001bb0 <xQueueGenericSend+0x44>
10001b7c:	2d02      	cmp	r5, #2
10001b7e:	d102      	bne.n	10001b86 <xQueueGenericSend+0x1a>
10001b80:	6be3      	ldr	r3, [r4, #60]	@ 0x3c
10001b82:	2b01      	cmp	r3, #1
10001b84:	d11e      	bne.n	10001bc4 <xQueueGenericSend+0x58>
10001b86:	f001 f9e7 	bl	10002f58 <xTaskGetSchedulerState>
10001b8a:	4606      	mov	r6, r0
10001b8c:	bb08      	cbnz	r0, 10001bd2 <xQueueGenericSend+0x66>
10001b8e:	9b01      	ldr	r3, [sp, #4]
10001b90:	2b00      	cmp	r3, #0
10001b92:	d05d      	beq.n	10001c50 <xQueueGenericSend+0xe4>
10001b94:	4b4f      	ldr	r3, [pc, #316]	@ (10001cd4 <xQueueGenericSend+0x168>)
10001b96:	4a50      	ldr	r2, [pc, #320]	@ (10001cd8 <xQueueGenericSend+0x16c>)
10001b98:	f240 31bb 	movw	r1, #955	@ 0x3bb
10001b9c:	484f      	ldr	r0, [pc, #316]	@ (10001cdc <xQueueGenericSend+0x170>)
10001b9e:	f005 fe47 	bl	10007830 <__assert_func>
10001ba2:	4b4f      	ldr	r3, [pc, #316]	@ (10001ce0 <xQueueGenericSend+0x174>)
10001ba4:	4a4c      	ldr	r2, [pc, #304]	@ (10001cd8 <xQueueGenericSend+0x16c>)
10001ba6:	f240 31b6 	movw	r1, #950	@ 0x3b6
10001baa:	484c      	ldr	r0, [pc, #304]	@ (10001cdc <xQueueGenericSend+0x170>)
10001bac:	f005 fe40 	bl	10007830 <__assert_func>
10001bb0:	6c03      	ldr	r3, [r0, #64]	@ 0x40
10001bb2:	2b00      	cmp	r3, #0
10001bb4:	d0e2      	beq.n	10001b7c <xQueueGenericSend+0x10>
10001bb6:	4b4b      	ldr	r3, [pc, #300]	@ (10001ce4 <xQueueGenericSend+0x178>)
10001bb8:	4a47      	ldr	r2, [pc, #284]	@ (10001cd8 <xQueueGenericSend+0x16c>)
10001bba:	f240 31b7 	movw	r1, #951	@ 0x3b7
10001bbe:	4847      	ldr	r0, [pc, #284]	@ (10001cdc <xQueueGenericSend+0x170>)
10001bc0:	f005 fe36 	bl	10007830 <__assert_func>
10001bc4:	4b48      	ldr	r3, [pc, #288]	@ (10001ce8 <xQueueGenericSend+0x17c>)
10001bc6:	4a44      	ldr	r2, [pc, #272]	@ (10001cd8 <xQueueGenericSend+0x16c>)
10001bc8:	f44f 716e 	mov.w	r1, #952	@ 0x3b8
10001bcc:	4843      	ldr	r0, [pc, #268]	@ (10001cdc <xQueueGenericSend+0x170>)
10001bce:	f005 fe2f 	bl	10007830 <__assert_func>
10001bd2:	2600      	movs	r6, #0
10001bd4:	e03c      	b.n	10001c50 <xQueueGenericSend+0xe4>
10001bd6:	6ba6      	ldr	r6, [r4, #56]	@ 0x38
10001bd8:	462a      	mov	r2, r5
10001bda:	4639      	mov	r1, r7
10001bdc:	4620      	mov	r0, r4
10001bde:	f7ff fe4c 	bl	1000187a <prvCopyDataToQueue>
10001be2:	6ca3      	ldr	r3, [r4, #72]	@ 0x48
10001be4:	b173      	cbz	r3, 10001c04 <xQueueGenericSend+0x98>
10001be6:	2d02      	cmp	r5, #2
10001be8:	d100      	bne.n	10001bec <xQueueGenericSend+0x80>
10001bea:	b91e      	cbnz	r6, 10001bf4 <xQueueGenericSend+0x88>
10001bec:	4620      	mov	r0, r4
10001bee:	f7ff fe91 	bl	10001914 <prvNotifyQueueSetContainer>
10001bf2:	b920      	cbnz	r0, 10001bfe <xQueueGenericSend+0x92>
10001bf4:	f7ff f9ee 	bl	10000fd4 <vPortExitCritical>
10001bf8:	2001      	movs	r0, #1
10001bfa:	b005      	add	sp, #20
10001bfc:	bdf0      	pop	{r4, r5, r6, r7, pc}
10001bfe:	f7ff f9cf 	bl	10000fa0 <vPortYield>
10001c02:	e7f7      	b.n	10001bf4 <xQueueGenericSend+0x88>
10001c04:	6a63      	ldr	r3, [r4, #36]	@ 0x24
10001c06:	b923      	cbnz	r3, 10001c12 <xQueueGenericSend+0xa6>
10001c08:	2800      	cmp	r0, #0
10001c0a:	d0f3      	beq.n	10001bf4 <xQueueGenericSend+0x88>
10001c0c:	f7ff f9c8 	bl	10000fa0 <vPortYield>
10001c10:	e7f0      	b.n	10001bf4 <xQueueGenericSend+0x88>
10001c12:	f104 0024 	add.w	r0, r4, #36	@ 0x24
10001c16:	f001 f83b 	bl	10002c90 <xTaskRemoveFromEventList>
10001c1a:	2800      	cmp	r0, #0
10001c1c:	d0ea      	beq.n	10001bf4 <xQueueGenericSend+0x88>
10001c1e:	f7ff f9bf 	bl	10000fa0 <vPortYield>
10001c22:	e7e7      	b.n	10001bf4 <xQueueGenericSend+0x88>
10001c24:	f7ff f9d6 	bl	10000fd4 <vPortExitCritical>
10001c28:	2000      	movs	r0, #0
10001c2a:	e7e6      	b.n	10001bfa <xQueueGenericSend+0x8e>
10001c2c:	a802      	add	r0, sp, #8
10001c2e:	f001 f925 	bl	10002e7c <vTaskInternalSetTimeOutState>
10001c32:	2601      	movs	r6, #1
10001c34:	e019      	b.n	10001c6a <xQueueGenericSend+0xfe>
10001c36:	2300      	movs	r3, #0
10001c38:	f884 3044 	strb.w	r3, [r4, #68]	@ 0x44
10001c3c:	e021      	b.n	10001c82 <xQueueGenericSend+0x116>
10001c3e:	2300      	movs	r3, #0
10001c40:	f884 3045 	strb.w	r3, [r4, #69]	@ 0x45
10001c44:	e023      	b.n	10001c8e <xQueueGenericSend+0x122>
10001c46:	4620      	mov	r0, r4
10001c48:	f7ff feb6 	bl	100019b8 <prvUnlockQueue>
10001c4c:	f000 fe2a 	bl	100028a4 <xTaskResumeAll>
10001c50:	f7ff f9b2 	bl	10000fb8 <vPortEnterCritical>
10001c54:	6ba2      	ldr	r2, [r4, #56]	@ 0x38
10001c56:	6be3      	ldr	r3, [r4, #60]	@ 0x3c
10001c58:	429a      	cmp	r2, r3
10001c5a:	d3bc      	bcc.n	10001bd6 <xQueueGenericSend+0x6a>
10001c5c:	2d02      	cmp	r5, #2
10001c5e:	d0ba      	beq.n	10001bd6 <xQueueGenericSend+0x6a>
10001c60:	9b01      	ldr	r3, [sp, #4]
10001c62:	2b00      	cmp	r3, #0
10001c64:	d0de      	beq.n	10001c24 <xQueueGenericSend+0xb8>
10001c66:	2e00      	cmp	r6, #0
10001c68:	d0e0      	beq.n	10001c2c <xQueueGenericSend+0xc0>
10001c6a:	f7ff f9b3 	bl	10000fd4 <vPortExitCritical>
10001c6e:	f000 fd45 	bl	100026fc <vTaskSuspendAll>
10001c72:	f7ff f9a1 	bl	10000fb8 <vPortEnterCritical>
10001c76:	f894 2044 	ldrb.w	r2, [r4, #68]	@ 0x44
10001c7a:	b252      	sxtb	r2, r2
10001c7c:	f1b2 3fff 	cmp.w	r2, #4294967295
10001c80:	d0d9      	beq.n	10001c36 <xQueueGenericSend+0xca>
10001c82:	f894 2045 	ldrb.w	r2, [r4, #69]	@ 0x45
10001c86:	b252      	sxtb	r2, r2
10001c88:	f1b2 3fff 	cmp.w	r2, #4294967295
10001c8c:	d0d7      	beq.n	10001c3e <xQueueGenericSend+0xd2>
10001c8e:	f7ff f9a1 	bl	10000fd4 <vPortExitCritical>
10001c92:	a901      	add	r1, sp, #4
10001c94:	a802      	add	r0, sp, #8
10001c96:	f001 f8fd 	bl	10002e94 <xTaskCheckForTimeOut>
10001c9a:	b998      	cbnz	r0, 10001cc4 <xQueueGenericSend+0x158>
10001c9c:	4620      	mov	r0, r4
10001c9e:	f7ff fdd0 	bl	10001842 <prvIsQueueFull>
10001ca2:	2800      	cmp	r0, #0
10001ca4:	d0cf      	beq.n	10001c46 <xQueueGenericSend+0xda>
10001ca6:	9901      	ldr	r1, [sp, #4]
10001ca8:	f104 0010 	add.w	r0, r4, #16
10001cac:	f000 ff6a 	bl	10002b84 <vTaskPlaceOnEventList>
10001cb0:	4620      	mov	r0, r4
10001cb2:	f7ff fe81 	bl	100019b8 <prvUnlockQueue>
10001cb6:	f000 fdf5 	bl	100028a4 <xTaskResumeAll>
10001cba:	2800      	cmp	r0, #0
10001cbc:	d1c8      	bne.n	10001c50 <xQueueGenericSend+0xe4>
10001cbe:	f7ff f96f 	bl	10000fa0 <vPortYield>
10001cc2:	e7c5      	b.n	10001c50 <xQueueGenericSend+0xe4>
10001cc4:	4620      	mov	r0, r4
10001cc6:	f7ff fe77 	bl	100019b8 <prvUnlockQueue>
10001cca:	f000 fdeb 	bl	100028a4 <xTaskResumeAll>
10001cce:	2000      	movs	r0, #0
10001cd0:	e793      	b.n	10001bfa <xQueueGenericSend+0x8e>
10001cd2:	bf00      	nop
10001cd4:	10009ae8 	.word	0x10009ae8
10001cd8:	1000a9f8 	.word	0x1000a9f8
10001cdc:	10009b84 	.word	0x10009b84
10001ce0:	10009c50 	.word	0x10009c50
10001ce4:	10009c88 	.word	0x10009c88
10001ce8:	10009ce0 	.word	0x10009ce0

10001cec <xQueueGenericSendFromISR>:
10001cec:	e92d 47f0 	stmdb	sp!, {r4, r5, r6, r7, r8, r9, sl, lr}
10001cf0:	b1d8      	cbz	r0, 10001d2a <xQueueGenericSendFromISR+0x3e>
10001cf2:	460e      	mov	r6, r1
10001cf4:	4691      	mov	r9, r2
10001cf6:	461d      	mov	r5, r3
10001cf8:	4604      	mov	r4, r0
10001cfa:	b1e9      	cbz	r1, 10001d38 <xQueueGenericSendFromISR+0x4c>
10001cfc:	2d02      	cmp	r5, #2
10001cfe:	d102      	bne.n	10001d06 <xQueueGenericSendFromISR+0x1a>
10001d00:	6be3      	ldr	r3, [r4, #60]	@ 0x3c
10001d02:	2b01      	cmp	r3, #1
10001d04:	d122      	bne.n	10001d4c <xQueueGenericSendFromISR+0x60>
10001d06:	f7ff fa91 	bl	1000122c <vPortValidateInterruptPriority>
10001d0a:	f7ff fbfd 	bl	10001508 <ulSetInterruptMask>
10001d0e:	4607      	mov	r7, r0
10001d10:	6ba2      	ldr	r2, [r4, #56]	@ 0x38
10001d12:	6be3      	ldr	r3, [r4, #60]	@ 0x3c
10001d14:	429a      	cmp	r2, r3
10001d16:	d320      	bcc.n	10001d5a <xQueueGenericSendFromISR+0x6e>
10001d18:	2d02      	cmp	r5, #2
10001d1a:	d01e      	beq.n	10001d5a <xQueueGenericSendFromISR+0x6e>
10001d1c:	2400      	movs	r4, #0
10001d1e:	4638      	mov	r0, r7
10001d20:	f7ff fbfd 	bl	1000151e <vClearInterruptMask>
10001d24:	4620      	mov	r0, r4
10001d26:	e8bd 87f0 	ldmia.w	sp!, {r4, r5, r6, r7, r8, r9, sl, pc}
10001d2a:	4b35      	ldr	r3, [pc, #212]	@ (10001e00 <xQueueGenericSendFromISR+0x114>)
10001d2c:	4a35      	ldr	r2, [pc, #212]	@ (10001e04 <xQueueGenericSendFromISR+0x118>)
10001d2e:	f44f 6192 	mov.w	r1, #1168	@ 0x490
10001d32:	4835      	ldr	r0, [pc, #212]	@ (10001e08 <xQueueGenericSendFromISR+0x11c>)
10001d34:	f005 fd7c 	bl	10007830 <__assert_func>
10001d38:	6c03      	ldr	r3, [r0, #64]	@ 0x40
10001d3a:	2b00      	cmp	r3, #0
10001d3c:	d0de      	beq.n	10001cfc <xQueueGenericSendFromISR+0x10>
10001d3e:	4b33      	ldr	r3, [pc, #204]	@ (10001e0c <xQueueGenericSendFromISR+0x120>)
10001d40:	4a30      	ldr	r2, [pc, #192]	@ (10001e04 <xQueueGenericSendFromISR+0x118>)
10001d42:	f240 4191 	movw	r1, #1169	@ 0x491
10001d46:	4830      	ldr	r0, [pc, #192]	@ (10001e08 <xQueueGenericSendFromISR+0x11c>)
10001d48:	f005 fd72 	bl	10007830 <__assert_func>
10001d4c:	4b30      	ldr	r3, [pc, #192]	@ (10001e10 <xQueueGenericSendFromISR+0x124>)
10001d4e:	4a2d      	ldr	r2, [pc, #180]	@ (10001e04 <xQueueGenericSendFromISR+0x118>)
10001d50:	f240 4192 	movw	r1, #1170	@ 0x492
10001d54:	482c      	ldr	r0, [pc, #176]	@ (10001e08 <xQueueGenericSendFromISR+0x11c>)
10001d56:	f005 fd6b 	bl	10007830 <__assert_func>
10001d5a:	f894 8045 	ldrb.w	r8, [r4, #69]	@ 0x45
10001d5e:	fa4f f888 	sxtb.w	r8, r8
10001d62:	f8d4 a038 	ldr.w	sl, [r4, #56]	@ 0x38
10001d66:	462a      	mov	r2, r5
10001d68:	4631      	mov	r1, r6
10001d6a:	4620      	mov	r0, r4
10001d6c:	f7ff fd85 	bl	1000187a <prvCopyDataToQueue>
10001d70:	f1b8 3fff 	cmp.w	r8, #4294967295
10001d74:	d121      	bne.n	10001dba <xQueueGenericSendFromISR+0xce>
10001d76:	6ca3      	ldr	r3, [r4, #72]	@ 0x48
10001d78:	b17b      	cbz	r3, 10001d9a <xQueueGenericSendFromISR+0xae>
10001d7a:	2d02      	cmp	r5, #2
10001d7c:	d102      	bne.n	10001d84 <xQueueGenericSendFromISR+0x98>
10001d7e:	f1ba 0f00 	cmp.w	sl, #0
10001d82:	d130      	bne.n	10001de6 <xQueueGenericSendFromISR+0xfa>
10001d84:	4620      	mov	r0, r4
10001d86:	f7ff fdc5 	bl	10001914 <prvNotifyQueueSetContainer>
10001d8a:	b370      	cbz	r0, 10001dea <xQueueGenericSendFromISR+0xfe>
10001d8c:	f1b9 0f00 	cmp.w	r9, #0
10001d90:	d02d      	beq.n	10001dee <xQueueGenericSendFromISR+0x102>
10001d92:	2401      	movs	r4, #1
10001d94:	f8c9 4000 	str.w	r4, [r9]
10001d98:	e7c1      	b.n	10001d1e <xQueueGenericSendFromISR+0x32>
10001d9a:	6a63      	ldr	r3, [r4, #36]	@ 0x24
10001d9c:	b90b      	cbnz	r3, 10001da2 <xQueueGenericSendFromISR+0xb6>
10001d9e:	2401      	movs	r4, #1
10001da0:	e7bd      	b.n	10001d1e <xQueueGenericSendFromISR+0x32>
10001da2:	f104 0024 	add.w	r0, r4, #36	@ 0x24
10001da6:	f000 ff73 	bl	10002c90 <xTaskRemoveFromEventList>
10001daa:	b310      	cbz	r0, 10001df2 <xQueueGenericSendFromISR+0x106>
10001dac:	f1b9 0f00 	cmp.w	r9, #0
10001db0:	d021      	beq.n	10001df6 <xQueueGenericSendFromISR+0x10a>
10001db2:	2401      	movs	r4, #1
10001db4:	f8c9 4000 	str.w	r4, [r9]
10001db8:	e7b1      	b.n	10001d1e <xQueueGenericSendFromISR+0x32>
10001dba:	f000 fcad 	bl	10002718 <uxTaskGetNumberOfTasks>
10001dbe:	4580      	cmp	r8, r0
10001dc0:	d21b      	bcs.n	10001dfa <xQueueGenericSendFromISR+0x10e>
10001dc2:	f1b8 0f7f 	cmp.w	r8, #127	@ 0x7f
10001dc6:	d007      	beq.n	10001dd8 <xQueueGenericSendFromISR+0xec>
10001dc8:	f108 0801 	add.w	r8, r8, #1
10001dcc:	fa4f f888 	sxtb.w	r8, r8
10001dd0:	f884 8045 	strb.w	r8, [r4, #69]	@ 0x45
10001dd4:	2401      	movs	r4, #1
10001dd6:	e7a2      	b.n	10001d1e <xQueueGenericSendFromISR+0x32>
10001dd8:	4b0e      	ldr	r3, [pc, #56]	@ (10001e14 <xQueueGenericSendFromISR+0x128>)
10001dda:	4a0a      	ldr	r2, [pc, #40]	@ (10001e04 <xQueueGenericSendFromISR+0x118>)
10001ddc:	f240 511e 	movw	r1, #1310	@ 0x51e
10001de0:	4809      	ldr	r0, [pc, #36]	@ (10001e08 <xQueueGenericSendFromISR+0x11c>)
10001de2:	f005 fd25 	bl	10007830 <__assert_func>
10001de6:	2401      	movs	r4, #1
10001de8:	e799      	b.n	10001d1e <xQueueGenericSendFromISR+0x32>
10001dea:	2401      	movs	r4, #1
10001dec:	e797      	b.n	10001d1e <xQueueGenericSendFromISR+0x32>
10001dee:	2401      	movs	r4, #1
10001df0:	e795      	b.n	10001d1e <xQueueGenericSendFromISR+0x32>
10001df2:	2401      	movs	r4, #1
10001df4:	e793      	b.n	10001d1e <xQueueGenericSendFromISR+0x32>
10001df6:	2401      	movs	r4, #1
10001df8:	e791      	b.n	10001d1e <xQueueGenericSendFromISR+0x32>
10001dfa:	2401      	movs	r4, #1
10001dfc:	e78f      	b.n	10001d1e <xQueueGenericSendFromISR+0x32>
10001dfe:	bf00      	nop
10001e00:	10009c50 	.word	0x10009c50
10001e04:	1000a9c0 	.word	0x1000a9c0
10001e08:	10009b84 	.word	0x10009b84
10001e0c:	10009c88 	.word	0x10009c88
10001e10:	10009ce0 	.word	0x10009ce0
10001e14:	10009c2c 	.word	0x10009c2c

10001e18 <xQueueGiveFromISR>:
10001e18:	b5f8      	push	{r3, r4, r5, r6, r7, lr}
10001e1a:	b310      	cbz	r0, 10001e62 <xQueueGiveFromISR+0x4a>
10001e1c:	460f      	mov	r7, r1
10001e1e:	4604      	mov	r4, r0
10001e20:	6c03      	ldr	r3, [r0, #64]	@ 0x40
10001e22:	bb2b      	cbnz	r3, 10001e70 <xQueueGiveFromISR+0x58>
10001e24:	6803      	ldr	r3, [r0, #0]
10001e26:	b353      	cbz	r3, 10001e7e <xQueueGiveFromISR+0x66>
10001e28:	f7ff fa00 	bl	1000122c <vPortValidateInterruptPriority>
10001e2c:	f7ff fb6c 	bl	10001508 <ulSetInterruptMask>
10001e30:	4605      	mov	r5, r0
10001e32:	6ba3      	ldr	r3, [r4, #56]	@ 0x38
10001e34:	6be2      	ldr	r2, [r4, #60]	@ 0x3c
10001e36:	429a      	cmp	r2, r3
10001e38:	d94b      	bls.n	10001ed2 <xQueueGiveFromISR+0xba>
10001e3a:	f894 6045 	ldrb.w	r6, [r4, #69]	@ 0x45
10001e3e:	b276      	sxtb	r6, r6
10001e40:	3301      	adds	r3, #1
10001e42:	63a3      	str	r3, [r4, #56]	@ 0x38
10001e44:	f1b6 3fff 	cmp.w	r6, #4294967295
10001e48:	d130      	bne.n	10001eac <xQueueGiveFromISR+0x94>
10001e4a:	6ca3      	ldr	r3, [r4, #72]	@ 0x48
10001e4c:	b30b      	cbz	r3, 10001e92 <xQueueGiveFromISR+0x7a>
10001e4e:	4620      	mov	r0, r4
10001e50:	f7ff fd60 	bl	10001914 <prvNotifyQueueSetContainer>
10001e54:	2800      	cmp	r0, #0
10001e56:	d042      	beq.n	10001ede <xQueueGiveFromISR+0xc6>
10001e58:	2f00      	cmp	r7, #0
10001e5a:	d042      	beq.n	10001ee2 <xQueueGiveFromISR+0xca>
10001e5c:	2401      	movs	r4, #1
10001e5e:	603c      	str	r4, [r7, #0]
10001e60:	e038      	b.n	10001ed4 <xQueueGiveFromISR+0xbc>
10001e62:	4b24      	ldr	r3, [pc, #144]	@ (10001ef4 <xQueueGiveFromISR+0xdc>)
10001e64:	4a24      	ldr	r2, [pc, #144]	@ (10001ef8 <xQueueGiveFromISR+0xe0>)
10001e66:	f44f 61a8 	mov.w	r1, #1344	@ 0x540
10001e6a:	4824      	ldr	r0, [pc, #144]	@ (10001efc <xQueueGiveFromISR+0xe4>)
10001e6c:	f005 fce0 	bl	10007830 <__assert_func>
10001e70:	4b23      	ldr	r3, [pc, #140]	@ (10001f00 <xQueueGiveFromISR+0xe8>)
10001e72:	4a21      	ldr	r2, [pc, #132]	@ (10001ef8 <xQueueGiveFromISR+0xe0>)
10001e74:	f240 5144 	movw	r1, #1348	@ 0x544
10001e78:	4820      	ldr	r0, [pc, #128]	@ (10001efc <xQueueGiveFromISR+0xe4>)
10001e7a:	f005 fcd9 	bl	10007830 <__assert_func>
10001e7e:	6883      	ldr	r3, [r0, #8]
10001e80:	2b00      	cmp	r3, #0
10001e82:	d0d1      	beq.n	10001e28 <xQueueGiveFromISR+0x10>
10001e84:	4b1f      	ldr	r3, [pc, #124]	@ (10001f04 <xQueueGiveFromISR+0xec>)
10001e86:	4a1c      	ldr	r2, [pc, #112]	@ (10001ef8 <xQueueGiveFromISR+0xe0>)
10001e88:	f240 5149 	movw	r1, #1353	@ 0x549
10001e8c:	481b      	ldr	r0, [pc, #108]	@ (10001efc <xQueueGiveFromISR+0xe4>)
10001e8e:	f005 fccf 	bl	10007830 <__assert_func>
10001e92:	6a63      	ldr	r3, [r4, #36]	@ 0x24
10001e94:	b90b      	cbnz	r3, 10001e9a <xQueueGiveFromISR+0x82>
10001e96:	2401      	movs	r4, #1
10001e98:	e01c      	b.n	10001ed4 <xQueueGiveFromISR+0xbc>
10001e9a:	f104 0024 	add.w	r0, r4, #36	@ 0x24
10001e9e:	f000 fef7 	bl	10002c90 <xTaskRemoveFromEventList>
10001ea2:	b300      	cbz	r0, 10001ee6 <xQueueGiveFromISR+0xce>
10001ea4:	b30f      	cbz	r7, 10001eea <xQueueGiveFromISR+0xd2>
10001ea6:	2401      	movs	r4, #1
10001ea8:	603c      	str	r4, [r7, #0]
10001eaa:	e013      	b.n	10001ed4 <xQueueGiveFromISR+0xbc>
10001eac:	f000 fc34 	bl	10002718 <uxTaskGetNumberOfTasks>
10001eb0:	4286      	cmp	r6, r0
10001eb2:	d21c      	bcs.n	10001eee <xQueueGiveFromISR+0xd6>
10001eb4:	2e7f      	cmp	r6, #127	@ 0x7f
10001eb6:	d005      	beq.n	10001ec4 <xQueueGiveFromISR+0xac>
10001eb8:	3601      	adds	r6, #1
10001eba:	b276      	sxtb	r6, r6
10001ebc:	f884 6045 	strb.w	r6, [r4, #69]	@ 0x45
10001ec0:	2401      	movs	r4, #1
10001ec2:	e007      	b.n	10001ed4 <xQueueGiveFromISR+0xbc>
10001ec4:	4b10      	ldr	r3, [pc, #64]	@ (10001f08 <xQueueGiveFromISR+0xf0>)
10001ec6:	4a0c      	ldr	r2, [pc, #48]	@ (10001ef8 <xQueueGiveFromISR+0xe0>)
10001ec8:	f240 51cb 	movw	r1, #1483	@ 0x5cb
10001ecc:	480b      	ldr	r0, [pc, #44]	@ (10001efc <xQueueGiveFromISR+0xe4>)
10001ece:	f005 fcaf 	bl	10007830 <__assert_func>
10001ed2:	2400      	movs	r4, #0
10001ed4:	4628      	mov	r0, r5
10001ed6:	f7ff fb22 	bl	1000151e <vClearInterruptMask>
10001eda:	4620      	mov	r0, r4
10001edc:	bdf8      	pop	{r3, r4, r5, r6, r7, pc}
10001ede:	2401      	movs	r4, #1
10001ee0:	e7f8      	b.n	10001ed4 <xQueueGiveFromISR+0xbc>
10001ee2:	2401      	movs	r4, #1
10001ee4:	e7f6      	b.n	10001ed4 <xQueueGiveFromISR+0xbc>
10001ee6:	2401      	movs	r4, #1
10001ee8:	e7f4      	b.n	10001ed4 <xQueueGiveFromISR+0xbc>
10001eea:	2401      	movs	r4, #1
10001eec:	e7f2      	b.n	10001ed4 <xQueueGiveFromISR+0xbc>
10001eee:	2401      	movs	r4, #1
10001ef0:	e7f0      	b.n	10001ed4 <xQueueGiveFromISR+0xbc>
10001ef2:	bf00      	nop
10001ef4:	10009c50 	.word	0x10009c50
10001ef8:	1000a9ac 	.word	0x1000a9ac
10001efc:	10009b84 	.word	0x10009b84
10001f00:	10009d30 	.word	0x10009d30
10001f04:	10009d4c 	.word	0x10009d4c
10001f08:	10009c2c 	.word	0x10009c2c

10001f0c <xQueueReceive>:
10001f0c:	b5f0      	push	{r4, r5, r6, r7, lr}
10001f0e:	b085      	sub	sp, #20
10001f10:	9201      	str	r2, [sp, #4]
10001f12:	b180      	cbz	r0, 10001f36 <xQueueReceive+0x2a>
10001f14:	460f      	mov	r7, r1
10001f16:	4604      	mov	r4, r0
10001f18:	b1a1      	cbz	r1, 10001f44 <xQueueReceive+0x38>
10001f1a:	f001 f81d 	bl	10002f58 <xTaskGetSchedulerState>
10001f1e:	4606      	mov	r6, r0
10001f20:	b9d0      	cbnz	r0, 10001f58 <xQueueReceive+0x4c>
10001f22:	9b01      	ldr	r3, [sp, #4]
10001f24:	2b00      	cmp	r3, #0
10001f26:	d050      	beq.n	10001fca <xQueueReceive+0xbe>
10001f28:	4b45      	ldr	r3, [pc, #276]	@ (10002040 <xQueueReceive+0x134>)
10001f2a:	4a46      	ldr	r2, [pc, #280]	@ (10002044 <xQueueReceive+0x138>)
10001f2c:	f240 51f2 	movw	r1, #1522	@ 0x5f2
10001f30:	4845      	ldr	r0, [pc, #276]	@ (10002048 <xQueueReceive+0x13c>)
10001f32:	f005 fc7d 	bl	10007830 <__assert_func>
10001f36:	4b45      	ldr	r3, [pc, #276]	@ (1000204c <xQueueReceive+0x140>)
10001f38:	4a42      	ldr	r2, [pc, #264]	@ (10002044 <xQueueReceive+0x138>)
10001f3a:	f240 51e9 	movw	r1, #1513	@ 0x5e9
10001f3e:	4842      	ldr	r0, [pc, #264]	@ (10002048 <xQueueReceive+0x13c>)
10001f40:	f005 fc76 	bl	10007830 <__assert_func>
10001f44:	6c03      	ldr	r3, [r0, #64]	@ 0x40
10001f46:	2b00      	cmp	r3, #0
10001f48:	d0e7      	beq.n	10001f1a <xQueueReceive+0xe>
10001f4a:	4b41      	ldr	r3, [pc, #260]	@ (10002050 <xQueueReceive+0x144>)
10001f4c:	4a3d      	ldr	r2, [pc, #244]	@ (10002044 <xQueueReceive+0x138>)
10001f4e:	f240 51ed 	movw	r1, #1517	@ 0x5ed
10001f52:	483d      	ldr	r0, [pc, #244]	@ (10002048 <xQueueReceive+0x13c>)
10001f54:	f005 fc6c 	bl	10007830 <__assert_func>
10001f58:	2600      	movs	r6, #0
10001f5a:	e036      	b.n	10001fca <xQueueReceive+0xbe>
10001f5c:	4639      	mov	r1, r7
10001f5e:	4620      	mov	r0, r4
10001f60:	f7ff fcc6 	bl	100018f0 <prvCopyDataFromQueue>
10001f64:	3d01      	subs	r5, #1
10001f66:	63a5      	str	r5, [r4, #56]	@ 0x38
10001f68:	6923      	ldr	r3, [r4, #16]
10001f6a:	b923      	cbnz	r3, 10001f76 <xQueueReceive+0x6a>
10001f6c:	f7ff f832 	bl	10000fd4 <vPortExitCritical>
10001f70:	2001      	movs	r0, #1
10001f72:	b005      	add	sp, #20
10001f74:	bdf0      	pop	{r4, r5, r6, r7, pc}
10001f76:	f104 0010 	add.w	r0, r4, #16
10001f7a:	f000 fe89 	bl	10002c90 <xTaskRemoveFromEventList>
10001f7e:	2800      	cmp	r0, #0
10001f80:	d0f4      	beq.n	10001f6c <xQueueReceive+0x60>
10001f82:	f7ff f80d 	bl	10000fa0 <vPortYield>
10001f86:	e7f1      	b.n	10001f6c <xQueueReceive+0x60>
10001f88:	f7ff f824 	bl	10000fd4 <vPortExitCritical>
10001f8c:	2000      	movs	r0, #0
10001f8e:	e7f0      	b.n	10001f72 <xQueueReceive+0x66>
10001f90:	a802      	add	r0, sp, #8
10001f92:	f000 ff73 	bl	10002e7c <vTaskInternalSetTimeOutState>
10001f96:	2601      	movs	r6, #1
10001f98:	e021      	b.n	10001fde <xQueueReceive+0xd2>
10001f9a:	2300      	movs	r3, #0
10001f9c:	f884 3044 	strb.w	r3, [r4, #68]	@ 0x44
10001fa0:	e029      	b.n	10001ff6 <xQueueReceive+0xea>
10001fa2:	2300      	movs	r3, #0
10001fa4:	f884 3045 	strb.w	r3, [r4, #69]	@ 0x45
10001fa8:	e02b      	b.n	10002002 <xQueueReceive+0xf6>
10001faa:	4620      	mov	r0, r4
10001fac:	f7ff fd04 	bl	100019b8 <prvUnlockQueue>
10001fb0:	f000 fc78 	bl	100028a4 <xTaskResumeAll>
10001fb4:	e009      	b.n	10001fca <xQueueReceive+0xbe>
10001fb6:	4620      	mov	r0, r4
10001fb8:	f7ff fcfe 	bl	100019b8 <prvUnlockQueue>
10001fbc:	f000 fc72 	bl	100028a4 <xTaskResumeAll>
10001fc0:	4620      	mov	r0, r4
10001fc2:	f7ff fc4d 	bl	10001860 <prvIsQueueEmpty>
10001fc6:	2800      	cmp	r0, #0
10001fc8:	d137      	bne.n	1000203a <xQueueReceive+0x12e>
10001fca:	f7fe fff5 	bl	10000fb8 <vPortEnterCritical>
10001fce:	6ba5      	ldr	r5, [r4, #56]	@ 0x38
10001fd0:	2d00      	cmp	r5, #0
10001fd2:	d1c3      	bne.n	10001f5c <xQueueReceive+0x50>
10001fd4:	9b01      	ldr	r3, [sp, #4]
10001fd6:	2b00      	cmp	r3, #0
10001fd8:	d0d6      	beq.n	10001f88 <xQueueReceive+0x7c>
10001fda:	2e00      	cmp	r6, #0
10001fdc:	d0d8      	beq.n	10001f90 <xQueueReceive+0x84>
10001fde:	f7fe fff9 	bl	10000fd4 <vPortExitCritical>
10001fe2:	f000 fb8b 	bl	100026fc <vTaskSuspendAll>
10001fe6:	f7fe ffe7 	bl	10000fb8 <vPortEnterCritical>
10001fea:	f894 3044 	ldrb.w	r3, [r4, #68]	@ 0x44
10001fee:	b25b      	sxtb	r3, r3
10001ff0:	f1b3 3fff 	cmp.w	r3, #4294967295
10001ff4:	d0d1      	beq.n	10001f9a <xQueueReceive+0x8e>
10001ff6:	f894 3045 	ldrb.w	r3, [r4, #69]	@ 0x45
10001ffa:	b25b      	sxtb	r3, r3
10001ffc:	f1b3 3fff 	cmp.w	r3, #4294967295
10002000:	d0cf      	beq.n	10001fa2 <xQueueReceive+0x96>
10002002:	f7fe ffe7 	bl	10000fd4 <vPortExitCritical>
10002006:	a901      	add	r1, sp, #4
10002008:	a802      	add	r0, sp, #8
1000200a:	f000 ff43 	bl	10002e94 <xTaskCheckForTimeOut>
1000200e:	2800      	cmp	r0, #0
10002010:	d1d1      	bne.n	10001fb6 <xQueueReceive+0xaa>
10002012:	4620      	mov	r0, r4
10002014:	f7ff fc24 	bl	10001860 <prvIsQueueEmpty>
10002018:	2800      	cmp	r0, #0
1000201a:	d0c6      	beq.n	10001faa <xQueueReceive+0x9e>
1000201c:	9901      	ldr	r1, [sp, #4]
1000201e:	f104 0024 	add.w	r0, r4, #36	@ 0x24
10002022:	f000 fdaf 	bl	10002b84 <vTaskPlaceOnEventList>
10002026:	4620      	mov	r0, r4
10002028:	f7ff fcc6 	bl	100019b8 <prvUnlockQueue>
1000202c:	f000 fc3a 	bl	100028a4 <xTaskResumeAll>
10002030:	2800      	cmp	r0, #0
10002032:	d1ca      	bne.n	10001fca <xQueueReceive+0xbe>
10002034:	f7fe ffb4 	bl	10000fa0 <vPortYield>
10002038:	e7c7      	b.n	10001fca <xQueueReceive+0xbe>
1000203a:	2000      	movs	r0, #0
1000203c:	e799      	b.n	10001f72 <xQueueReceive+0x66>
1000203e:	bf00      	nop
10002040:	10009ae8 	.word	0x10009ae8
10002044:	1000a99c 	.word	0x1000a99c
10002048:	10009b84 	.word	0x10009b84
1000204c:	10009db0 	.word	0x10009db0
10002050:	10009dbc 	.word	0x10009dbc

10002054 <xQueueSemaphoreTake>:
10002054:	b570      	push	{r4, r5, r6, lr}
10002056:	b084      	sub	sp, #16
10002058:	9101      	str	r1, [sp, #4]
1000205a:	b150      	cbz	r0, 10002072 <xQueueSemaphoreTake+0x1e>
1000205c:	4604      	mov	r4, r0
1000205e:	6c03      	ldr	r3, [r0, #64]	@ 0x40
10002060:	b973      	cbnz	r3, 10002080 <xQueueSemaphoreTake+0x2c>
10002062:	f000 ff79 	bl	10002f58 <xTaskGetSchedulerState>
10002066:	4605      	mov	r5, r0
10002068:	b9c0      	cbnz	r0, 1000209c <xQueueSemaphoreTake+0x48>
1000206a:	9b01      	ldr	r3, [sp, #4]
1000206c:	b97b      	cbnz	r3, 1000208e <xQueueSemaphoreTake+0x3a>
1000206e:	4606      	mov	r6, r0
10002070:	e059      	b.n	10002126 <xQueueSemaphoreTake+0xd2>
10002072:	4b52      	ldr	r3, [pc, #328]	@ (100021bc <xQueueSemaphoreTake+0x168>)
10002074:	4a52      	ldr	r2, [pc, #328]	@ (100021c0 <xQueueSemaphoreTake+0x16c>)
10002076:	f240 6182 	movw	r1, #1666	@ 0x682
1000207a:	4852      	ldr	r0, [pc, #328]	@ (100021c4 <xQueueSemaphoreTake+0x170>)
1000207c:	f005 fbd8 	bl	10007830 <__assert_func>
10002080:	4b51      	ldr	r3, [pc, #324]	@ (100021c8 <xQueueSemaphoreTake+0x174>)
10002082:	4a4f      	ldr	r2, [pc, #316]	@ (100021c0 <xQueueSemaphoreTake+0x16c>)
10002084:	f240 6186 	movw	r1, #1670	@ 0x686
10002088:	484e      	ldr	r0, [pc, #312]	@ (100021c4 <xQueueSemaphoreTake+0x170>)
1000208a:	f005 fbd1 	bl	10007830 <__assert_func>
1000208e:	4b4f      	ldr	r3, [pc, #316]	@ (100021cc <xQueueSemaphoreTake+0x178>)
10002090:	4a4b      	ldr	r2, [pc, #300]	@ (100021c0 <xQueueSemaphoreTake+0x16c>)
10002092:	f240 618b 	movw	r1, #1675	@ 0x68b
10002096:	484b      	ldr	r0, [pc, #300]	@ (100021c4 <xQueueSemaphoreTake+0x170>)
10002098:	f005 fbca 	bl	10007830 <__assert_func>
1000209c:	2600      	movs	r6, #0
1000209e:	4635      	mov	r5, r6
100020a0:	e041      	b.n	10002126 <xQueueSemaphoreTake+0xd2>
100020a2:	3b01      	subs	r3, #1
100020a4:	63a3      	str	r3, [r4, #56]	@ 0x38
100020a6:	6823      	ldr	r3, [r4, #0]
100020a8:	b133      	cbz	r3, 100020b8 <xQueueSemaphoreTake+0x64>
100020aa:	6923      	ldr	r3, [r4, #16]
100020ac:	b943      	cbnz	r3, 100020c0 <xQueueSemaphoreTake+0x6c>
100020ae:	f7fe ff91 	bl	10000fd4 <vPortExitCritical>
100020b2:	2001      	movs	r0, #1
100020b4:	b004      	add	sp, #16
100020b6:	bd70      	pop	{r4, r5, r6, pc}
100020b8:	f001 f8a2 	bl	10003200 <pvTaskIncrementMutexHeldCount>
100020bc:	60a0      	str	r0, [r4, #8]
100020be:	e7f4      	b.n	100020aa <xQueueSemaphoreTake+0x56>
100020c0:	f104 0010 	add.w	r0, r4, #16
100020c4:	f000 fde4 	bl	10002c90 <xTaskRemoveFromEventList>
100020c8:	2800      	cmp	r0, #0
100020ca:	d0f0      	beq.n	100020ae <xQueueSemaphoreTake+0x5a>
100020cc:	f7fe ff68 	bl	10000fa0 <vPortYield>
100020d0:	e7ed      	b.n	100020ae <xQueueSemaphoreTake+0x5a>
100020d2:	f7fe ff7f 	bl	10000fd4 <vPortExitCritical>
100020d6:	2000      	movs	r0, #0
100020d8:	e7ec      	b.n	100020b4 <xQueueSemaphoreTake+0x60>
100020da:	a802      	add	r0, sp, #8
100020dc:	f000 fece 	bl	10002e7c <vTaskInternalSetTimeOutState>
100020e0:	2501      	movs	r5, #1
100020e2:	e02a      	b.n	1000213a <xQueueSemaphoreTake+0xe6>
100020e4:	2300      	movs	r3, #0
100020e6:	f884 3044 	strb.w	r3, [r4, #68]	@ 0x44
100020ea:	e032      	b.n	10002152 <xQueueSemaphoreTake+0xfe>
100020ec:	2300      	movs	r3, #0
100020ee:	f884 3045 	strb.w	r3, [r4, #69]	@ 0x45
100020f2:	e034      	b.n	1000215e <xQueueSemaphoreTake+0x10a>
100020f4:	f7fe ff60 	bl	10000fb8 <vPortEnterCritical>
100020f8:	68a0      	ldr	r0, [r4, #8]
100020fa:	f000 ff3d 	bl	10002f78 <xTaskPriorityInherit>
100020fe:	4606      	mov	r6, r0
10002100:	f7fe ff68 	bl	10000fd4 <vPortExitCritical>
10002104:	e03b      	b.n	1000217e <xQueueSemaphoreTake+0x12a>
10002106:	4620      	mov	r0, r4
10002108:	f7ff fc56 	bl	100019b8 <prvUnlockQueue>
1000210c:	f000 fbca 	bl	100028a4 <xTaskResumeAll>
10002110:	e009      	b.n	10002126 <xQueueSemaphoreTake+0xd2>
10002112:	4620      	mov	r0, r4
10002114:	f7ff fc50 	bl	100019b8 <prvUnlockQueue>
10002118:	f000 fbc4 	bl	100028a4 <xTaskResumeAll>
1000211c:	4620      	mov	r0, r4
1000211e:	f7ff fb9f 	bl	10001860 <prvIsQueueEmpty>
10002122:	2800      	cmp	r0, #0
10002124:	d13a      	bne.n	1000219c <xQueueSemaphoreTake+0x148>
10002126:	f7fe ff47 	bl	10000fb8 <vPortEnterCritical>
1000212a:	6ba3      	ldr	r3, [r4, #56]	@ 0x38
1000212c:	2b00      	cmp	r3, #0
1000212e:	d1b8      	bne.n	100020a2 <xQueueSemaphoreTake+0x4e>
10002130:	9b01      	ldr	r3, [sp, #4]
10002132:	2b00      	cmp	r3, #0
10002134:	d0cd      	beq.n	100020d2 <xQueueSemaphoreTake+0x7e>
10002136:	2d00      	cmp	r5, #0
10002138:	d0cf      	beq.n	100020da <xQueueSemaphoreTake+0x86>
1000213a:	f7fe ff4b 	bl	10000fd4 <vPortExitCritical>
1000213e:	f000 fadd 	bl	100026fc <vTaskSuspendAll>
10002142:	f7fe ff39 	bl	10000fb8 <vPortEnterCritical>
10002146:	f894 3044 	ldrb.w	r3, [r4, #68]	@ 0x44
1000214a:	b25b      	sxtb	r3, r3
1000214c:	f1b3 3fff 	cmp.w	r3, #4294967295
10002150:	d0c8      	beq.n	100020e4 <xQueueSemaphoreTake+0x90>
10002152:	f894 3045 	ldrb.w	r3, [r4, #69]	@ 0x45
10002156:	b25b      	sxtb	r3, r3
10002158:	f1b3 3fff 	cmp.w	r3, #4294967295
1000215c:	d0c6      	beq.n	100020ec <xQueueSemaphoreTake+0x98>
1000215e:	f7fe ff39 	bl	10000fd4 <vPortExitCritical>
10002162:	a901      	add	r1, sp, #4
10002164:	a802      	add	r0, sp, #8
10002166:	f000 fe95 	bl	10002e94 <xTaskCheckForTimeOut>
1000216a:	2800      	cmp	r0, #0
1000216c:	d1d1      	bne.n	10002112 <xQueueSemaphoreTake+0xbe>
1000216e:	4620      	mov	r0, r4
10002170:	f7ff fb76 	bl	10001860 <prvIsQueueEmpty>
10002174:	2800      	cmp	r0, #0
10002176:	d0c6      	beq.n	10002106 <xQueueSemaphoreTake+0xb2>
10002178:	6823      	ldr	r3, [r4, #0]
1000217a:	2b00      	cmp	r3, #0
1000217c:	d0ba      	beq.n	100020f4 <xQueueSemaphoreTake+0xa0>
1000217e:	9901      	ldr	r1, [sp, #4]
10002180:	f104 0024 	add.w	r0, r4, #36	@ 0x24
10002184:	f000 fcfe 	bl	10002b84 <vTaskPlaceOnEventList>
10002188:	4620      	mov	r0, r4
1000218a:	f7ff fc15 	bl	100019b8 <prvUnlockQueue>
1000218e:	f000 fb89 	bl	100028a4 <xTaskResumeAll>
10002192:	2800      	cmp	r0, #0
10002194:	d1c7      	bne.n	10002126 <xQueueSemaphoreTake+0xd2>
10002196:	f7fe ff03 	bl	10000fa0 <vPortYield>
1000219a:	e7c4      	b.n	10002126 <xQueueSemaphoreTake+0xd2>
1000219c:	b90e      	cbnz	r6, 100021a2 <xQueueSemaphoreTake+0x14e>
1000219e:	2000      	movs	r0, #0
100021a0:	e788      	b.n	100020b4 <xQueueSemaphoreTake+0x60>
100021a2:	f7fe ff09 	bl	10000fb8 <vPortEnterCritical>
100021a6:	4620      	mov	r0, r4
100021a8:	f7ff fb43 	bl	10001832 <prvGetDisinheritPriorityAfterTimeout>
100021ac:	4601      	mov	r1, r0
100021ae:	68a0      	ldr	r0, [r4, #8]
100021b0:	f000 ffac 	bl	1000310c <vTaskPriorityDisinheritAfterTimeout>
100021b4:	f7fe ff0e 	bl	10000fd4 <vPortExitCritical>
100021b8:	e7f1      	b.n	1000219e <xQueueSemaphoreTake+0x14a>
100021ba:	bf00      	nop
100021bc:	10009db0 	.word	0x10009db0
100021c0:	1000a988 	.word	0x1000a988
100021c4:	10009b84 	.word	0x10009b84
100021c8:	10009d30 	.word	0x10009d30
100021cc:	10009ae8 	.word	0x10009ae8

100021d0 <vQueueAddToRegistry>:
100021d0:	b510      	push	{r4, lr}
100021d2:	b120      	cbz	r0, 100021de <vQueueAddToRegistry+0xe>
100021d4:	4604      	mov	r4, r0
100021d6:	b321      	cbz	r1, 10002222 <vQueueAddToRegistry+0x52>
100021d8:	2000      	movs	r0, #0
100021da:	4603      	mov	r3, r0
100021dc:	e00b      	b.n	100021f6 <vQueueAddToRegistry+0x26>
100021de:	4b11      	ldr	r3, [pc, #68]	@ (10002224 <vQueueAddToRegistry+0x54>)
100021e0:	4a11      	ldr	r2, [pc, #68]	@ (10002228 <vQueueAddToRegistry+0x58>)
100021e2:	f640 31c9 	movw	r1, #3017	@ 0xbc9
100021e6:	4811      	ldr	r0, [pc, #68]	@ (1000222c <vQueueAddToRegistry+0x5c>)
100021e8:	f005 fb22 	bl	10007830 <__assert_func>
100021ec:	4810      	ldr	r0, [pc, #64]	@ (10002230 <vQueueAddToRegistry+0x60>)
100021ee:	eb00 00c3 	add.w	r0, r0, r3, lsl #3
100021f2:	e014      	b.n	1000221e <vQueueAddToRegistry+0x4e>
100021f4:	3301      	adds	r3, #1
100021f6:	2b07      	cmp	r3, #7
100021f8:	d810      	bhi.n	1000221c <vQueueAddToRegistry+0x4c>
100021fa:	4a0d      	ldr	r2, [pc, #52]	@ (10002230 <vQueueAddToRegistry+0x60>)
100021fc:	eb02 02c3 	add.w	r2, r2, r3, lsl #3
10002200:	6852      	ldr	r2, [r2, #4]
10002202:	42a2      	cmp	r2, r4
10002204:	d0f2      	beq.n	100021ec <vQueueAddToRegistry+0x1c>
10002206:	2800      	cmp	r0, #0
10002208:	d1f4      	bne.n	100021f4 <vQueueAddToRegistry+0x24>
1000220a:	4a09      	ldr	r2, [pc, #36]	@ (10002230 <vQueueAddToRegistry+0x60>)
1000220c:	f852 2033 	ldr.w	r2, [r2, r3, lsl #3]
10002210:	2a00      	cmp	r2, #0
10002212:	d1ef      	bne.n	100021f4 <vQueueAddToRegistry+0x24>
10002214:	4806      	ldr	r0, [pc, #24]	@ (10002230 <vQueueAddToRegistry+0x60>)
10002216:	eb00 00c3 	add.w	r0, r0, r3, lsl #3
1000221a:	e7eb      	b.n	100021f4 <vQueueAddToRegistry+0x24>
1000221c:	b108      	cbz	r0, 10002222 <vQueueAddToRegistry+0x52>
1000221e:	6001      	str	r1, [r0, #0]
10002220:	6044      	str	r4, [r0, #4]
10002222:	bd10      	pop	{r4, pc}
10002224:	10009e18 	.word	0x10009e18
10002228:	1000a974 	.word	0x1000a974
1000222c:	10009b84 	.word	0x10009b84
10002230:	20021328 	.word	0x20021328

10002234 <vQueueWaitForMessageRestricted>:
10002234:	b570      	push	{r4, r5, r6, lr}
10002236:	4604      	mov	r4, r0
10002238:	460d      	mov	r5, r1
1000223a:	4616      	mov	r6, r2
1000223c:	f7fe febc 	bl	10000fb8 <vPortEnterCritical>
10002240:	f894 3044 	ldrb.w	r3, [r4, #68]	@ 0x44
10002244:	b25b      	sxtb	r3, r3
10002246:	f1b3 3fff 	cmp.w	r3, #4294967295
1000224a:	d00d      	beq.n	10002268 <vQueueWaitForMessageRestricted+0x34>
1000224c:	f894 3045 	ldrb.w	r3, [r4, #69]	@ 0x45
10002250:	b25b      	sxtb	r3, r3
10002252:	f1b3 3fff 	cmp.w	r3, #4294967295
10002256:	d00b      	beq.n	10002270 <vQueueWaitForMessageRestricted+0x3c>
10002258:	f7fe febc 	bl	10000fd4 <vPortExitCritical>
1000225c:	6ba3      	ldr	r3, [r4, #56]	@ 0x38
1000225e:	b15b      	cbz	r3, 10002278 <vQueueWaitForMessageRestricted+0x44>
10002260:	4620      	mov	r0, r4
10002262:	f7ff fba9 	bl	100019b8 <prvUnlockQueue>
10002266:	bd70      	pop	{r4, r5, r6, pc}
10002268:	2300      	movs	r3, #0
1000226a:	f884 3044 	strb.w	r3, [r4, #68]	@ 0x44
1000226e:	e7ed      	b.n	1000224c <vQueueWaitForMessageRestricted+0x18>
10002270:	2300      	movs	r3, #0
10002272:	f884 3045 	strb.w	r3, [r4, #69]	@ 0x45
10002276:	e7ef      	b.n	10002258 <vQueueWaitForMessageRestricted+0x24>
10002278:	4632      	mov	r2, r6
1000227a:	4629      	mov	r1, r5
1000227c:	f104 0024 	add.w	r0, r4, #36	@ 0x24
10002280:	f000 fcd8 	bl	10002c34 <vTaskPlaceOnEventListRestricted>
10002284:	e7ec      	b.n	10002260 <vQueueWaitForMessageRestricted+0x2c>
	...

10002288 <prvResetNextTaskUnblockTime>:
10002288:	4b07      	ldr	r3, [pc, #28]	@ (100022a8 <prvResetNextTaskUnblockTime+0x20>)
1000228a:	681b      	ldr	r3, [r3, #0]
1000228c:	681b      	ldr	r3, [r3, #0]
1000228e:	b923      	cbnz	r3, 1000229a <prvResetNextTaskUnblockTime+0x12>
10002290:	4b06      	ldr	r3, [pc, #24]	@ (100022ac <prvResetNextTaskUnblockTime+0x24>)
10002292:	f04f 32ff 	mov.w	r2, #4294967295
10002296:	601a      	str	r2, [r3, #0]
10002298:	4770      	bx	lr
1000229a:	4b03      	ldr	r3, [pc, #12]	@ (100022a8 <prvResetNextTaskUnblockTime+0x20>)
1000229c:	681b      	ldr	r3, [r3, #0]
1000229e:	68db      	ldr	r3, [r3, #12]
100022a0:	681a      	ldr	r2, [r3, #0]
100022a2:	4b02      	ldr	r3, [pc, #8]	@ (100022ac <prvResetNextTaskUnblockTime+0x24>)
100022a4:	601a      	str	r2, [r3, #0]
100022a6:	4770      	bx	lr
100022a8:	20000fd0 	.word	0x20000fd0
100022ac:	20021300 	.word	0x20021300

100022b0 <prvDeleteTCB>:
100022b0:	b510      	push	{r4, lr}
100022b2:	4604      	mov	r4, r0
100022b4:	6b00      	ldr	r0, [r0, #48]	@ 0x30
100022b6:	f7fe fd65 	bl	10000d84 <vPortFree>
100022ba:	4620      	mov	r0, r4
100022bc:	f7fe fd62 	bl	10000d84 <vPortFree>
100022c0:	bd10      	pop	{r4, pc}
	...

100022c4 <prvInitialiseNewTask>:
100022c4:	e92d 47f0 	stmdb	sp!, {r4, r5, r6, r7, r8, r9, sl, lr}
100022c8:	4680      	mov	r8, r0
100022ca:	460d      	mov	r5, r1
100022cc:	4617      	mov	r7, r2
100022ce:	4699      	mov	r9, r3
100022d0:	9e08      	ldr	r6, [sp, #32]
100022d2:	f8dd a024 	ldr.w	sl, [sp, #36]	@ 0x24
100022d6:	9c0a      	ldr	r4, [sp, #40]	@ 0x28
100022d8:	0092      	lsls	r2, r2, #2
100022da:	21a5      	movs	r1, #165	@ 0xa5
100022dc:	6b20      	ldr	r0, [r4, #48]	@ 0x30
100022de:	f006 fd65 	bl	10008dac <memset>
100022e2:	6b23      	ldr	r3, [r4, #48]	@ 0x30
100022e4:	f107 4280 	add.w	r2, r7, #1073741824	@ 0x40000000
100022e8:	3a01      	subs	r2, #1
100022ea:	eb03 0782 	add.w	r7, r3, r2, lsl #2
100022ee:	f027 0707 	bic.w	r7, r7, #7
100022f2:	b18d      	cbz	r5, 10002318 <prvInitialiseNewTask+0x54>
100022f4:	f04f 0c00 	mov.w	ip, #0
100022f8:	f1bc 0f0f 	cmp.w	ip, #15
100022fc:	d809      	bhi.n	10002312 <prvInitialiseNewTask+0x4e>
100022fe:	f815 300c 	ldrb.w	r3, [r5, ip]
10002302:	eb04 020c 	add.w	r2, r4, ip
10002306:	f882 3034 	strb.w	r3, [r2, #52]	@ 0x34
1000230a:	b113      	cbz	r3, 10002312 <prvInitialiseNewTask+0x4e>
1000230c:	f10c 0c01 	add.w	ip, ip, #1
10002310:	e7f2      	b.n	100022f8 <prvInitialiseNewTask+0x34>
10002312:	2300      	movs	r3, #0
10002314:	f884 3043 	strb.w	r3, [r4, #67]	@ 0x43
10002318:	2e1f      	cmp	r6, #31
1000231a:	d81b      	bhi.n	10002354 <prvInitialiseNewTask+0x90>
1000231c:	62e6      	str	r6, [r4, #44]	@ 0x2c
1000231e:	64e6      	str	r6, [r4, #76]	@ 0x4c
10002320:	1d20      	adds	r0, r4, #4
10002322:	f7ff fa58 	bl	100017d6 <vListInitialiseItem>
10002326:	f104 0018 	add.w	r0, r4, #24
1000232a:	f7ff fa54 	bl	100017d6 <vListInitialiseItem>
1000232e:	6124      	str	r4, [r4, #16]
10002330:	f1c6 0620 	rsb	r6, r6, #32
10002334:	61a6      	str	r6, [r4, #24]
10002336:	6264      	str	r4, [r4, #36]	@ 0x24
10002338:	464b      	mov	r3, r9
1000233a:	4642      	mov	r2, r8
1000233c:	6b21      	ldr	r1, [r4, #48]	@ 0x30
1000233e:	4638      	mov	r0, r7
10002340:	f7fe fe7e 	bl	10001040 <pxPortInitialiseStack>
10002344:	6020      	str	r0, [r4, #0]
10002346:	f1ba 0f00 	cmp.w	sl, #0
1000234a:	d001      	beq.n	10002350 <prvInitialiseNewTask+0x8c>
1000234c:	f8ca 4000 	str.w	r4, [sl]
10002350:	e8bd 87f0 	ldmia.w	sp!, {r4, r5, r6, r7, r8, r9, sl, pc}
10002354:	4b03      	ldr	r3, [pc, #12]	@ (10002364 <prvInitialiseNewTask+0xa0>)
10002356:	4a04      	ldr	r2, [pc, #16]	@ (10002368 <prvInitialiseNewTask+0xa4>)
10002358:	f240 7166 	movw	r1, #1894	@ 0x766
1000235c:	4803      	ldr	r0, [pc, #12]	@ (1000236c <prvInitialiseNewTask+0xa8>)
1000235e:	f005 fa67 	bl	10007830 <__assert_func>
10002362:	bf00      	nop
10002364:	10009e88 	.word	0x10009e88
10002368:	1000ab88 	.word	0x1000ab88
1000236c:	10009e28 	.word	0x10009e28

10002370 <prvCreateTask>:
10002370:	e92d 43f0 	stmdb	sp!, {r4, r5, r6, r7, r8, r9, lr}
10002374:	b085      	sub	sp, #20
10002376:	4606      	mov	r6, r0
10002378:	460f      	mov	r7, r1
1000237a:	4614      	mov	r4, r2
1000237c:	4698      	mov	r8, r3
1000237e:	0090      	lsls	r0, r2, #2
10002380:	f7fe fc42 	bl	10000c08 <pvPortMalloc>
10002384:	4681      	mov	r9, r0
10002386:	b1f8      	cbz	r0, 100023c8 <prvCreateTask+0x58>
10002388:	2070      	movs	r0, #112	@ 0x70
1000238a:	f7fe fc3d 	bl	10000c08 <pvPortMalloc>
1000238e:	4605      	mov	r5, r0
10002390:	b1b0      	cbz	r0, 100023c0 <prvCreateTask+0x50>
10002392:	2270      	movs	r2, #112	@ 0x70
10002394:	2100      	movs	r1, #0
10002396:	f006 fd09 	bl	10008dac <memset>
1000239a:	f8c5 9030 	str.w	r9, [r5, #48]	@ 0x30
1000239e:	2300      	movs	r3, #0
100023a0:	9303      	str	r3, [sp, #12]
100023a2:	9502      	str	r5, [sp, #8]
100023a4:	9b0d      	ldr	r3, [sp, #52]	@ 0x34
100023a6:	9301      	str	r3, [sp, #4]
100023a8:	9b0c      	ldr	r3, [sp, #48]	@ 0x30
100023aa:	9300      	str	r3, [sp, #0]
100023ac:	4643      	mov	r3, r8
100023ae:	4622      	mov	r2, r4
100023b0:	4639      	mov	r1, r7
100023b2:	4630      	mov	r0, r6
100023b4:	f7ff ff86 	bl	100022c4 <prvInitialiseNewTask>
100023b8:	4628      	mov	r0, r5
100023ba:	b005      	add	sp, #20
100023bc:	e8bd 83f0 	ldmia.w	sp!, {r4, r5, r6, r7, r8, r9, pc}
100023c0:	4648      	mov	r0, r9
100023c2:	f7fe fcdf 	bl	10000d84 <vPortFree>
100023c6:	e7f7      	b.n	100023b8 <prvCreateTask+0x48>
100023c8:	4605      	mov	r5, r0
100023ca:	e7f5      	b.n	100023b8 <prvCreateTask+0x48>

100023cc <prvInitialiseTaskLists>:
100023cc:	b538      	push	{r3, r4, r5, lr}
100023ce:	2400      	movs	r4, #0
100023d0:	e007      	b.n	100023e2 <prvInitialiseTaskLists+0x16>
100023d2:	eb04 0284 	add.w	r2, r4, r4, lsl #2
100023d6:	0093      	lsls	r3, r2, #2
100023d8:	480e      	ldr	r0, [pc, #56]	@ (10002414 <prvInitialiseTaskLists+0x48>)
100023da:	4418      	add	r0, r3
100023dc:	f7ff f9f0 	bl	100017c0 <vListInitialise>
100023e0:	3401      	adds	r4, #1
100023e2:	2c1f      	cmp	r4, #31
100023e4:	d9f5      	bls.n	100023d2 <prvInitialiseTaskLists+0x6>
100023e6:	4d0c      	ldr	r5, [pc, #48]	@ (10002418 <prvInitialiseTaskLists+0x4c>)
100023e8:	4628      	mov	r0, r5
100023ea:	f7ff f9e9 	bl	100017c0 <vListInitialise>
100023ee:	4c0b      	ldr	r4, [pc, #44]	@ (1000241c <prvInitialiseTaskLists+0x50>)
100023f0:	4620      	mov	r0, r4
100023f2:	f7ff f9e5 	bl	100017c0 <vListInitialise>
100023f6:	480a      	ldr	r0, [pc, #40]	@ (10002420 <prvInitialiseTaskLists+0x54>)
100023f8:	f7ff f9e2 	bl	100017c0 <vListInitialise>
100023fc:	4809      	ldr	r0, [pc, #36]	@ (10002424 <prvInitialiseTaskLists+0x58>)
100023fe:	f7ff f9df 	bl	100017c0 <vListInitialise>
10002402:	4809      	ldr	r0, [pc, #36]	@ (10002428 <prvInitialiseTaskLists+0x5c>)
10002404:	f7ff f9dc 	bl	100017c0 <vListInitialise>
10002408:	4b08      	ldr	r3, [pc, #32]	@ (1000242c <prvInitialiseTaskLists+0x60>)
1000240a:	601d      	str	r5, [r3, #0]
1000240c:	4b08      	ldr	r3, [pc, #32]	@ (10002430 <prvInitialiseTaskLists+0x64>)
1000240e:	601c      	str	r4, [r3, #0]
10002410:	bd38      	pop	{r3, r4, r5, pc}
10002412:	bf00      	nop
10002414:	20000fe0 	.word	0x20000fe0
10002418:	200212c4 	.word	0x200212c4
1000241c:	200212d8 	.word	0x200212d8
10002420:	20021314 	.word	0x20021314
10002424:	20021388 	.word	0x20021388
10002428:	20021374 	.word	0x20021374
1000242c:	20000fd0 	.word	0x20000fd0
10002430:	20000fd8 	.word	0x20000fd8

10002434 <prvAddNewTaskToReadyList>:
10002434:	b510      	push	{r4, lr}
10002436:	4604      	mov	r4, r0
10002438:	f7fe fdbe 	bl	10000fb8 <vPortEnterCritical>
1000243c:	4a27      	ldr	r2, [pc, #156]	@ (100024dc <prvAddNewTaskToReadyList+0xa8>)
1000243e:	6813      	ldr	r3, [r2, #0]
10002440:	3301      	adds	r3, #1
10002442:	6013      	str	r3, [r2, #0]
10002444:	4b26      	ldr	r3, [pc, #152]	@ (100024e0 <prvAddNewTaskToReadyList+0xac>)
10002446:	681b      	ldr	r3, [r3, #0]
10002448:	b15b      	cbz	r3, 10002462 <prvAddNewTaskToReadyList+0x2e>
1000244a:	4b26      	ldr	r3, [pc, #152]	@ (100024e4 <prvAddNewTaskToReadyList+0xb0>)
1000244c:	681b      	ldr	r3, [r3, #0]
1000244e:	b96b      	cbnz	r3, 1000246c <prvAddNewTaskToReadyList+0x38>
10002450:	4b23      	ldr	r3, [pc, #140]	@ (100024e0 <prvAddNewTaskToReadyList+0xac>)
10002452:	681b      	ldr	r3, [r3, #0]
10002454:	6ada      	ldr	r2, [r3, #44]	@ 0x2c
10002456:	6ae3      	ldr	r3, [r4, #44]	@ 0x2c
10002458:	429a      	cmp	r2, r3
1000245a:	d807      	bhi.n	1000246c <prvAddNewTaskToReadyList+0x38>
1000245c:	4b20      	ldr	r3, [pc, #128]	@ (100024e0 <prvAddNewTaskToReadyList+0xac>)
1000245e:	601c      	str	r4, [r3, #0]
10002460:	e004      	b.n	1000246c <prvAddNewTaskToReadyList+0x38>
10002462:	4b1f      	ldr	r3, [pc, #124]	@ (100024e0 <prvAddNewTaskToReadyList+0xac>)
10002464:	601c      	str	r4, [r3, #0]
10002466:	6813      	ldr	r3, [r2, #0]
10002468:	2b01      	cmp	r3, #1
1000246a:	d030      	beq.n	100024ce <prvAddNewTaskToReadyList+0x9a>
1000246c:	4a1e      	ldr	r2, [pc, #120]	@ (100024e8 <prvAddNewTaskToReadyList+0xb4>)
1000246e:	6813      	ldr	r3, [r2, #0]
10002470:	3301      	adds	r3, #1
10002472:	6013      	str	r3, [r2, #0]
10002474:	6463      	str	r3, [r4, #68]	@ 0x44
10002476:	6ae3      	ldr	r3, [r4, #44]	@ 0x2c
10002478:	2201      	movs	r2, #1
1000247a:	409a      	lsls	r2, r3
1000247c:	491b      	ldr	r1, [pc, #108]	@ (100024ec <prvAddNewTaskToReadyList+0xb8>)
1000247e:	6808      	ldr	r0, [r1, #0]
10002480:	4302      	orrs	r2, r0
10002482:	600a      	str	r2, [r1, #0]
10002484:	4a1a      	ldr	r2, [pc, #104]	@ (100024f0 <prvAddNewTaskToReadyList+0xbc>)
10002486:	eb03 0383 	add.w	r3, r3, r3, lsl #2
1000248a:	eb02 0383 	add.w	r3, r2, r3, lsl #2
1000248e:	685b      	ldr	r3, [r3, #4]
10002490:	60a3      	str	r3, [r4, #8]
10002492:	6898      	ldr	r0, [r3, #8]
10002494:	60e0      	str	r0, [r4, #12]
10002496:	1d21      	adds	r1, r4, #4
10002498:	6041      	str	r1, [r0, #4]
1000249a:	6099      	str	r1, [r3, #8]
1000249c:	6ae3      	ldr	r3, [r4, #44]	@ 0x2c
1000249e:	eb03 0183 	add.w	r1, r3, r3, lsl #2
100024a2:	eb02 0081 	add.w	r0, r2, r1, lsl #2
100024a6:	6160      	str	r0, [r4, #20]
100024a8:	f852 1021 	ldr.w	r1, [r2, r1, lsl #2]
100024ac:	3101      	adds	r1, #1
100024ae:	eb03 0383 	add.w	r3, r3, r3, lsl #2
100024b2:	f842 1023 	str.w	r1, [r2, r3, lsl #2]
100024b6:	f7fe fd8d 	bl	10000fd4 <vPortExitCritical>
100024ba:	4b0a      	ldr	r3, [pc, #40]	@ (100024e4 <prvAddNewTaskToReadyList+0xb0>)
100024bc:	681b      	ldr	r3, [r3, #0]
100024be:	b12b      	cbz	r3, 100024cc <prvAddNewTaskToReadyList+0x98>
100024c0:	4b07      	ldr	r3, [pc, #28]	@ (100024e0 <prvAddNewTaskToReadyList+0xac>)
100024c2:	681b      	ldr	r3, [r3, #0]
100024c4:	6ada      	ldr	r2, [r3, #44]	@ 0x2c
100024c6:	6ae3      	ldr	r3, [r4, #44]	@ 0x2c
100024c8:	429a      	cmp	r2, r3
100024ca:	d303      	bcc.n	100024d4 <prvAddNewTaskToReadyList+0xa0>
100024cc:	bd10      	pop	{r4, pc}
100024ce:	f7ff ff7d 	bl	100023cc <prvInitialiseTaskLists>
100024d2:	e7cb      	b.n	1000246c <prvAddNewTaskToReadyList+0x38>
100024d4:	f7fe fd64 	bl	10000fa0 <vPortYield>
100024d8:	e7f8      	b.n	100024cc <prvAddNewTaskToReadyList+0x98>
100024da:	bf00      	nop
100024dc:	20021288 	.word	0x20021288
100024e0:	20000fc8 	.word	0x20000fc8
100024e4:	20021368 	.word	0x20021368
100024e8:	20021294 	.word	0x20021294
100024ec:	20021298 	.word	0x20021298
100024f0:	20000fe0 	.word	0x20000fe0

100024f4 <prvCheckTasksWaitingTermination>:
100024f4:	4b0f      	ldr	r3, [pc, #60]	@ (10002534 <prvCheckTasksWaitingTermination+0x40>)
100024f6:	681b      	ldr	r3, [r3, #0]
100024f8:	b1d3      	cbz	r3, 10002530 <prvCheckTasksWaitingTermination+0x3c>
100024fa:	b510      	push	{r4, lr}
100024fc:	f7fe fd5c 	bl	10000fb8 <vPortEnterCritical>
10002500:	4b0d      	ldr	r3, [pc, #52]	@ (10002538 <prvCheckTasksWaitingTermination+0x44>)
10002502:	68db      	ldr	r3, [r3, #12]
10002504:	68dc      	ldr	r4, [r3, #12]
10002506:	1d20      	adds	r0, r4, #4
10002508:	f7ff f981 	bl	1000180e <uxListRemove>
1000250c:	4a0b      	ldr	r2, [pc, #44]	@ (1000253c <prvCheckTasksWaitingTermination+0x48>)
1000250e:	6813      	ldr	r3, [r2, #0]
10002510:	3b01      	subs	r3, #1
10002512:	6013      	str	r3, [r2, #0]
10002514:	4a07      	ldr	r2, [pc, #28]	@ (10002534 <prvCheckTasksWaitingTermination+0x40>)
10002516:	6813      	ldr	r3, [r2, #0]
10002518:	3b01      	subs	r3, #1
1000251a:	6013      	str	r3, [r2, #0]
1000251c:	f7fe fd5a 	bl	10000fd4 <vPortExitCritical>
10002520:	4620      	mov	r0, r4
10002522:	f7ff fec5 	bl	100022b0 <prvDeleteTCB>
10002526:	4b03      	ldr	r3, [pc, #12]	@ (10002534 <prvCheckTasksWaitingTermination+0x40>)
10002528:	681b      	ldr	r3, [r3, #0]
1000252a:	2b00      	cmp	r3, #0
1000252c:	d1e6      	bne.n	100024fc <prvCheckTasksWaitingTermination+0x8>
1000252e:	bd10      	pop	{r4, pc}
10002530:	4770      	bx	lr
10002532:	bf00      	nop
10002534:	2002128c 	.word	0x2002128c
10002538:	20021388 	.word	0x20021388
1000253c:	20021288 	.word	0x20021288

10002540 <prvIdleTask>:
10002540:	b508      	push	{r3, lr}
10002542:	f7ff ffd7 	bl	100024f4 <prvCheckTasksWaitingTermination>
10002546:	4b03      	ldr	r3, [pc, #12]	@ (10002554 <prvIdleTask+0x14>)
10002548:	681b      	ldr	r3, [r3, #0]
1000254a:	2b01      	cmp	r3, #1
1000254c:	d9f9      	bls.n	10002542 <prvIdleTask+0x2>
1000254e:	f7fe fd27 	bl	10000fa0 <vPortYield>
10002552:	e7f6      	b.n	10002542 <prvIdleTask+0x2>
10002554:	20000fe0 	.word	0x20000fe0

10002558 <prvAddCurrentTaskToDelayedList>:
10002558:	e92d 41f0 	stmdb	sp!, {r4, r5, r6, r7, r8, lr}
1000255c:	4604      	mov	r4, r0
1000255e:	460d      	mov	r5, r1
10002560:	4b27      	ldr	r3, [pc, #156]	@ (10002600 <prvAddCurrentTaskToDelayedList+0xa8>)
10002562:	681e      	ldr	r6, [r3, #0]
10002564:	4b27      	ldr	r3, [pc, #156]	@ (10002604 <prvAddCurrentTaskToDelayedList+0xac>)
10002566:	681f      	ldr	r7, [r3, #0]
10002568:	4b27      	ldr	r3, [pc, #156]	@ (10002608 <prvAddCurrentTaskToDelayedList+0xb0>)
1000256a:	f8d3 8000 	ldr.w	r8, [r3]
1000256e:	4b27      	ldr	r3, [pc, #156]	@ (1000260c <prvAddCurrentTaskToDelayedList+0xb4>)
10002570:	681a      	ldr	r2, [r3, #0]
10002572:	2100      	movs	r1, #0
10002574:	f882 106d 	strb.w	r1, [r2, #109]	@ 0x6d
10002578:	6818      	ldr	r0, [r3, #0]
1000257a:	3004      	adds	r0, #4
1000257c:	f7ff f947 	bl	1000180e <uxListRemove>
10002580:	b948      	cbnz	r0, 10002596 <prvAddCurrentTaskToDelayedList+0x3e>
10002582:	4b22      	ldr	r3, [pc, #136]	@ (1000260c <prvAddCurrentTaskToDelayedList+0xb4>)
10002584:	681b      	ldr	r3, [r3, #0]
10002586:	6adb      	ldr	r3, [r3, #44]	@ 0x2c
10002588:	2201      	movs	r2, #1
1000258a:	409a      	lsls	r2, r3
1000258c:	4920      	ldr	r1, [pc, #128]	@ (10002610 <prvAddCurrentTaskToDelayedList+0xb8>)
1000258e:	680b      	ldr	r3, [r1, #0]
10002590:	ea23 0302 	bic.w	r3, r3, r2
10002594:	600b      	str	r3, [r1, #0]
10002596:	f1b4 3fff 	cmp.w	r4, #4294967295
1000259a:	d00d      	beq.n	100025b8 <prvAddCurrentTaskToDelayedList+0x60>
1000259c:	4434      	add	r4, r6
1000259e:	4b1b      	ldr	r3, [pc, #108]	@ (1000260c <prvAddCurrentTaskToDelayedList+0xb4>)
100025a0:	681b      	ldr	r3, [r3, #0]
100025a2:	605c      	str	r4, [r3, #4]
100025a4:	42a6      	cmp	r6, r4
100025a6:	d91d      	bls.n	100025e4 <prvAddCurrentTaskToDelayedList+0x8c>
100025a8:	4b18      	ldr	r3, [pc, #96]	@ (1000260c <prvAddCurrentTaskToDelayedList+0xb4>)
100025aa:	6819      	ldr	r1, [r3, #0]
100025ac:	3104      	adds	r1, #4
100025ae:	4640      	mov	r0, r8
100025b0:	f7ff f914 	bl	100017dc <vListInsert>
100025b4:	e8bd 81f0 	ldmia.w	sp!, {r4, r5, r6, r7, r8, pc}
100025b8:	2d00      	cmp	r5, #0
100025ba:	d0ef      	beq.n	1000259c <prvAddCurrentTaskToDelayedList+0x44>
100025bc:	4a15      	ldr	r2, [pc, #84]	@ (10002614 <prvAddCurrentTaskToDelayedList+0xbc>)
100025be:	6851      	ldr	r1, [r2, #4]
100025c0:	4b12      	ldr	r3, [pc, #72]	@ (1000260c <prvAddCurrentTaskToDelayedList+0xb4>)
100025c2:	6818      	ldr	r0, [r3, #0]
100025c4:	6081      	str	r1, [r0, #8]
100025c6:	6818      	ldr	r0, [r3, #0]
100025c8:	688c      	ldr	r4, [r1, #8]
100025ca:	60c4      	str	r4, [r0, #12]
100025cc:	6818      	ldr	r0, [r3, #0]
100025ce:	3004      	adds	r0, #4
100025d0:	6060      	str	r0, [r4, #4]
100025d2:	6818      	ldr	r0, [r3, #0]
100025d4:	3004      	adds	r0, #4
100025d6:	6088      	str	r0, [r1, #8]
100025d8:	681b      	ldr	r3, [r3, #0]
100025da:	615a      	str	r2, [r3, #20]
100025dc:	6813      	ldr	r3, [r2, #0]
100025de:	3301      	adds	r3, #1
100025e0:	6013      	str	r3, [r2, #0]
100025e2:	e7e7      	b.n	100025b4 <prvAddCurrentTaskToDelayedList+0x5c>
100025e4:	4b09      	ldr	r3, [pc, #36]	@ (1000260c <prvAddCurrentTaskToDelayedList+0xb4>)
100025e6:	6819      	ldr	r1, [r3, #0]
100025e8:	3104      	adds	r1, #4
100025ea:	4638      	mov	r0, r7
100025ec:	f7ff f8f6 	bl	100017dc <vListInsert>
100025f0:	4b09      	ldr	r3, [pc, #36]	@ (10002618 <prvAddCurrentTaskToDelayedList+0xc0>)
100025f2:	681b      	ldr	r3, [r3, #0]
100025f4:	42a3      	cmp	r3, r4
100025f6:	d9dd      	bls.n	100025b4 <prvAddCurrentTaskToDelayedList+0x5c>
100025f8:	4b07      	ldr	r3, [pc, #28]	@ (10002618 <prvAddCurrentTaskToDelayedList+0xc0>)
100025fa:	601c      	str	r4, [r3, #0]
100025fc:	e7da      	b.n	100025b4 <prvAddCurrentTaskToDelayedList+0x5c>
100025fe:	bf00      	nop
10002600:	2002139c 	.word	0x2002139c
10002604:	20000fd0 	.word	0x20000fd0
10002608:	20000fd8 	.word	0x20000fd8
1000260c:	20000fc8 	.word	0x20000fc8
10002610:	20021298 	.word	0x20021298
10002614:	20021374 	.word	0x20021374
10002618:	20021300 	.word	0x20021300

1000261c <xTaskCreate>:
1000261c:	b510      	push	{r4, lr}
1000261e:	b082      	sub	sp, #8
10002620:	9c05      	ldr	r4, [sp, #20]
10002622:	9401      	str	r4, [sp, #4]
10002624:	9c04      	ldr	r4, [sp, #16]
10002626:	9400      	str	r4, [sp, #0]
10002628:	f7ff fea2 	bl	10002370 <prvCreateTask>
1000262c:	b120      	cbz	r0, 10002638 <xTaskCreate+0x1c>
1000262e:	f7ff ff01 	bl	10002434 <prvAddNewTaskToReadyList>
10002632:	2001      	movs	r0, #1
10002634:	b002      	add	sp, #8
10002636:	bd10      	pop	{r4, pc}
10002638:	f04f 30ff 	mov.w	r0, #4294967295
1000263c:	e7fa      	b.n	10002634 <xTaskCreate+0x18>
	...

10002640 <prvCreateIdleTasks>:
10002640:	b510      	push	{r4, lr}
10002642:	b086      	sub	sp, #24
10002644:	2300      	movs	r3, #0
10002646:	2b0f      	cmp	r3, #15
10002648:	dc18      	bgt.n	1000267c <prvCreateIdleTasks+0x3c>
1000264a:	4a0f      	ldr	r2, [pc, #60]	@ (10002688 <prvCreateIdleTasks+0x48>)
1000264c:	5cd2      	ldrb	r2, [r2, r3]
1000264e:	f103 0118 	add.w	r1, r3, #24
10002652:	4469      	add	r1, sp
10002654:	f801 2c10 	strb.w	r2, [r1, #-16]
10002658:	b182      	cbz	r2, 1000267c <prvCreateIdleTasks+0x3c>
1000265a:	3301      	adds	r3, #1
1000265c:	e7f3      	b.n	10002646 <prvCreateIdleTasks+0x6>
1000265e:	4b0b      	ldr	r3, [pc, #44]	@ (1000268c <prvCreateIdleTasks+0x4c>)
10002660:	eb03 0384 	add.w	r3, r3, r4, lsl #2
10002664:	9301      	str	r3, [sp, #4]
10002666:	2300      	movs	r3, #0
10002668:	9300      	str	r3, [sp, #0]
1000266a:	f44f 7200 	mov.w	r2, #512	@ 0x200
1000266e:	a902      	add	r1, sp, #8
10002670:	4807      	ldr	r0, [pc, #28]	@ (10002690 <prvCreateIdleTasks+0x50>)
10002672:	f7ff ffd3 	bl	1000261c <xTaskCreate>
10002676:	b128      	cbz	r0, 10002684 <prvCreateIdleTasks+0x44>
10002678:	3401      	adds	r4, #1
1000267a:	e001      	b.n	10002680 <prvCreateIdleTasks+0x40>
1000267c:	2400      	movs	r4, #0
1000267e:	2001      	movs	r0, #1
10002680:	2c00      	cmp	r4, #0
10002682:	ddec      	ble.n	1000265e <prvCreateIdleTasks+0x1e>
10002684:	b006      	add	sp, #24
10002686:	bd10      	pop	{r4, pc}
10002688:	10009e98 	.word	0x10009e98
1000268c:	200212f4 	.word	0x200212f4
10002690:	10002541 	.word	0x10002541

10002694 <vTaskStartScheduler>:
10002694:	b508      	push	{r3, lr}
10002696:	f7ff ffd3 	bl	10002640 <prvCreateIdleTasks>
1000269a:	2801      	cmp	r0, #1
1000269c:	d005      	beq.n	100026aa <vTaskStartScheduler+0x16>
1000269e:	f1b0 3fff 	cmp.w	r0, #4294967295
100026a2:	d015      	beq.n	100026d0 <vTaskStartScheduler+0x3c>
100026a4:	4b0e      	ldr	r3, [pc, #56]	@ (100026e0 <vTaskStartScheduler+0x4c>)
100026a6:	681b      	ldr	r3, [r3, #0]
100026a8:	bd08      	pop	{r3, pc}
100026aa:	f000 ff41 	bl	10003530 <xTimerCreateTimerTask>
100026ae:	2801      	cmp	r0, #1
100026b0:	d1f5      	bne.n	1000269e <vTaskStartScheduler+0xa>
100026b2:	f7fe ff29 	bl	10001508 <ulSetInterruptMask>
100026b6:	4b0b      	ldr	r3, [pc, #44]	@ (100026e4 <vTaskStartScheduler+0x50>)
100026b8:	f04f 32ff 	mov.w	r2, #4294967295
100026bc:	601a      	str	r2, [r3, #0]
100026be:	4b0a      	ldr	r3, [pc, #40]	@ (100026e8 <vTaskStartScheduler+0x54>)
100026c0:	2201      	movs	r2, #1
100026c2:	601a      	str	r2, [r3, #0]
100026c4:	4b09      	ldr	r3, [pc, #36]	@ (100026ec <vTaskStartScheduler+0x58>)
100026c6:	2200      	movs	r2, #0
100026c8:	601a      	str	r2, [r3, #0]
100026ca:	f7fe fd01 	bl	100010d0 <xPortStartScheduler>
100026ce:	e7e9      	b.n	100026a4 <vTaskStartScheduler+0x10>
100026d0:	4b07      	ldr	r3, [pc, #28]	@ (100026f0 <vTaskStartScheduler+0x5c>)
100026d2:	4a08      	ldr	r2, [pc, #32]	@ (100026f4 <vTaskStartScheduler+0x60>)
100026d4:	f640 61ad 	movw	r1, #3757	@ 0xead
100026d8:	4807      	ldr	r0, [pc, #28]	@ (100026f8 <vTaskStartScheduler+0x64>)
100026da:	f005 f8a9 	bl	10007830 <__assert_func>
100026de:	bf00      	nop
100026e0:	1000aba0 	.word	0x1000aba0
100026e4:	20021300 	.word	0x20021300
100026e8:	20021368 	.word	0x20021368
100026ec:	2002139c 	.word	0x2002139c
100026f0:	10009ea0 	.word	0x10009ea0
100026f4:	1000ab58 	.word	0x1000ab58
100026f8:	10009e28 	.word	0x10009e28

100026fc <vTaskSuspendAll>:
100026fc:	4a02      	ldr	r2, [pc, #8]	@ (10002708 <vTaskSuspendAll+0xc>)
100026fe:	6813      	ldr	r3, [r2, #0]
10002700:	3301      	adds	r3, #1
10002702:	6013      	str	r3, [r2, #0]
10002704:	4770      	bx	lr
10002706:	bf00      	nop
10002708:	20021290 	.word	0x20021290

1000270c <xTaskGetTickCount>:
1000270c:	4b01      	ldr	r3, [pc, #4]	@ (10002714 <xTaskGetTickCount+0x8>)
1000270e:	6818      	ldr	r0, [r3, #0]
10002710:	4770      	bx	lr
10002712:	bf00      	nop
10002714:	2002139c 	.word	0x2002139c

10002718 <uxTaskGetNumberOfTasks>:
10002718:	4b01      	ldr	r3, [pc, #4]	@ (10002720 <uxTaskGetNumberOfTasks+0x8>)
1000271a:	6818      	ldr	r0, [r3, #0]
1000271c:	4770      	bx	lr
1000271e:	bf00      	nop
10002720:	20021288 	.word	0x20021288

10002724 <xTaskIncrementTick>:
10002724:	b5f8      	push	{r3, r4, r5, r6, r7, lr}
10002726:	4b51      	ldr	r3, [pc, #324]	@ (1000286c <xTaskIncrementTick+0x148>)
10002728:	681b      	ldr	r3, [r3, #0]
1000272a:	2b00      	cmp	r3, #0
1000272c:	f040 8097 	bne.w	1000285e <xTaskIncrementTick+0x13a>
10002730:	4b4f      	ldr	r3, [pc, #316]	@ (10002870 <xTaskIncrementTick+0x14c>)
10002732:	681c      	ldr	r4, [r3, #0]
10002734:	3401      	adds	r4, #1
10002736:	601c      	str	r4, [r3, #0]
10002738:	b97c      	cbnz	r4, 1000275a <xTaskIncrementTick+0x36>
1000273a:	4b4e      	ldr	r3, [pc, #312]	@ (10002874 <xTaskIncrementTick+0x150>)
1000273c:	681b      	ldr	r3, [r3, #0]
1000273e:	681b      	ldr	r3, [r3, #0]
10002740:	bb0b      	cbnz	r3, 10002786 <xTaskIncrementTick+0x62>
10002742:	4a4c      	ldr	r2, [pc, #304]	@ (10002874 <xTaskIncrementTick+0x150>)
10002744:	6811      	ldr	r1, [r2, #0]
10002746:	4b4c      	ldr	r3, [pc, #304]	@ (10002878 <xTaskIncrementTick+0x154>)
10002748:	6818      	ldr	r0, [r3, #0]
1000274a:	6010      	str	r0, [r2, #0]
1000274c:	6019      	str	r1, [r3, #0]
1000274e:	4a4b      	ldr	r2, [pc, #300]	@ (1000287c <xTaskIncrementTick+0x158>)
10002750:	6813      	ldr	r3, [r2, #0]
10002752:	3301      	adds	r3, #1
10002754:	6013      	str	r3, [r2, #0]
10002756:	f7ff fd97 	bl	10002288 <prvResetNextTaskUnblockTime>
1000275a:	4b49      	ldr	r3, [pc, #292]	@ (10002880 <xTaskIncrementTick+0x15c>)
1000275c:	681b      	ldr	r3, [r3, #0]
1000275e:	42a3      	cmp	r3, r4
10002760:	d918      	bls.n	10002794 <xTaskIncrementTick+0x70>
10002762:	2000      	movs	r0, #0
10002764:	4b47      	ldr	r3, [pc, #284]	@ (10002884 <xTaskIncrementTick+0x160>)
10002766:	681b      	ldr	r3, [r3, #0]
10002768:	6adb      	ldr	r3, [r3, #44]	@ 0x2c
1000276a:	eb03 0383 	add.w	r3, r3, r3, lsl #2
1000276e:	009a      	lsls	r2, r3, #2
10002770:	4b45      	ldr	r3, [pc, #276]	@ (10002888 <xTaskIncrementTick+0x164>)
10002772:	589b      	ldr	r3, [r3, r2]
10002774:	2b01      	cmp	r3, #1
10002776:	d900      	bls.n	1000277a <xTaskIncrementTick+0x56>
10002778:	2001      	movs	r0, #1
1000277a:	4b44      	ldr	r3, [pc, #272]	@ (1000288c <xTaskIncrementTick+0x168>)
1000277c:	681b      	ldr	r3, [r3, #0]
1000277e:	2b00      	cmp	r3, #0
10002780:	d072      	beq.n	10002868 <xTaskIncrementTick+0x144>
10002782:	2001      	movs	r0, #1
10002784:	e070      	b.n	10002868 <xTaskIncrementTick+0x144>
10002786:	4b42      	ldr	r3, [pc, #264]	@ (10002890 <xTaskIncrementTick+0x16c>)
10002788:	4a42      	ldr	r2, [pc, #264]	@ (10002894 <xTaskIncrementTick+0x170>)
1000278a:	f241 2163 	movw	r1, #4707	@ 0x1263
1000278e:	4842      	ldr	r0, [pc, #264]	@ (10002898 <xTaskIncrementTick+0x174>)
10002790:	f005 f84e 	bl	10007830 <__assert_func>
10002794:	2000      	movs	r0, #0
10002796:	e037      	b.n	10002808 <xTaskIncrementTick+0xe4>
10002798:	4b39      	ldr	r3, [pc, #228]	@ (10002880 <xTaskIncrementTick+0x15c>)
1000279a:	f04f 32ff 	mov.w	r2, #4294967295
1000279e:	601a      	str	r2, [r3, #0]
100027a0:	e7e0      	b.n	10002764 <xTaskIncrementTick+0x40>
100027a2:	4b37      	ldr	r3, [pc, #220]	@ (10002880 <xTaskIncrementTick+0x15c>)
100027a4:	601a      	str	r2, [r3, #0]
100027a6:	e7dd      	b.n	10002764 <xTaskIncrementTick+0x40>
100027a8:	68d9      	ldr	r1, [r3, #12]
100027aa:	6051      	str	r1, [r2, #4]
100027ac:	e042      	b.n	10002834 <xTaskIncrementTick+0x110>
100027ae:	2100      	movs	r1, #0
100027b0:	6299      	str	r1, [r3, #40]	@ 0x28
100027b2:	6811      	ldr	r1, [r2, #0]
100027b4:	3901      	subs	r1, #1
100027b6:	6011      	str	r1, [r2, #0]
100027b8:	6ada      	ldr	r2, [r3, #44]	@ 0x2c
100027ba:	2101      	movs	r1, #1
100027bc:	4091      	lsls	r1, r2
100027be:	4e37      	ldr	r6, [pc, #220]	@ (1000289c <xTaskIncrementTick+0x178>)
100027c0:	6837      	ldr	r7, [r6, #0]
100027c2:	4339      	orrs	r1, r7
100027c4:	6031      	str	r1, [r6, #0]
100027c6:	4930      	ldr	r1, [pc, #192]	@ (10002888 <xTaskIncrementTick+0x164>)
100027c8:	eb02 0282 	add.w	r2, r2, r2, lsl #2
100027cc:	ea4f 0c82 	mov.w	ip, r2, lsl #2
100027d0:	448c      	add	ip, r1
100027d2:	f8dc 2004 	ldr.w	r2, [ip, #4]
100027d6:	609a      	str	r2, [r3, #8]
100027d8:	6896      	ldr	r6, [r2, #8]
100027da:	60de      	str	r6, [r3, #12]
100027dc:	6075      	str	r5, [r6, #4]
100027de:	6095      	str	r5, [r2, #8]
100027e0:	6ada      	ldr	r2, [r3, #44]	@ 0x2c
100027e2:	eb02 0c82 	add.w	ip, r2, r2, lsl #2
100027e6:	ea4f 058c 	mov.w	r5, ip, lsl #2
100027ea:	186e      	adds	r6, r5, r1
100027ec:	615e      	str	r6, [r3, #20]
100027ee:	594d      	ldr	r5, [r1, r5]
100027f0:	3501      	adds	r5, #1
100027f2:	ea4f 0c8c 	mov.w	ip, ip, lsl #2
100027f6:	f841 500c 	str.w	r5, [r1, ip]
100027fa:	6ada      	ldr	r2, [r3, #44]	@ 0x2c
100027fc:	4b21      	ldr	r3, [pc, #132]	@ (10002884 <xTaskIncrementTick+0x160>)
100027fe:	681b      	ldr	r3, [r3, #0]
10002800:	6adb      	ldr	r3, [r3, #44]	@ 0x2c
10002802:	429a      	cmp	r2, r3
10002804:	d900      	bls.n	10002808 <xTaskIncrementTick+0xe4>
10002806:	2001      	movs	r0, #1
10002808:	4b1a      	ldr	r3, [pc, #104]	@ (10002874 <xTaskIncrementTick+0x150>)
1000280a:	681b      	ldr	r3, [r3, #0]
1000280c:	681b      	ldr	r3, [r3, #0]
1000280e:	2b00      	cmp	r3, #0
10002810:	d0c2      	beq.n	10002798 <xTaskIncrementTick+0x74>
10002812:	4b18      	ldr	r3, [pc, #96]	@ (10002874 <xTaskIncrementTick+0x150>)
10002814:	681b      	ldr	r3, [r3, #0]
10002816:	68db      	ldr	r3, [r3, #12]
10002818:	68db      	ldr	r3, [r3, #12]
1000281a:	685a      	ldr	r2, [r3, #4]
1000281c:	4294      	cmp	r4, r2
1000281e:	d3c0      	bcc.n	100027a2 <xTaskIncrementTick+0x7e>
10002820:	695a      	ldr	r2, [r3, #20]
10002822:	689d      	ldr	r5, [r3, #8]
10002824:	68d9      	ldr	r1, [r3, #12]
10002826:	60a9      	str	r1, [r5, #8]
10002828:	689d      	ldr	r5, [r3, #8]
1000282a:	604d      	str	r5, [r1, #4]
1000282c:	6851      	ldr	r1, [r2, #4]
1000282e:	1d1d      	adds	r5, r3, #4
10002830:	42a9      	cmp	r1, r5
10002832:	d0b9      	beq.n	100027a8 <xTaskIncrementTick+0x84>
10002834:	2100      	movs	r1, #0
10002836:	6159      	str	r1, [r3, #20]
10002838:	6811      	ldr	r1, [r2, #0]
1000283a:	3901      	subs	r1, #1
1000283c:	6011      	str	r1, [r2, #0]
1000283e:	6a9a      	ldr	r2, [r3, #40]	@ 0x28
10002840:	2a00      	cmp	r2, #0
10002842:	d0b9      	beq.n	100027b8 <xTaskIncrementTick+0x94>
10002844:	69de      	ldr	r6, [r3, #28]
10002846:	6a19      	ldr	r1, [r3, #32]
10002848:	60b1      	str	r1, [r6, #8]
1000284a:	69de      	ldr	r6, [r3, #28]
1000284c:	604e      	str	r6, [r1, #4]
1000284e:	6856      	ldr	r6, [r2, #4]
10002850:	f103 0118 	add.w	r1, r3, #24
10002854:	428e      	cmp	r6, r1
10002856:	d1aa      	bne.n	100027ae <xTaskIncrementTick+0x8a>
10002858:	6a19      	ldr	r1, [r3, #32]
1000285a:	6051      	str	r1, [r2, #4]
1000285c:	e7a7      	b.n	100027ae <xTaskIncrementTick+0x8a>
1000285e:	4a10      	ldr	r2, [pc, #64]	@ (100028a0 <xTaskIncrementTick+0x17c>)
10002860:	6813      	ldr	r3, [r2, #0]
10002862:	3301      	adds	r3, #1
10002864:	6013      	str	r3, [r2, #0]
10002866:	2000      	movs	r0, #0
10002868:	bdf8      	pop	{r3, r4, r5, r6, r7, pc}
1000286a:	bf00      	nop
1000286c:	20021290 	.word	0x20021290
10002870:	2002139c 	.word	0x2002139c
10002874:	20000fd0 	.word	0x20000fd0
10002878:	20000fd8 	.word	0x20000fd8
1000287c:	20021304 	.word	0x20021304
10002880:	20021300 	.word	0x20021300
10002884:	20000fc8 	.word	0x20000fc8
10002888:	20000fe0 	.word	0x20000fe0
1000288c:	200213a8 	.word	0x200213a8
10002890:	10009eb4 	.word	0x10009eb4
10002894:	1000ab34 	.word	0x1000ab34
10002898:	10009e28 	.word	0x10009e28
1000289c:	20021298 	.word	0x20021298
100028a0:	20021310 	.word	0x20021310

100028a4 <xTaskResumeAll>:
100028a4:	b538      	push	{r3, r4, r5, lr}
100028a6:	f7fe fb87 	bl	10000fb8 <vPortEnterCritical>
100028aa:	4b47      	ldr	r3, [pc, #284]	@ (100029c8 <xTaskResumeAll+0x124>)
100028ac:	681b      	ldr	r3, [r3, #0]
100028ae:	b15b      	cbz	r3, 100028c8 <xTaskResumeAll+0x24>
100028b0:	4b45      	ldr	r3, [pc, #276]	@ (100029c8 <xTaskResumeAll+0x124>)
100028b2:	681a      	ldr	r2, [r3, #0]
100028b4:	3a01      	subs	r2, #1
100028b6:	601a      	str	r2, [r3, #0]
100028b8:	681b      	ldr	r3, [r3, #0]
100028ba:	2b00      	cmp	r3, #0
100028bc:	d17e      	bne.n	100029bc <xTaskResumeAll+0x118>
100028be:	4b43      	ldr	r3, [pc, #268]	@ (100029cc <xTaskResumeAll+0x128>)
100028c0:	681b      	ldr	r3, [r3, #0]
100028c2:	b973      	cbnz	r3, 100028e2 <xTaskResumeAll+0x3e>
100028c4:	2400      	movs	r4, #0
100028c6:	e07a      	b.n	100029be <xTaskResumeAll+0x11a>
100028c8:	4b41      	ldr	r3, [pc, #260]	@ (100029d0 <xTaskResumeAll+0x12c>)
100028ca:	4a42      	ldr	r2, [pc, #264]	@ (100029d4 <xTaskResumeAll+0x130>)
100028cc:	f640 718f 	movw	r1, #3983	@ 0xf8f
100028d0:	4841      	ldr	r0, [pc, #260]	@ (100029d8 <xTaskResumeAll+0x134>)
100028d2:	f004 ffad 	bl	10007830 <__assert_func>
100028d6:	6a19      	ldr	r1, [r3, #32]
100028d8:	6051      	str	r1, [r2, #4]
100028da:	e015      	b.n	10002908 <xTaskResumeAll+0x64>
100028dc:	68d9      	ldr	r1, [r3, #12]
100028de:	6051      	str	r1, [r2, #4]
100028e0:	e021      	b.n	10002926 <xTaskResumeAll+0x82>
100028e2:	2300      	movs	r3, #0
100028e4:	4a3d      	ldr	r2, [pc, #244]	@ (100029dc <xTaskResumeAll+0x138>)
100028e6:	6812      	ldr	r2, [r2, #0]
100028e8:	2a00      	cmp	r2, #0
100028ea:	d04a      	beq.n	10002982 <xTaskResumeAll+0xde>
100028ec:	4b3b      	ldr	r3, [pc, #236]	@ (100029dc <xTaskResumeAll+0x138>)
100028ee:	68db      	ldr	r3, [r3, #12]
100028f0:	68db      	ldr	r3, [r3, #12]
100028f2:	6a9a      	ldr	r2, [r3, #40]	@ 0x28
100028f4:	69d8      	ldr	r0, [r3, #28]
100028f6:	6a19      	ldr	r1, [r3, #32]
100028f8:	6081      	str	r1, [r0, #8]
100028fa:	69d8      	ldr	r0, [r3, #28]
100028fc:	6048      	str	r0, [r1, #4]
100028fe:	6850      	ldr	r0, [r2, #4]
10002900:	f103 0118 	add.w	r1, r3, #24
10002904:	4288      	cmp	r0, r1
10002906:	d0e6      	beq.n	100028d6 <xTaskResumeAll+0x32>
10002908:	2100      	movs	r1, #0
1000290a:	6299      	str	r1, [r3, #40]	@ 0x28
1000290c:	6811      	ldr	r1, [r2, #0]
1000290e:	3901      	subs	r1, #1
10002910:	6011      	str	r1, [r2, #0]
10002912:	695a      	ldr	r2, [r3, #20]
10002914:	6898      	ldr	r0, [r3, #8]
10002916:	68d9      	ldr	r1, [r3, #12]
10002918:	6081      	str	r1, [r0, #8]
1000291a:	6898      	ldr	r0, [r3, #8]
1000291c:	6048      	str	r0, [r1, #4]
1000291e:	6851      	ldr	r1, [r2, #4]
10002920:	1d18      	adds	r0, r3, #4
10002922:	4281      	cmp	r1, r0
10002924:	d0da      	beq.n	100028dc <xTaskResumeAll+0x38>
10002926:	2100      	movs	r1, #0
10002928:	6159      	str	r1, [r3, #20]
1000292a:	6811      	ldr	r1, [r2, #0]
1000292c:	3901      	subs	r1, #1
1000292e:	6011      	str	r1, [r2, #0]
10002930:	6ada      	ldr	r2, [r3, #44]	@ 0x2c
10002932:	2101      	movs	r1, #1
10002934:	4091      	lsls	r1, r2
10002936:	4c2a      	ldr	r4, [pc, #168]	@ (100029e0 <xTaskResumeAll+0x13c>)
10002938:	6825      	ldr	r5, [r4, #0]
1000293a:	4329      	orrs	r1, r5
1000293c:	6021      	str	r1, [r4, #0]
1000293e:	4929      	ldr	r1, [pc, #164]	@ (100029e4 <xTaskResumeAll+0x140>)
10002940:	eb02 0282 	add.w	r2, r2, r2, lsl #2
10002944:	eb01 0282 	add.w	r2, r1, r2, lsl #2
10002948:	6852      	ldr	r2, [r2, #4]
1000294a:	609a      	str	r2, [r3, #8]
1000294c:	6894      	ldr	r4, [r2, #8]
1000294e:	60dc      	str	r4, [r3, #12]
10002950:	6060      	str	r0, [r4, #4]
10002952:	6090      	str	r0, [r2, #8]
10002954:	6ada      	ldr	r2, [r3, #44]	@ 0x2c
10002956:	eb02 0082 	add.w	r0, r2, r2, lsl #2
1000295a:	eb01 0480 	add.w	r4, r1, r0, lsl #2
1000295e:	615c      	str	r4, [r3, #20]
10002960:	f851 0020 	ldr.w	r0, [r1, r0, lsl #2]
10002964:	3001      	adds	r0, #1
10002966:	eb02 0282 	add.w	r2, r2, r2, lsl #2
1000296a:	f841 0022 	str.w	r0, [r1, r2, lsl #2]
1000296e:	6ad9      	ldr	r1, [r3, #44]	@ 0x2c
10002970:	4a1d      	ldr	r2, [pc, #116]	@ (100029e8 <xTaskResumeAll+0x144>)
10002972:	6812      	ldr	r2, [r2, #0]
10002974:	6ad2      	ldr	r2, [r2, #44]	@ 0x2c
10002976:	4291      	cmp	r1, r2
10002978:	d9b4      	bls.n	100028e4 <xTaskResumeAll+0x40>
1000297a:	4a1c      	ldr	r2, [pc, #112]	@ (100029ec <xTaskResumeAll+0x148>)
1000297c:	2101      	movs	r1, #1
1000297e:	6011      	str	r1, [r2, #0]
10002980:	e7b0      	b.n	100028e4 <xTaskResumeAll+0x40>
10002982:	b10b      	cbz	r3, 10002988 <xTaskResumeAll+0xe4>
10002984:	f7ff fc80 	bl	10002288 <prvResetNextTaskUnblockTime>
10002988:	4b19      	ldr	r3, [pc, #100]	@ (100029f0 <xTaskResumeAll+0x14c>)
1000298a:	681c      	ldr	r4, [r3, #0]
1000298c:	b954      	cbnz	r4, 100029a4 <xTaskResumeAll+0x100>
1000298e:	4b17      	ldr	r3, [pc, #92]	@ (100029ec <xTaskResumeAll+0x148>)
10002990:	681c      	ldr	r4, [r3, #0]
10002992:	b1a4      	cbz	r4, 100029be <xTaskResumeAll+0x11a>
10002994:	4b14      	ldr	r3, [pc, #80]	@ (100029e8 <xTaskResumeAll+0x144>)
10002996:	681b      	ldr	r3, [r3, #0]
10002998:	f7fe fb02 	bl	10000fa0 <vPortYield>
1000299c:	2401      	movs	r4, #1
1000299e:	e00e      	b.n	100029be <xTaskResumeAll+0x11a>
100029a0:	3c01      	subs	r4, #1
100029a2:	d007      	beq.n	100029b4 <xTaskResumeAll+0x110>
100029a4:	f7ff febe 	bl	10002724 <xTaskIncrementTick>
100029a8:	2800      	cmp	r0, #0
100029aa:	d0f9      	beq.n	100029a0 <xTaskResumeAll+0xfc>
100029ac:	4b0f      	ldr	r3, [pc, #60]	@ (100029ec <xTaskResumeAll+0x148>)
100029ae:	2201      	movs	r2, #1
100029b0:	601a      	str	r2, [r3, #0]
100029b2:	e7f5      	b.n	100029a0 <xTaskResumeAll+0xfc>
100029b4:	4b0e      	ldr	r3, [pc, #56]	@ (100029f0 <xTaskResumeAll+0x14c>)
100029b6:	2200      	movs	r2, #0
100029b8:	601a      	str	r2, [r3, #0]
100029ba:	e7e8      	b.n	1000298e <xTaskResumeAll+0xea>
100029bc:	2400      	movs	r4, #0
100029be:	f7fe fb09 	bl	10000fd4 <vPortExitCritical>
100029c2:	4620      	mov	r0, r4
100029c4:	bd38      	pop	{r3, r4, r5, pc}
100029c6:	bf00      	nop
100029c8:	20021290 	.word	0x20021290
100029cc:	20021288 	.word	0x20021288
100029d0:	10009f2c 	.word	0x10009f2c
100029d4:	1000ab48 	.word	0x1000ab48
100029d8:	10009e28 	.word	0x10009e28
100029dc:	20021314 	.word	0x20021314
100029e0:	20021298 	.word	0x20021298
100029e4:	20000fe0 	.word	0x20000fe0
100029e8:	20000fc8 	.word	0x20000fc8
100029ec:	200213a8 	.word	0x200213a8
100029f0:	20021310 	.word	0x20021310

100029f4 <xTaskDelayUntil>:
100029f4:	b538      	push	{r3, r4, r5, lr}
100029f6:	b198      	cbz	r0, 10002a20 <xTaskDelayUntil+0x2c>
100029f8:	460c      	mov	r4, r1
100029fa:	4605      	mov	r5, r0
100029fc:	b1b9      	cbz	r1, 10002a2e <xTaskDelayUntil+0x3a>
100029fe:	f7ff fe7d 	bl	100026fc <vTaskSuspendAll>
10002a02:	4b20      	ldr	r3, [pc, #128]	@ (10002a84 <xTaskDelayUntil+0x90>)
10002a04:	681a      	ldr	r2, [r3, #0]
10002a06:	4b20      	ldr	r3, [pc, #128]	@ (10002a88 <xTaskDelayUntil+0x94>)
10002a08:	681b      	ldr	r3, [r3, #0]
10002a0a:	2b01      	cmp	r3, #1
10002a0c:	d116      	bne.n	10002a3c <xTaskDelayUntil+0x48>
10002a0e:	682b      	ldr	r3, [r5, #0]
10002a10:	441c      	add	r4, r3
10002a12:	4293      	cmp	r3, r2
10002a14:	d920      	bls.n	10002a58 <xTaskDelayUntil+0x64>
10002a16:	42a3      	cmp	r3, r4
10002a18:	d817      	bhi.n	10002a4a <xTaskDelayUntil+0x56>
10002a1a:	602c      	str	r4, [r5, #0]
10002a1c:	2400      	movs	r4, #0
10002a1e:	e025      	b.n	10002a6c <xTaskDelayUntil+0x78>
10002a20:	4b1a      	ldr	r3, [pc, #104]	@ (10002a8c <xTaskDelayUntil+0x98>)
10002a22:	4a1b      	ldr	r2, [pc, #108]	@ (10002a90 <xTaskDelayUntil+0x9c>)
10002a24:	f640 1131 	movw	r1, #2353	@ 0x931
10002a28:	481a      	ldr	r0, [pc, #104]	@ (10002a94 <xTaskDelayUntil+0xa0>)
10002a2a:	f004 ff01 	bl	10007830 <__assert_func>
10002a2e:	4b1a      	ldr	r3, [pc, #104]	@ (10002a98 <xTaskDelayUntil+0xa4>)
10002a30:	4a17      	ldr	r2, [pc, #92]	@ (10002a90 <xTaskDelayUntil+0x9c>)
10002a32:	f640 1132 	movw	r1, #2354	@ 0x932
10002a36:	4817      	ldr	r0, [pc, #92]	@ (10002a94 <xTaskDelayUntil+0xa0>)
10002a38:	f004 fefa 	bl	10007830 <__assert_func>
10002a3c:	4b17      	ldr	r3, [pc, #92]	@ (10002a9c <xTaskDelayUntil+0xa8>)
10002a3e:	4a14      	ldr	r2, [pc, #80]	@ (10002a90 <xTaskDelayUntil+0x9c>)
10002a40:	f640 113a 	movw	r1, #2362	@ 0x93a
10002a44:	4813      	ldr	r0, [pc, #76]	@ (10002a94 <xTaskDelayUntil+0xa0>)
10002a46:	f004 fef3 	bl	10007830 <__assert_func>
10002a4a:	42a2      	cmp	r2, r4
10002a4c:	d302      	bcc.n	10002a54 <xTaskDelayUntil+0x60>
10002a4e:	602c      	str	r4, [r5, #0]
10002a50:	2400      	movs	r4, #0
10002a52:	e00b      	b.n	10002a6c <xTaskDelayUntil+0x78>
10002a54:	602c      	str	r4, [r5, #0]
10002a56:	e004      	b.n	10002a62 <xTaskDelayUntil+0x6e>
10002a58:	42a3      	cmp	r3, r4
10002a5a:	d801      	bhi.n	10002a60 <xTaskDelayUntil+0x6c>
10002a5c:	42a2      	cmp	r2, r4
10002a5e:	d20a      	bcs.n	10002a76 <xTaskDelayUntil+0x82>
10002a60:	602c      	str	r4, [r5, #0]
10002a62:	2100      	movs	r1, #0
10002a64:	1aa0      	subs	r0, r4, r2
10002a66:	f7ff fd77 	bl	10002558 <prvAddCurrentTaskToDelayedList>
10002a6a:	2401      	movs	r4, #1
10002a6c:	f7ff ff1a 	bl	100028a4 <xTaskResumeAll>
10002a70:	b120      	cbz	r0, 10002a7c <xTaskDelayUntil+0x88>
10002a72:	4620      	mov	r0, r4
10002a74:	bd38      	pop	{r3, r4, r5, pc}
10002a76:	602c      	str	r4, [r5, #0]
10002a78:	2400      	movs	r4, #0
10002a7a:	e7f7      	b.n	10002a6c <xTaskDelayUntil+0x78>
10002a7c:	f7fe fa90 	bl	10000fa0 <vPortYield>
10002a80:	e7f7      	b.n	10002a72 <xTaskDelayUntil+0x7e>
10002a82:	bf00      	nop
10002a84:	2002139c 	.word	0x2002139c
10002a88:	20021290 	.word	0x20021290
10002a8c:	10009f48 	.word	0x10009f48
10002a90:	1000ab78 	.word	0x1000ab78
10002a94:	10009e28 	.word	0x10009e28
10002a98:	10009f5c 	.word	0x10009f5c
10002a9c:	10009f74 	.word	0x10009f74

10002aa0 <vTaskDelay>:
10002aa0:	b510      	push	{r4, lr}
10002aa2:	b168      	cbz	r0, 10002ac0 <vTaskDelay+0x20>
10002aa4:	4604      	mov	r4, r0
10002aa6:	f7ff fe29 	bl	100026fc <vTaskSuspendAll>
10002aaa:	4b0a      	ldr	r3, [pc, #40]	@ (10002ad4 <vTaskDelay+0x34>)
10002aac:	681b      	ldr	r3, [r3, #0]
10002aae:	2b01      	cmp	r3, #1
10002ab0:	d109      	bne.n	10002ac6 <vTaskDelay+0x26>
10002ab2:	2100      	movs	r1, #0
10002ab4:	4620      	mov	r0, r4
10002ab6:	f7ff fd4f 	bl	10002558 <prvAddCurrentTaskToDelayedList>
10002aba:	f7ff fef3 	bl	100028a4 <xTaskResumeAll>
10002abe:	b908      	cbnz	r0, 10002ac4 <vTaskDelay+0x24>
10002ac0:	f7fe fa6e 	bl	10000fa0 <vPortYield>
10002ac4:	bd10      	pop	{r4, pc}
10002ac6:	4b04      	ldr	r3, [pc, #16]	@ (10002ad8 <vTaskDelay+0x38>)
10002ac8:	4a04      	ldr	r2, [pc, #16]	@ (10002adc <vTaskDelay+0x3c>)
10002aca:	f44f 6119 	mov.w	r1, #2448	@ 0x990
10002ace:	4804      	ldr	r0, [pc, #16]	@ (10002ae0 <vTaskDelay+0x40>)
10002ad0:	f004 feae 	bl	10007830 <__assert_func>
10002ad4:	20021290 	.word	0x20021290
10002ad8:	10009f74 	.word	0x10009f74
10002adc:	1000ab6c 	.word	0x1000ab6c
10002ae0:	10009e28 	.word	0x10009e28

10002ae4 <vTaskSwitchContext>:
10002ae4:	b508      	push	{r3, lr}
10002ae6:	4b1f      	ldr	r3, [pc, #124]	@ (10002b64 <vTaskSwitchContext+0x80>)
10002ae8:	681b      	ldr	r3, [r3, #0]
10002aea:	b11b      	cbz	r3, 10002af4 <vTaskSwitchContext+0x10>
10002aec:	4b1e      	ldr	r3, [pc, #120]	@ (10002b68 <vTaskSwitchContext+0x84>)
10002aee:	2201      	movs	r2, #1
10002af0:	601a      	str	r2, [r3, #0]
10002af2:	bd08      	pop	{r3, pc}
10002af4:	4b1c      	ldr	r3, [pc, #112]	@ (10002b68 <vTaskSwitchContext+0x84>)
10002af6:	2200      	movs	r2, #0
10002af8:	601a      	str	r2, [r3, #0]
10002afa:	4b1c      	ldr	r3, [pc, #112]	@ (10002b6c <vTaskSwitchContext+0x88>)
10002afc:	681b      	ldr	r3, [r3, #0]
10002afe:	fab3 f383 	clz	r3, r3
10002b02:	f1c3 031f 	rsb	r3, r3, #31
10002b06:	eb03 0183 	add.w	r1, r3, r3, lsl #2
10002b0a:	008a      	lsls	r2, r1, #2
10002b0c:	4918      	ldr	r1, [pc, #96]	@ (10002b70 <vTaskSwitchContext+0x8c>)
10002b0e:	588a      	ldr	r2, [r1, r2]
10002b10:	b1d2      	cbz	r2, 10002b48 <vTaskSwitchContext+0x64>
10002b12:	4817      	ldr	r0, [pc, #92]	@ (10002b70 <vTaskSwitchContext+0x8c>)
10002b14:	eb03 0183 	add.w	r1, r3, r3, lsl #2
10002b18:	008a      	lsls	r2, r1, #2
10002b1a:	4402      	add	r2, r0
10002b1c:	6851      	ldr	r1, [r2, #4]
10002b1e:	6849      	ldr	r1, [r1, #4]
10002b20:	6051      	str	r1, [r2, #4]
10002b22:	eb03 0c83 	add.w	ip, r3, r3, lsl #2
10002b26:	ea4f 028c 	mov.w	r2, ip, lsl #2
10002b2a:	3208      	adds	r2, #8
10002b2c:	4402      	add	r2, r0
10002b2e:	4291      	cmp	r1, r2
10002b30:	d011      	beq.n	10002b56 <vTaskSwitchContext+0x72>
10002b32:	eb03 0383 	add.w	r3, r3, r3, lsl #2
10002b36:	009a      	lsls	r2, r3, #2
10002b38:	4b0d      	ldr	r3, [pc, #52]	@ (10002b70 <vTaskSwitchContext+0x8c>)
10002b3a:	4413      	add	r3, r2
10002b3c:	685b      	ldr	r3, [r3, #4]
10002b3e:	68da      	ldr	r2, [r3, #12]
10002b40:	4b0c      	ldr	r3, [pc, #48]	@ (10002b74 <vTaskSwitchContext+0x90>)
10002b42:	601a      	str	r2, [r3, #0]
10002b44:	681b      	ldr	r3, [r3, #0]
10002b46:	e7d4      	b.n	10002af2 <vTaskSwitchContext+0xe>
10002b48:	4b0b      	ldr	r3, [pc, #44]	@ (10002b78 <vTaskSwitchContext+0x94>)
10002b4a:	4a0c      	ldr	r2, [pc, #48]	@ (10002b7c <vTaskSwitchContext+0x98>)
10002b4c:	f241 31fe 	movw	r1, #5118	@ 0x13fe
10002b50:	480b      	ldr	r0, [pc, #44]	@ (10002b80 <vTaskSwitchContext+0x9c>)
10002b52:	f004 fe6d 	bl	10007830 <__assert_func>
10002b56:	4662      	mov	r2, ip
10002b58:	0091      	lsls	r1, r2, #2
10002b5a:	4602      	mov	r2, r0
10002b5c:	440a      	add	r2, r1
10002b5e:	68d1      	ldr	r1, [r2, #12]
10002b60:	6051      	str	r1, [r2, #4]
10002b62:	e7e6      	b.n	10002b32 <vTaskSwitchContext+0x4e>
10002b64:	20021290 	.word	0x20021290
10002b68:	200213a8 	.word	0x200213a8
10002b6c:	20021298 	.word	0x20021298
10002b70:	20000fe0 	.word	0x20000fe0
10002b74:	20000fc8 	.word	0x20000fc8
10002b78:	10009f90 	.word	0x10009f90
10002b7c:	1000ab20 	.word	0x1000ab20
10002b80:	10009e28 	.word	0x10009e28

10002b84 <vTaskPlaceOnEventList>:
10002b84:	b510      	push	{r4, lr}
10002b86:	b150      	cbz	r0, 10002b9e <vTaskPlaceOnEventList+0x1a>
10002b88:	460c      	mov	r4, r1
10002b8a:	4a08      	ldr	r2, [pc, #32]	@ (10002bac <vTaskPlaceOnEventList+0x28>)
10002b8c:	6811      	ldr	r1, [r2, #0]
10002b8e:	3118      	adds	r1, #24
10002b90:	f7fe fe24 	bl	100017dc <vListInsert>
10002b94:	2101      	movs	r1, #1
10002b96:	4620      	mov	r0, r4
10002b98:	f7ff fcde 	bl	10002558 <prvAddCurrentTaskToDelayedList>
10002b9c:	bd10      	pop	{r4, pc}
10002b9e:	4b04      	ldr	r3, [pc, #16]	@ (10002bb0 <vTaskPlaceOnEventList+0x2c>)
10002ba0:	4a04      	ldr	r2, [pc, #16]	@ (10002bb4 <vTaskPlaceOnEventList+0x30>)
10002ba2:	f241 4184 	movw	r1, #5252	@ 0x1484
10002ba6:	4804      	ldr	r0, [pc, #16]	@ (10002bb8 <vTaskPlaceOnEventList+0x34>)
10002ba8:	f004 fe42 	bl	10007830 <__assert_func>
10002bac:	20000fc8 	.word	0x20000fc8
10002bb0:	10009fd8 	.word	0x10009fd8
10002bb4:	1000ab08 	.word	0x1000ab08
10002bb8:	10009e28 	.word	0x10009e28

10002bbc <vTaskPlaceOnUnorderedEventList>:
10002bbc:	b538      	push	{r3, r4, r5, lr}
10002bbe:	b1f0      	cbz	r0, 10002bfe <vTaskPlaceOnUnorderedEventList+0x42>
10002bc0:	4604      	mov	r4, r0
10002bc2:	4b16      	ldr	r3, [pc, #88]	@ (10002c1c <vTaskPlaceOnUnorderedEventList+0x60>)
10002bc4:	681b      	ldr	r3, [r3, #0]
10002bc6:	b30b      	cbz	r3, 10002c0c <vTaskPlaceOnUnorderedEventList+0x50>
10002bc8:	4b15      	ldr	r3, [pc, #84]	@ (10002c20 <vTaskPlaceOnUnorderedEventList+0x64>)
10002bca:	6818      	ldr	r0, [r3, #0]
10002bcc:	f041 4100 	orr.w	r1, r1, #2147483648	@ 0x80000000
10002bd0:	6181      	str	r1, [r0, #24]
10002bd2:	6861      	ldr	r1, [r4, #4]
10002bd4:	6818      	ldr	r0, [r3, #0]
10002bd6:	61c1      	str	r1, [r0, #28]
10002bd8:	6818      	ldr	r0, [r3, #0]
10002bda:	688d      	ldr	r5, [r1, #8]
10002bdc:	6205      	str	r5, [r0, #32]
10002bde:	6818      	ldr	r0, [r3, #0]
10002be0:	3018      	adds	r0, #24
10002be2:	6068      	str	r0, [r5, #4]
10002be4:	6818      	ldr	r0, [r3, #0]
10002be6:	3018      	adds	r0, #24
10002be8:	6088      	str	r0, [r1, #8]
10002bea:	681b      	ldr	r3, [r3, #0]
10002bec:	629c      	str	r4, [r3, #40]	@ 0x28
10002bee:	6823      	ldr	r3, [r4, #0]
10002bf0:	3301      	adds	r3, #1
10002bf2:	6023      	str	r3, [r4, #0]
10002bf4:	2101      	movs	r1, #1
10002bf6:	4610      	mov	r0, r2
10002bf8:	f7ff fcae 	bl	10002558 <prvAddCurrentTaskToDelayedList>
10002bfc:	bd38      	pop	{r3, r4, r5, pc}
10002bfe:	4b09      	ldr	r3, [pc, #36]	@ (10002c24 <vTaskPlaceOnUnorderedEventList+0x68>)
10002c00:	4a09      	ldr	r2, [pc, #36]	@ (10002c28 <vTaskPlaceOnUnorderedEventList+0x6c>)
10002c02:	f241 41a2 	movw	r1, #5282	@ 0x14a2
10002c06:	4809      	ldr	r0, [pc, #36]	@ (10002c2c <vTaskPlaceOnUnorderedEventList+0x70>)
10002c08:	f004 fe12 	bl	10007830 <__assert_func>
10002c0c:	4b08      	ldr	r3, [pc, #32]	@ (10002c30 <vTaskPlaceOnUnorderedEventList+0x74>)
10002c0e:	4a06      	ldr	r2, [pc, #24]	@ (10002c28 <vTaskPlaceOnUnorderedEventList+0x6c>)
10002c10:	f241 41a6 	movw	r1, #5286	@ 0x14a6
10002c14:	4805      	ldr	r0, [pc, #20]	@ (10002c2c <vTaskPlaceOnUnorderedEventList+0x70>)
10002c16:	f004 fe0b 	bl	10007830 <__assert_func>
10002c1a:	bf00      	nop
10002c1c:	20021290 	.word	0x20021290
10002c20:	20000fc8 	.word	0x20000fc8
10002c24:	10009fd8 	.word	0x10009fd8
10002c28:	1000aae8 	.word	0x1000aae8
10002c2c:	10009e28 	.word	0x10009e28
10002c30:	10009fe4 	.word	0x10009fe4

10002c34 <vTaskPlaceOnEventListRestricted>:
10002c34:	b570      	push	{r4, r5, r6, lr}
10002c36:	4603      	mov	r3, r0
10002c38:	b1d0      	cbz	r0, 10002c70 <vTaskPlaceOnEventListRestricted+0x3c>
10002c3a:	4608      	mov	r0, r1
10002c3c:	4611      	mov	r1, r2
10002c3e:	461e      	mov	r6, r3
10002c40:	685a      	ldr	r2, [r3, #4]
10002c42:	4b0f      	ldr	r3, [pc, #60]	@ (10002c80 <vTaskPlaceOnEventListRestricted+0x4c>)
10002c44:	681c      	ldr	r4, [r3, #0]
10002c46:	61e2      	str	r2, [r4, #28]
10002c48:	681c      	ldr	r4, [r3, #0]
10002c4a:	6895      	ldr	r5, [r2, #8]
10002c4c:	6225      	str	r5, [r4, #32]
10002c4e:	681c      	ldr	r4, [r3, #0]
10002c50:	3418      	adds	r4, #24
10002c52:	606c      	str	r4, [r5, #4]
10002c54:	681c      	ldr	r4, [r3, #0]
10002c56:	3418      	adds	r4, #24
10002c58:	6094      	str	r4, [r2, #8]
10002c5a:	681b      	ldr	r3, [r3, #0]
10002c5c:	629e      	str	r6, [r3, #40]	@ 0x28
10002c5e:	6833      	ldr	r3, [r6, #0]
10002c60:	3301      	adds	r3, #1
10002c62:	6033      	str	r3, [r6, #0]
10002c64:	b109      	cbz	r1, 10002c6a <vTaskPlaceOnEventListRestricted+0x36>
10002c66:	f04f 30ff 	mov.w	r0, #4294967295
10002c6a:	f7ff fc75 	bl	10002558 <prvAddCurrentTaskToDelayedList>
10002c6e:	bd70      	pop	{r4, r5, r6, pc}
10002c70:	4b04      	ldr	r3, [pc, #16]	@ (10002c84 <vTaskPlaceOnEventListRestricted+0x50>)
10002c72:	4a05      	ldr	r2, [pc, #20]	@ (10002c88 <vTaskPlaceOnEventListRestricted+0x54>)
10002c74:	f241 41c2 	movw	r1, #5314	@ 0x14c2
10002c78:	4804      	ldr	r0, [pc, #16]	@ (10002c8c <vTaskPlaceOnEventListRestricted+0x58>)
10002c7a:	f004 fdd9 	bl	10007830 <__assert_func>
10002c7e:	bf00      	nop
10002c80:	20000fc8 	.word	0x20000fc8
10002c84:	10009fd8 	.word	0x10009fd8
10002c88:	1000aac8 	.word	0x1000aac8
10002c8c:	10009e28 	.word	0x10009e28

10002c90 <xTaskRemoveFromEventList>:
10002c90:	b538      	push	{r3, r4, r5, lr}
10002c92:	68c3      	ldr	r3, [r0, #12]
10002c94:	68db      	ldr	r3, [r3, #12]
10002c96:	2b00      	cmp	r3, #0
10002c98:	d04b      	beq.n	10002d32 <xTaskRemoveFromEventList+0xa2>
10002c9a:	6a9a      	ldr	r2, [r3, #40]	@ 0x28
10002c9c:	69d8      	ldr	r0, [r3, #28]
10002c9e:	6a19      	ldr	r1, [r3, #32]
10002ca0:	6081      	str	r1, [r0, #8]
10002ca2:	69d8      	ldr	r0, [r3, #28]
10002ca4:	6048      	str	r0, [r1, #4]
10002ca6:	6851      	ldr	r1, [r2, #4]
10002ca8:	f103 0018 	add.w	r0, r3, #24
10002cac:	4281      	cmp	r1, r0
10002cae:	d047      	beq.n	10002d40 <xTaskRemoveFromEventList+0xb0>
10002cb0:	2100      	movs	r1, #0
10002cb2:	6299      	str	r1, [r3, #40]	@ 0x28
10002cb4:	6811      	ldr	r1, [r2, #0]
10002cb6:	3901      	subs	r1, #1
10002cb8:	6011      	str	r1, [r2, #0]
10002cba:	4a2b      	ldr	r2, [pc, #172]	@ (10002d68 <xTaskRemoveFromEventList+0xd8>)
10002cbc:	6812      	ldr	r2, [r2, #0]
10002cbe:	2a00      	cmp	r2, #0
10002cc0:	d144      	bne.n	10002d4c <xTaskRemoveFromEventList+0xbc>
10002cc2:	695a      	ldr	r2, [r3, #20]
10002cc4:	6898      	ldr	r0, [r3, #8]
10002cc6:	68d9      	ldr	r1, [r3, #12]
10002cc8:	6081      	str	r1, [r0, #8]
10002cca:	6898      	ldr	r0, [r3, #8]
10002ccc:	6048      	str	r0, [r1, #4]
10002cce:	6851      	ldr	r1, [r2, #4]
10002cd0:	1d18      	adds	r0, r3, #4
10002cd2:	4281      	cmp	r1, r0
10002cd4:	d037      	beq.n	10002d46 <xTaskRemoveFromEventList+0xb6>
10002cd6:	2100      	movs	r1, #0
10002cd8:	6159      	str	r1, [r3, #20]
10002cda:	6811      	ldr	r1, [r2, #0]
10002cdc:	3901      	subs	r1, #1
10002cde:	6011      	str	r1, [r2, #0]
10002ce0:	6ada      	ldr	r2, [r3, #44]	@ 0x2c
10002ce2:	2101      	movs	r1, #1
10002ce4:	4091      	lsls	r1, r2
10002ce6:	4c21      	ldr	r4, [pc, #132]	@ (10002d6c <xTaskRemoveFromEventList+0xdc>)
10002ce8:	6825      	ldr	r5, [r4, #0]
10002cea:	4329      	orrs	r1, r5
10002cec:	6021      	str	r1, [r4, #0]
10002cee:	4920      	ldr	r1, [pc, #128]	@ (10002d70 <xTaskRemoveFromEventList+0xe0>)
10002cf0:	eb02 0282 	add.w	r2, r2, r2, lsl #2
10002cf4:	eb01 0282 	add.w	r2, r1, r2, lsl #2
10002cf8:	6852      	ldr	r2, [r2, #4]
10002cfa:	609a      	str	r2, [r3, #8]
10002cfc:	6894      	ldr	r4, [r2, #8]
10002cfe:	60dc      	str	r4, [r3, #12]
10002d00:	6060      	str	r0, [r4, #4]
10002d02:	6090      	str	r0, [r2, #8]
10002d04:	6ada      	ldr	r2, [r3, #44]	@ 0x2c
10002d06:	eb02 0082 	add.w	r0, r2, r2, lsl #2
10002d0a:	eb01 0480 	add.w	r4, r1, r0, lsl #2
10002d0e:	615c      	str	r4, [r3, #20]
10002d10:	f851 0020 	ldr.w	r0, [r1, r0, lsl #2]
10002d14:	3001      	adds	r0, #1
10002d16:	eb02 0282 	add.w	r2, r2, r2, lsl #2
10002d1a:	f841 0022 	str.w	r0, [r1, r2, lsl #2]
10002d1e:	6ada      	ldr	r2, [r3, #44]	@ 0x2c
10002d20:	4b14      	ldr	r3, [pc, #80]	@ (10002d74 <xTaskRemoveFromEventList+0xe4>)
10002d22:	681b      	ldr	r3, [r3, #0]
10002d24:	6adb      	ldr	r3, [r3, #44]	@ 0x2c
10002d26:	429a      	cmp	r2, r3
10002d28:	d91c      	bls.n	10002d64 <xTaskRemoveFromEventList+0xd4>
10002d2a:	2001      	movs	r0, #1
10002d2c:	4b12      	ldr	r3, [pc, #72]	@ (10002d78 <xTaskRemoveFromEventList+0xe8>)
10002d2e:	6018      	str	r0, [r3, #0]
10002d30:	bd38      	pop	{r3, r4, r5, pc}
10002d32:	4b12      	ldr	r3, [pc, #72]	@ (10002d7c <xTaskRemoveFromEventList+0xec>)
10002d34:	4a12      	ldr	r2, [pc, #72]	@ (10002d80 <xTaskRemoveFromEventList+0xf0>)
10002d36:	f241 41f9 	movw	r1, #5369	@ 0x14f9
10002d3a:	4812      	ldr	r0, [pc, #72]	@ (10002d84 <xTaskRemoveFromEventList+0xf4>)
10002d3c:	f004 fd78 	bl	10007830 <__assert_func>
10002d40:	6a19      	ldr	r1, [r3, #32]
10002d42:	6051      	str	r1, [r2, #4]
10002d44:	e7b4      	b.n	10002cb0 <xTaskRemoveFromEventList+0x20>
10002d46:	68d9      	ldr	r1, [r3, #12]
10002d48:	6051      	str	r1, [r2, #4]
10002d4a:	e7c4      	b.n	10002cd6 <xTaskRemoveFromEventList+0x46>
10002d4c:	4a0e      	ldr	r2, [pc, #56]	@ (10002d88 <xTaskRemoveFromEventList+0xf8>)
10002d4e:	6851      	ldr	r1, [r2, #4]
10002d50:	61d9      	str	r1, [r3, #28]
10002d52:	688c      	ldr	r4, [r1, #8]
10002d54:	621c      	str	r4, [r3, #32]
10002d56:	6060      	str	r0, [r4, #4]
10002d58:	6088      	str	r0, [r1, #8]
10002d5a:	629a      	str	r2, [r3, #40]	@ 0x28
10002d5c:	6811      	ldr	r1, [r2, #0]
10002d5e:	3101      	adds	r1, #1
10002d60:	6011      	str	r1, [r2, #0]
10002d62:	e7dc      	b.n	10002d1e <xTaskRemoveFromEventList+0x8e>
10002d64:	2000      	movs	r0, #0
10002d66:	e7e3      	b.n	10002d30 <xTaskRemoveFromEventList+0xa0>
10002d68:	20021290 	.word	0x20021290
10002d6c:	20021298 	.word	0x20021298
10002d70:	20000fe0 	.word	0x20000fe0
10002d74:	20000fc8 	.word	0x20000fc8
10002d78:	200213a8 	.word	0x200213a8
10002d7c:	1000a010 	.word	0x1000a010
10002d80:	1000aaac 	.word	0x1000aaac
10002d84:	10009e28 	.word	0x10009e28
10002d88:	20021314 	.word	0x20021314

10002d8c <vTaskRemoveFromUnorderedEventList>:
10002d8c:	b538      	push	{r3, r4, r5, lr}
10002d8e:	4b32      	ldr	r3, [pc, #200]	@ (10002e58 <vTaskRemoveFromUnorderedEventList+0xcc>)
10002d90:	681b      	ldr	r3, [r3, #0]
10002d92:	2b00      	cmp	r3, #0
10002d94:	d04b      	beq.n	10002e2e <vTaskRemoveFromUnorderedEventList+0xa2>
10002d96:	f041 4100 	orr.w	r1, r1, #2147483648	@ 0x80000000
10002d9a:	6001      	str	r1, [r0, #0]
10002d9c:	68c3      	ldr	r3, [r0, #12]
10002d9e:	2b00      	cmp	r3, #0
10002da0:	d04c      	beq.n	10002e3c <vTaskRemoveFromUnorderedEventList+0xb0>
10002da2:	6902      	ldr	r2, [r0, #16]
10002da4:	6844      	ldr	r4, [r0, #4]
10002da6:	6881      	ldr	r1, [r0, #8]
10002da8:	60a1      	str	r1, [r4, #8]
10002daa:	6844      	ldr	r4, [r0, #4]
10002dac:	604c      	str	r4, [r1, #4]
10002dae:	6851      	ldr	r1, [r2, #4]
10002db0:	4281      	cmp	r1, r0
10002db2:	d04a      	beq.n	10002e4a <vTaskRemoveFromUnorderedEventList+0xbe>
10002db4:	2100      	movs	r1, #0
10002db6:	6101      	str	r1, [r0, #16]
10002db8:	6811      	ldr	r1, [r2, #0]
10002dba:	3901      	subs	r1, #1
10002dbc:	6011      	str	r1, [r2, #0]
10002dbe:	695a      	ldr	r2, [r3, #20]
10002dc0:	6898      	ldr	r0, [r3, #8]
10002dc2:	68d9      	ldr	r1, [r3, #12]
10002dc4:	6081      	str	r1, [r0, #8]
10002dc6:	6898      	ldr	r0, [r3, #8]
10002dc8:	6048      	str	r0, [r1, #4]
10002dca:	6851      	ldr	r1, [r2, #4]
10002dcc:	1d18      	adds	r0, r3, #4
10002dce:	4281      	cmp	r1, r0
10002dd0:	d03e      	beq.n	10002e50 <vTaskRemoveFromUnorderedEventList+0xc4>
10002dd2:	2100      	movs	r1, #0
10002dd4:	6159      	str	r1, [r3, #20]
10002dd6:	6811      	ldr	r1, [r2, #0]
10002dd8:	3901      	subs	r1, #1
10002dda:	6011      	str	r1, [r2, #0]
10002ddc:	6ada      	ldr	r2, [r3, #44]	@ 0x2c
10002dde:	2101      	movs	r1, #1
10002de0:	4091      	lsls	r1, r2
10002de2:	4c1e      	ldr	r4, [pc, #120]	@ (10002e5c <vTaskRemoveFromUnorderedEventList+0xd0>)
10002de4:	6825      	ldr	r5, [r4, #0]
10002de6:	4329      	orrs	r1, r5
10002de8:	6021      	str	r1, [r4, #0]
10002dea:	491d      	ldr	r1, [pc, #116]	@ (10002e60 <vTaskRemoveFromUnorderedEventList+0xd4>)
10002dec:	eb02 0282 	add.w	r2, r2, r2, lsl #2
10002df0:	eb01 0282 	add.w	r2, r1, r2, lsl #2
10002df4:	6852      	ldr	r2, [r2, #4]
10002df6:	609a      	str	r2, [r3, #8]
10002df8:	6894      	ldr	r4, [r2, #8]
10002dfa:	60dc      	str	r4, [r3, #12]
10002dfc:	6060      	str	r0, [r4, #4]
10002dfe:	6090      	str	r0, [r2, #8]
10002e00:	6ada      	ldr	r2, [r3, #44]	@ 0x2c
10002e02:	eb02 0082 	add.w	r0, r2, r2, lsl #2
10002e06:	eb01 0480 	add.w	r4, r1, r0, lsl #2
10002e0a:	615c      	str	r4, [r3, #20]
10002e0c:	f851 0020 	ldr.w	r0, [r1, r0, lsl #2]
10002e10:	3001      	adds	r0, #1
10002e12:	eb02 0282 	add.w	r2, r2, r2, lsl #2
10002e16:	f841 0022 	str.w	r0, [r1, r2, lsl #2]
10002e1a:	6ada      	ldr	r2, [r3, #44]	@ 0x2c
10002e1c:	4b11      	ldr	r3, [pc, #68]	@ (10002e64 <vTaskRemoveFromUnorderedEventList+0xd8>)
10002e1e:	681b      	ldr	r3, [r3, #0]
10002e20:	6adb      	ldr	r3, [r3, #44]	@ 0x2c
10002e22:	429a      	cmp	r2, r3
10002e24:	d902      	bls.n	10002e2c <vTaskRemoveFromUnorderedEventList+0xa0>
10002e26:	4b10      	ldr	r3, [pc, #64]	@ (10002e68 <vTaskRemoveFromUnorderedEventList+0xdc>)
10002e28:	2201      	movs	r2, #1
10002e2a:	601a      	str	r2, [r3, #0]
10002e2c:	bd38      	pop	{r3, r4, r5, pc}
10002e2e:	4b0f      	ldr	r3, [pc, #60]	@ (10002e6c <vTaskRemoveFromUnorderedEventList+0xe0>)
10002e30:	4a0f      	ldr	r2, [pc, #60]	@ (10002e70 <vTaskRemoveFromUnorderedEventList+0xe4>)
10002e32:	f241 5147 	movw	r1, #5447	@ 0x1547
10002e36:	480f      	ldr	r0, [pc, #60]	@ (10002e74 <vTaskRemoveFromUnorderedEventList+0xe8>)
10002e38:	f004 fcfa 	bl	10007830 <__assert_func>
10002e3c:	4b0e      	ldr	r3, [pc, #56]	@ (10002e78 <vTaskRemoveFromUnorderedEventList+0xec>)
10002e3e:	4a0c      	ldr	r2, [pc, #48]	@ (10002e70 <vTaskRemoveFromUnorderedEventList+0xe4>)
10002e40:	f241 5152 	movw	r1, #5458	@ 0x1552
10002e44:	480b      	ldr	r0, [pc, #44]	@ (10002e74 <vTaskRemoveFromUnorderedEventList+0xe8>)
10002e46:	f004 fcf3 	bl	10007830 <__assert_func>
10002e4a:	6881      	ldr	r1, [r0, #8]
10002e4c:	6051      	str	r1, [r2, #4]
10002e4e:	e7b1      	b.n	10002db4 <vTaskRemoveFromUnorderedEventList+0x28>
10002e50:	68d9      	ldr	r1, [r3, #12]
10002e52:	6051      	str	r1, [r2, #4]
10002e54:	e7bd      	b.n	10002dd2 <vTaskRemoveFromUnorderedEventList+0x46>
10002e56:	bf00      	nop
10002e58:	20021290 	.word	0x20021290
10002e5c:	20021298 	.word	0x20021298
10002e60:	20000fe0 	.word	0x20000fe0
10002e64:	20000fc8 	.word	0x20000fc8
10002e68:	200213a8 	.word	0x200213a8
10002e6c:	10009fe4 	.word	0x10009fe4
10002e70:	1000aa88 	.word	0x1000aa88
10002e74:	10009e28 	.word	0x10009e28
10002e78:	1000a010 	.word	0x1000a010

10002e7c <vTaskInternalSetTimeOutState>:
10002e7c:	4b03      	ldr	r3, [pc, #12]	@ (10002e8c <vTaskInternalSetTimeOutState+0x10>)
10002e7e:	681b      	ldr	r3, [r3, #0]
10002e80:	6003      	str	r3, [r0, #0]
10002e82:	4b03      	ldr	r3, [pc, #12]	@ (10002e90 <vTaskInternalSetTimeOutState+0x14>)
10002e84:	681b      	ldr	r3, [r3, #0]
10002e86:	6043      	str	r3, [r0, #4]
10002e88:	4770      	bx	lr
10002e8a:	bf00      	nop
10002e8c:	20021304 	.word	0x20021304
10002e90:	2002139c 	.word	0x2002139c

10002e94 <xTaskCheckForTimeOut>:
10002e94:	b5f8      	push	{r3, r4, r5, r6, r7, lr}
10002e96:	b1b8      	cbz	r0, 10002ec8 <xTaskCheckForTimeOut+0x34>
10002e98:	460c      	mov	r4, r1
10002e9a:	4605      	mov	r5, r0
10002e9c:	b1d9      	cbz	r1, 10002ed6 <xTaskCheckForTimeOut+0x42>
10002e9e:	f7fe f88b 	bl	10000fb8 <vPortEnterCritical>
10002ea2:	4b20      	ldr	r3, [pc, #128]	@ (10002f24 <xTaskCheckForTimeOut+0x90>)
10002ea4:	681a      	ldr	r2, [r3, #0]
10002ea6:	686b      	ldr	r3, [r5, #4]
10002ea8:	1ad0      	subs	r0, r2, r3
10002eaa:	491f      	ldr	r1, [pc, #124]	@ (10002f28 <xTaskCheckForTimeOut+0x94>)
10002eac:	6809      	ldr	r1, [r1, #0]
10002eae:	f891 106d 	ldrb.w	r1, [r1, #109]	@ 0x6d
10002eb2:	b1b9      	cbz	r1, 10002ee4 <xTaskCheckForTimeOut+0x50>
10002eb4:	4b1c      	ldr	r3, [pc, #112]	@ (10002f28 <xTaskCheckForTimeOut+0x94>)
10002eb6:	681b      	ldr	r3, [r3, #0]
10002eb8:	2200      	movs	r2, #0
10002eba:	f883 206d 	strb.w	r2, [r3, #109]	@ 0x6d
10002ebe:	2401      	movs	r4, #1
10002ec0:	f7fe f888 	bl	10000fd4 <vPortExitCritical>
10002ec4:	4620      	mov	r0, r4
10002ec6:	bdf8      	pop	{r3, r4, r5, r6, r7, pc}
10002ec8:	4b18      	ldr	r3, [pc, #96]	@ (10002f2c <xTaskCheckForTimeOut+0x98>)
10002eca:	4a19      	ldr	r2, [pc, #100]	@ (10002f30 <xTaskCheckForTimeOut+0x9c>)
10002ecc:	f241 51a9 	movw	r1, #5545	@ 0x15a9
10002ed0:	4818      	ldr	r0, [pc, #96]	@ (10002f34 <xTaskCheckForTimeOut+0xa0>)
10002ed2:	f004 fcad 	bl	10007830 <__assert_func>
10002ed6:	4b18      	ldr	r3, [pc, #96]	@ (10002f38 <xTaskCheckForTimeOut+0xa4>)
10002ed8:	4a15      	ldr	r2, [pc, #84]	@ (10002f30 <xTaskCheckForTimeOut+0x9c>)
10002eda:	f241 51aa 	movw	r1, #5546	@ 0x15aa
10002ede:	4815      	ldr	r0, [pc, #84]	@ (10002f34 <xTaskCheckForTimeOut+0xa0>)
10002ee0:	f004 fca6 	bl	10007830 <__assert_func>
10002ee4:	6821      	ldr	r1, [r4, #0]
10002ee6:	f1b1 3fff 	cmp.w	r1, #4294967295
10002eea:	d018      	beq.n	10002f1e <xTaskCheckForTimeOut+0x8a>
10002eec:	4e13      	ldr	r6, [pc, #76]	@ (10002f3c <xTaskCheckForTimeOut+0xa8>)
10002eee:	6836      	ldr	r6, [r6, #0]
10002ef0:	682f      	ldr	r7, [r5, #0]
10002ef2:	42b7      	cmp	r7, r6
10002ef4:	d005      	beq.n	10002f02 <xTaskCheckForTimeOut+0x6e>
10002ef6:	4293      	cmp	r3, r2
10002ef8:	d803      	bhi.n	10002f02 <xTaskCheckForTimeOut+0x6e>
10002efa:	2300      	movs	r3, #0
10002efc:	6023      	str	r3, [r4, #0]
10002efe:	2401      	movs	r4, #1
10002f00:	e7de      	b.n	10002ec0 <xTaskCheckForTimeOut+0x2c>
10002f02:	4281      	cmp	r1, r0
10002f04:	d803      	bhi.n	10002f0e <xTaskCheckForTimeOut+0x7a>
10002f06:	2300      	movs	r3, #0
10002f08:	6023      	str	r3, [r4, #0]
10002f0a:	2401      	movs	r4, #1
10002f0c:	e7d8      	b.n	10002ec0 <xTaskCheckForTimeOut+0x2c>
10002f0e:	1a9b      	subs	r3, r3, r2
10002f10:	440b      	add	r3, r1
10002f12:	6023      	str	r3, [r4, #0]
10002f14:	4628      	mov	r0, r5
10002f16:	f7ff ffb1 	bl	10002e7c <vTaskInternalSetTimeOutState>
10002f1a:	2400      	movs	r4, #0
10002f1c:	e7d0      	b.n	10002ec0 <xTaskCheckForTimeOut+0x2c>
10002f1e:	2400      	movs	r4, #0
10002f20:	e7ce      	b.n	10002ec0 <xTaskCheckForTimeOut+0x2c>
10002f22:	bf00      	nop
10002f24:	2002139c 	.word	0x2002139c
10002f28:	20000fc8 	.word	0x20000fc8
10002f2c:	1000a020 	.word	0x1000a020
10002f30:	1000aa70 	.word	0x1000aa70
10002f34:	10009e28 	.word	0x10009e28
10002f38:	1000a02c 	.word	0x1000a02c
10002f3c:	20021304 	.word	0x20021304

10002f40 <vTaskMissedYield>:
10002f40:	4b01      	ldr	r3, [pc, #4]	@ (10002f48 <vTaskMissedYield+0x8>)
10002f42:	2201      	movs	r2, #1
10002f44:	601a      	str	r2, [r3, #0]
10002f46:	4770      	bx	lr
10002f48:	200213a8 	.word	0x200213a8

10002f4c <xTaskGetCurrentTaskHandle>:
10002f4c:	4b01      	ldr	r3, [pc, #4]	@ (10002f54 <xTaskGetCurrentTaskHandle+0x8>)
10002f4e:	6818      	ldr	r0, [r3, #0]
10002f50:	4770      	bx	lr
10002f52:	bf00      	nop
10002f54:	20000fc8 	.word	0x20000fc8

10002f58 <xTaskGetSchedulerState>:
10002f58:	4b05      	ldr	r3, [pc, #20]	@ (10002f70 <xTaskGetSchedulerState+0x18>)
10002f5a:	681b      	ldr	r3, [r3, #0]
10002f5c:	b133      	cbz	r3, 10002f6c <xTaskGetSchedulerState+0x14>
10002f5e:	4b05      	ldr	r3, [pc, #20]	@ (10002f74 <xTaskGetSchedulerState+0x1c>)
10002f60:	681b      	ldr	r3, [r3, #0]
10002f62:	b10b      	cbz	r3, 10002f68 <xTaskGetSchedulerState+0x10>
10002f64:	2000      	movs	r0, #0
10002f66:	4770      	bx	lr
10002f68:	2002      	movs	r0, #2
10002f6a:	4770      	bx	lr
10002f6c:	2001      	movs	r0, #1
10002f6e:	4770      	bx	lr
10002f70:	20021368 	.word	0x20021368
10002f74:	20021290 	.word	0x20021290

10002f78 <xTaskPriorityInherit>:
10002f78:	2800      	cmp	r0, #0
10002f7a:	d057      	beq.n	1000302c <xTaskPriorityInherit+0xb4>
10002f7c:	b570      	push	{r4, r5, r6, lr}
10002f7e:	4604      	mov	r4, r0
10002f80:	6ac3      	ldr	r3, [r0, #44]	@ 0x2c
10002f82:	4a2c      	ldr	r2, [pc, #176]	@ (10003034 <xTaskPriorityInherit+0xbc>)
10002f84:	6812      	ldr	r2, [r2, #0]
10002f86:	6ad2      	ldr	r2, [r2, #44]	@ 0x2c
10002f88:	4293      	cmp	r3, r2
10002f8a:	d247      	bcs.n	1000301c <xTaskPriorityInherit+0xa4>
10002f8c:	6982      	ldr	r2, [r0, #24]
10002f8e:	2a00      	cmp	r2, #0
10002f90:	db05      	blt.n	10002f9e <xTaskPriorityInherit+0x26>
10002f92:	4a28      	ldr	r2, [pc, #160]	@ (10003034 <xTaskPriorityInherit+0xbc>)
10002f94:	6812      	ldr	r2, [r2, #0]
10002f96:	6ad2      	ldr	r2, [r2, #44]	@ 0x2c
10002f98:	f1c2 0220 	rsb	r2, r2, #32
10002f9c:	6182      	str	r2, [r0, #24]
10002f9e:	6961      	ldr	r1, [r4, #20]
10002fa0:	eb03 0383 	add.w	r3, r3, r3, lsl #2
10002fa4:	4a24      	ldr	r2, [pc, #144]	@ (10003038 <xTaskPriorityInherit+0xc0>)
10002fa6:	eb02 0383 	add.w	r3, r2, r3, lsl #2
10002faa:	4299      	cmp	r1, r3
10002fac:	d005      	beq.n	10002fba <xTaskPriorityInherit+0x42>
10002fae:	4b21      	ldr	r3, [pc, #132]	@ (10003034 <xTaskPriorityInherit+0xbc>)
10002fb0:	681b      	ldr	r3, [r3, #0]
10002fb2:	6adb      	ldr	r3, [r3, #44]	@ 0x2c
10002fb4:	62e3      	str	r3, [r4, #44]	@ 0x2c
10002fb6:	2001      	movs	r0, #1
10002fb8:	bd70      	pop	{r4, r5, r6, pc}
10002fba:	1d25      	adds	r5, r4, #4
10002fbc:	4628      	mov	r0, r5
10002fbe:	f7fe fc26 	bl	1000180e <uxListRemove>
10002fc2:	b938      	cbnz	r0, 10002fd4 <xTaskPriorityInherit+0x5c>
10002fc4:	6ae3      	ldr	r3, [r4, #44]	@ 0x2c
10002fc6:	2201      	movs	r2, #1
10002fc8:	409a      	lsls	r2, r3
10002fca:	491c      	ldr	r1, [pc, #112]	@ (1000303c <xTaskPriorityInherit+0xc4>)
10002fcc:	680b      	ldr	r3, [r1, #0]
10002fce:	ea23 0302 	bic.w	r3, r3, r2
10002fd2:	600b      	str	r3, [r1, #0]
10002fd4:	4b17      	ldr	r3, [pc, #92]	@ (10003034 <xTaskPriorityInherit+0xbc>)
10002fd6:	681b      	ldr	r3, [r3, #0]
10002fd8:	6adb      	ldr	r3, [r3, #44]	@ 0x2c
10002fda:	62e3      	str	r3, [r4, #44]	@ 0x2c
10002fdc:	2001      	movs	r0, #1
10002fde:	fa00 f203 	lsl.w	r2, r0, r3
10002fe2:	4916      	ldr	r1, [pc, #88]	@ (1000303c <xTaskPriorityInherit+0xc4>)
10002fe4:	680e      	ldr	r6, [r1, #0]
10002fe6:	4332      	orrs	r2, r6
10002fe8:	600a      	str	r2, [r1, #0]
10002fea:	4a13      	ldr	r2, [pc, #76]	@ (10003038 <xTaskPriorityInherit+0xc0>)
10002fec:	eb03 0383 	add.w	r3, r3, r3, lsl #2
10002ff0:	eb02 0383 	add.w	r3, r2, r3, lsl #2
10002ff4:	685b      	ldr	r3, [r3, #4]
10002ff6:	60a3      	str	r3, [r4, #8]
10002ff8:	6899      	ldr	r1, [r3, #8]
10002ffa:	60e1      	str	r1, [r4, #12]
10002ffc:	604d      	str	r5, [r1, #4]
10002ffe:	609d      	str	r5, [r3, #8]
10003000:	6ae3      	ldr	r3, [r4, #44]	@ 0x2c
10003002:	eb03 0183 	add.w	r1, r3, r3, lsl #2
10003006:	eb02 0581 	add.w	r5, r2, r1, lsl #2
1000300a:	6165      	str	r5, [r4, #20]
1000300c:	f852 1021 	ldr.w	r1, [r2, r1, lsl #2]
10003010:	4401      	add	r1, r0
10003012:	eb03 0383 	add.w	r3, r3, r3, lsl #2
10003016:	f842 1023 	str.w	r1, [r2, r3, lsl #2]
1000301a:	e7cd      	b.n	10002fb8 <xTaskPriorityInherit+0x40>
1000301c:	6cc2      	ldr	r2, [r0, #76]	@ 0x4c
1000301e:	4b05      	ldr	r3, [pc, #20]	@ (10003034 <xTaskPriorityInherit+0xbc>)
10003020:	681b      	ldr	r3, [r3, #0]
10003022:	6adb      	ldr	r3, [r3, #44]	@ 0x2c
10003024:	429a      	cmp	r2, r3
10003026:	d303      	bcc.n	10003030 <xTaskPriorityInherit+0xb8>
10003028:	2000      	movs	r0, #0
1000302a:	e7c5      	b.n	10002fb8 <xTaskPriorityInherit+0x40>
1000302c:	2000      	movs	r0, #0
1000302e:	4770      	bx	lr
10003030:	2001      	movs	r0, #1
10003032:	e7c1      	b.n	10002fb8 <xTaskPriorityInherit+0x40>
10003034:	20000fc8 	.word	0x20000fc8
10003038:	20000fe0 	.word	0x20000fe0
1000303c:	20021298 	.word	0x20021298

10003040 <xTaskPriorityDisinherit>:
10003040:	2800      	cmp	r0, #0
10003042:	d050      	beq.n	100030e6 <xTaskPriorityDisinherit+0xa6>
10003044:	b570      	push	{r4, r5, r6, lr}
10003046:	4604      	mov	r4, r0
10003048:	4b29      	ldr	r3, [pc, #164]	@ (100030f0 <xTaskPriorityDisinherit+0xb0>)
1000304a:	681b      	ldr	r3, [r3, #0]
1000304c:	4283      	cmp	r3, r0
1000304e:	d10a      	bne.n	10003066 <xTaskPriorityDisinherit+0x26>
10003050:	6d03      	ldr	r3, [r0, #80]	@ 0x50
10003052:	b17b      	cbz	r3, 10003074 <xTaskPriorityDisinherit+0x34>
10003054:	3b01      	subs	r3, #1
10003056:	6503      	str	r3, [r0, #80]	@ 0x50
10003058:	6ac1      	ldr	r1, [r0, #44]	@ 0x2c
1000305a:	6cc2      	ldr	r2, [r0, #76]	@ 0x4c
1000305c:	4291      	cmp	r1, r2
1000305e:	d044      	beq.n	100030ea <xTaskPriorityDisinherit+0xaa>
10003060:	b17b      	cbz	r3, 10003082 <xTaskPriorityDisinherit+0x42>
10003062:	2000      	movs	r0, #0
10003064:	bd70      	pop	{r4, r5, r6, pc}
10003066:	4b23      	ldr	r3, [pc, #140]	@ (100030f4 <xTaskPriorityDisinherit+0xb4>)
10003068:	4a23      	ldr	r2, [pc, #140]	@ (100030f8 <xTaskPriorityDisinherit+0xb8>)
1000306a:	f641 212c 	movw	r1, #6700	@ 0x1a2c
1000306e:	4823      	ldr	r0, [pc, #140]	@ (100030fc <xTaskPriorityDisinherit+0xbc>)
10003070:	f004 fbde 	bl	10007830 <__assert_func>
10003074:	4b22      	ldr	r3, [pc, #136]	@ (10003100 <xTaskPriorityDisinherit+0xc0>)
10003076:	4a20      	ldr	r2, [pc, #128]	@ (100030f8 <xTaskPriorityDisinherit+0xb8>)
10003078:	f641 212d 	movw	r1, #6701	@ 0x1a2d
1000307c:	481f      	ldr	r0, [pc, #124]	@ (100030fc <xTaskPriorityDisinherit+0xbc>)
1000307e:	f004 fbd7 	bl	10007830 <__assert_func>
10003082:	1d05      	adds	r5, r0, #4
10003084:	4628      	mov	r0, r5
10003086:	f7fe fbc2 	bl	1000180e <uxListRemove>
1000308a:	b938      	cbnz	r0, 1000309c <xTaskPriorityDisinherit+0x5c>
1000308c:	6ae3      	ldr	r3, [r4, #44]	@ 0x2c
1000308e:	2201      	movs	r2, #1
10003090:	409a      	lsls	r2, r3
10003092:	491c      	ldr	r1, [pc, #112]	@ (10003104 <xTaskPriorityDisinherit+0xc4>)
10003094:	680b      	ldr	r3, [r1, #0]
10003096:	ea23 0302 	bic.w	r3, r3, r2
1000309a:	600b      	str	r3, [r1, #0]
1000309c:	6ce3      	ldr	r3, [r4, #76]	@ 0x4c
1000309e:	62e3      	str	r3, [r4, #44]	@ 0x2c
100030a0:	f1c3 0220 	rsb	r2, r3, #32
100030a4:	61a2      	str	r2, [r4, #24]
100030a6:	2001      	movs	r0, #1
100030a8:	fa00 f203 	lsl.w	r2, r0, r3
100030ac:	4915      	ldr	r1, [pc, #84]	@ (10003104 <xTaskPriorityDisinherit+0xc4>)
100030ae:	680e      	ldr	r6, [r1, #0]
100030b0:	4332      	orrs	r2, r6
100030b2:	600a      	str	r2, [r1, #0]
100030b4:	4a14      	ldr	r2, [pc, #80]	@ (10003108 <xTaskPriorityDisinherit+0xc8>)
100030b6:	eb03 0383 	add.w	r3, r3, r3, lsl #2
100030ba:	eb02 0383 	add.w	r3, r2, r3, lsl #2
100030be:	685b      	ldr	r3, [r3, #4]
100030c0:	60a3      	str	r3, [r4, #8]
100030c2:	6899      	ldr	r1, [r3, #8]
100030c4:	60e1      	str	r1, [r4, #12]
100030c6:	604d      	str	r5, [r1, #4]
100030c8:	609d      	str	r5, [r3, #8]
100030ca:	6ae3      	ldr	r3, [r4, #44]	@ 0x2c
100030cc:	eb03 0183 	add.w	r1, r3, r3, lsl #2
100030d0:	eb02 0581 	add.w	r5, r2, r1, lsl #2
100030d4:	6165      	str	r5, [r4, #20]
100030d6:	f852 1021 	ldr.w	r1, [r2, r1, lsl #2]
100030da:	4401      	add	r1, r0
100030dc:	eb03 0383 	add.w	r3, r3, r3, lsl #2
100030e0:	f842 1023 	str.w	r1, [r2, r3, lsl #2]
100030e4:	e7be      	b.n	10003064 <xTaskPriorityDisinherit+0x24>
100030e6:	2000      	movs	r0, #0
100030e8:	4770      	bx	lr
100030ea:	2000      	movs	r0, #0
100030ec:	e7ba      	b.n	10003064 <xTaskPriorityDisinherit+0x24>
100030ee:	bf00      	nop
100030f0:	20000fc8 	.word	0x20000fc8
100030f4:	1000a03c 	.word	0x1000a03c
100030f8:	1000aa58 	.word	0x1000aa58
100030fc:	10009e28 	.word	0x10009e28
10003100:	1000a054 	.word	0x1000a054
10003104:	20021298 	.word	0x20021298
10003108:	20000fe0 	.word	0x20000fe0

1000310c <vTaskPriorityDisinheritAfterTimeout>:
1000310c:	2800      	cmp	r0, #0
1000310e:	d05b      	beq.n	100031c8 <vTaskPriorityDisinheritAfterTimeout+0xbc>
10003110:	b538      	push	{r3, r4, r5, lr}
10003112:	4604      	mov	r4, r0
10003114:	6d00      	ldr	r0, [r0, #80]	@ 0x50
10003116:	b148      	cbz	r0, 1000312c <vTaskPriorityDisinheritAfterTimeout+0x20>
10003118:	6ce3      	ldr	r3, [r4, #76]	@ 0x4c
1000311a:	428b      	cmp	r3, r1
1000311c:	d200      	bcs.n	10003120 <vTaskPriorityDisinheritAfterTimeout+0x14>
1000311e:	460b      	mov	r3, r1
10003120:	6ae2      	ldr	r2, [r4, #44]	@ 0x2c
10003122:	429a      	cmp	r2, r3
10003124:	d001      	beq.n	1000312a <vTaskPriorityDisinheritAfterTimeout+0x1e>
10003126:	2801      	cmp	r0, #1
10003128:	d007      	beq.n	1000313a <vTaskPriorityDisinheritAfterTimeout+0x2e>
1000312a:	bd38      	pop	{r3, r4, r5, pc}
1000312c:	4b27      	ldr	r3, [pc, #156]	@ (100031cc <vTaskPriorityDisinheritAfterTimeout+0xc0>)
1000312e:	4a28      	ldr	r2, [pc, #160]	@ (100031d0 <vTaskPriorityDisinheritAfterTimeout+0xc4>)
10003130:	f641 218a 	movw	r1, #6794	@ 0x1a8a
10003134:	4827      	ldr	r0, [pc, #156]	@ (100031d4 <vTaskPriorityDisinheritAfterTimeout+0xc8>)
10003136:	f004 fb7b 	bl	10007830 <__assert_func>
1000313a:	4927      	ldr	r1, [pc, #156]	@ (100031d8 <vTaskPriorityDisinheritAfterTimeout+0xcc>)
1000313c:	6809      	ldr	r1, [r1, #0]
1000313e:	42a1      	cmp	r1, r4
10003140:	d03b      	beq.n	100031ba <vTaskPriorityDisinheritAfterTimeout+0xae>
10003142:	62e3      	str	r3, [r4, #44]	@ 0x2c
10003144:	69a1      	ldr	r1, [r4, #24]
10003146:	2900      	cmp	r1, #0
10003148:	db02      	blt.n	10003150 <vTaskPriorityDisinheritAfterTimeout+0x44>
1000314a:	f1c3 0320 	rsb	r3, r3, #32
1000314e:	61a3      	str	r3, [r4, #24]
10003150:	6961      	ldr	r1, [r4, #20]
10003152:	eb02 0282 	add.w	r2, r2, r2, lsl #2
10003156:	4b21      	ldr	r3, [pc, #132]	@ (100031dc <vTaskPriorityDisinheritAfterTimeout+0xd0>)
10003158:	eb03 0382 	add.w	r3, r3, r2, lsl #2
1000315c:	4299      	cmp	r1, r3
1000315e:	d1e4      	bne.n	1000312a <vTaskPriorityDisinheritAfterTimeout+0x1e>
10003160:	1d25      	adds	r5, r4, #4
10003162:	4628      	mov	r0, r5
10003164:	f7fe fb53 	bl	1000180e <uxListRemove>
10003168:	b938      	cbnz	r0, 1000317a <vTaskPriorityDisinheritAfterTimeout+0x6e>
1000316a:	6ae3      	ldr	r3, [r4, #44]	@ 0x2c
1000316c:	2201      	movs	r2, #1
1000316e:	409a      	lsls	r2, r3
10003170:	491b      	ldr	r1, [pc, #108]	@ (100031e0 <vTaskPriorityDisinheritAfterTimeout+0xd4>)
10003172:	680b      	ldr	r3, [r1, #0]
10003174:	ea23 0302 	bic.w	r3, r3, r2
10003178:	600b      	str	r3, [r1, #0]
1000317a:	6ae3      	ldr	r3, [r4, #44]	@ 0x2c
1000317c:	2201      	movs	r2, #1
1000317e:	409a      	lsls	r2, r3
10003180:	4917      	ldr	r1, [pc, #92]	@ (100031e0 <vTaskPriorityDisinheritAfterTimeout+0xd4>)
10003182:	6808      	ldr	r0, [r1, #0]
10003184:	4302      	orrs	r2, r0
10003186:	600a      	str	r2, [r1, #0]
10003188:	4a14      	ldr	r2, [pc, #80]	@ (100031dc <vTaskPriorityDisinheritAfterTimeout+0xd0>)
1000318a:	eb03 0383 	add.w	r3, r3, r3, lsl #2
1000318e:	eb02 0383 	add.w	r3, r2, r3, lsl #2
10003192:	685b      	ldr	r3, [r3, #4]
10003194:	60a3      	str	r3, [r4, #8]
10003196:	6899      	ldr	r1, [r3, #8]
10003198:	60e1      	str	r1, [r4, #12]
1000319a:	604d      	str	r5, [r1, #4]
1000319c:	609d      	str	r5, [r3, #8]
1000319e:	6ae3      	ldr	r3, [r4, #44]	@ 0x2c
100031a0:	eb03 0183 	add.w	r1, r3, r3, lsl #2
100031a4:	eb02 0081 	add.w	r0, r2, r1, lsl #2
100031a8:	6160      	str	r0, [r4, #20]
100031aa:	f852 1021 	ldr.w	r1, [r2, r1, lsl #2]
100031ae:	3101      	adds	r1, #1
100031b0:	eb03 0383 	add.w	r3, r3, r3, lsl #2
100031b4:	f842 1023 	str.w	r1, [r2, r3, lsl #2]
100031b8:	e7b7      	b.n	1000312a <vTaskPriorityDisinheritAfterTimeout+0x1e>
100031ba:	4b0a      	ldr	r3, [pc, #40]	@ (100031e4 <vTaskPriorityDisinheritAfterTimeout+0xd8>)
100031bc:	4a04      	ldr	r2, [pc, #16]	@ (100031d0 <vTaskPriorityDisinheritAfterTimeout+0xc4>)
100031be:	f641 21a5 	movw	r1, #6821	@ 0x1aa5
100031c2:	4804      	ldr	r0, [pc, #16]	@ (100031d4 <vTaskPriorityDisinheritAfterTimeout+0xc8>)
100031c4:	f004 fb34 	bl	10007830 <__assert_func>
100031c8:	4770      	bx	lr
100031ca:	bf00      	nop
100031cc:	1000a054 	.word	0x1000a054
100031d0:	1000aa34 	.word	0x1000aa34
100031d4:	10009e28 	.word	0x10009e28
100031d8:	20000fc8 	.word	0x20000fc8
100031dc:	20000fe0 	.word	0x20000fe0
100031e0:	20021298 	.word	0x20021298
100031e4:	1000a06c 	.word	0x1000a06c

100031e8 <uxTaskResetEventItemValue>:
100031e8:	4a04      	ldr	r2, [pc, #16]	@ (100031fc <uxTaskResetEventItemValue+0x14>)
100031ea:	6813      	ldr	r3, [r2, #0]
100031ec:	6998      	ldr	r0, [r3, #24]
100031ee:	6813      	ldr	r3, [r2, #0]
100031f0:	6adb      	ldr	r3, [r3, #44]	@ 0x2c
100031f2:	6812      	ldr	r2, [r2, #0]
100031f4:	f1c3 0320 	rsb	r3, r3, #32
100031f8:	6193      	str	r3, [r2, #24]
100031fa:	4770      	bx	lr
100031fc:	20000fc8 	.word	0x20000fc8

10003200 <pvTaskIncrementMutexHeldCount>:
10003200:	4b03      	ldr	r3, [pc, #12]	@ (10003210 <pvTaskIncrementMutexHeldCount+0x10>)
10003202:	6818      	ldr	r0, [r3, #0]
10003204:	b110      	cbz	r0, 1000320c <pvTaskIncrementMutexHeldCount+0xc>
10003206:	6d03      	ldr	r3, [r0, #80]	@ 0x50
10003208:	3301      	adds	r3, #1
1000320a:	6503      	str	r3, [r0, #80]	@ 0x50
1000320c:	4770      	bx	lr
1000320e:	bf00      	nop
10003210:	20000fc8 	.word	0x20000fc8

10003214 <prvGetNextExpireTime>:
10003214:	4b06      	ldr	r3, [pc, #24]	@ (10003230 <prvGetNextExpireTime+0x1c>)
10003216:	681a      	ldr	r2, [r3, #0]
10003218:	6813      	ldr	r3, [r2, #0]
1000321a:	b92b      	cbnz	r3, 10003228 <prvGetNextExpireTime+0x14>
1000321c:	2301      	movs	r3, #1
1000321e:	6003      	str	r3, [r0, #0]
10003220:	b923      	cbnz	r3, 1000322c <prvGetNextExpireTime+0x18>
10003222:	68d3      	ldr	r3, [r2, #12]
10003224:	6818      	ldr	r0, [r3, #0]
10003226:	4770      	bx	lr
10003228:	2300      	movs	r3, #0
1000322a:	e7f8      	b.n	1000321e <prvGetNextExpireTime+0xa>
1000322c:	2000      	movs	r0, #0
1000322e:	4770      	bx	lr
10003230:	20000fcc 	.word	0x20000fcc

10003234 <prvInsertTimerInActiveList>:
10003234:	b508      	push	{r3, lr}
10003236:	6041      	str	r1, [r0, #4]
10003238:	6100      	str	r0, [r0, #16]
1000323a:	4291      	cmp	r1, r2
1000323c:	d80c      	bhi.n	10003258 <prvInsertTimerInActiveList+0x24>
1000323e:	1ad2      	subs	r2, r2, r3
10003240:	6983      	ldr	r3, [r0, #24]
10003242:	429a      	cmp	r2, r3
10003244:	d301      	bcc.n	1000324a <prvInsertTimerInActiveList+0x16>
10003246:	2001      	movs	r0, #1
10003248:	bd08      	pop	{r3, pc}
1000324a:	1d01      	adds	r1, r0, #4
1000324c:	4b09      	ldr	r3, [pc, #36]	@ (10003274 <prvInsertTimerInActiveList+0x40>)
1000324e:	6818      	ldr	r0, [r3, #0]
10003250:	f7fe fac4 	bl	100017dc <vListInsert>
10003254:	2000      	movs	r0, #0
10003256:	e7f7      	b.n	10003248 <prvInsertTimerInActiveList+0x14>
10003258:	429a      	cmp	r2, r3
1000325a:	d201      	bcs.n	10003260 <prvInsertTimerInActiveList+0x2c>
1000325c:	4299      	cmp	r1, r3
1000325e:	d206      	bcs.n	1000326e <prvInsertTimerInActiveList+0x3a>
10003260:	1d01      	adds	r1, r0, #4
10003262:	4b05      	ldr	r3, [pc, #20]	@ (10003278 <prvInsertTimerInActiveList+0x44>)
10003264:	6818      	ldr	r0, [r3, #0]
10003266:	f7fe fab9 	bl	100017dc <vListInsert>
1000326a:	2000      	movs	r0, #0
1000326c:	e7ec      	b.n	10003248 <prvInsertTimerInActiveList+0x14>
1000326e:	2001      	movs	r0, #1
10003270:	e7ea      	b.n	10003248 <prvInsertTimerInActiveList+0x14>
10003272:	bf00      	nop
10003274:	20000fdc 	.word	0x20000fdc
10003278:	20000fcc 	.word	0x20000fcc

1000327c <prvReloadTimer>:
1000327c:	b570      	push	{r4, r5, r6, lr}
1000327e:	4604      	mov	r4, r0
10003280:	460d      	mov	r5, r1
10003282:	4616      	mov	r6, r2
10003284:	e004      	b.n	10003290 <prvReloadTimer+0x14>
10003286:	69a3      	ldr	r3, [r4, #24]
10003288:	441d      	add	r5, r3
1000328a:	6a23      	ldr	r3, [r4, #32]
1000328c:	4620      	mov	r0, r4
1000328e:	4798      	blx	r3
10003290:	69a1      	ldr	r1, [r4, #24]
10003292:	462b      	mov	r3, r5
10003294:	4632      	mov	r2, r6
10003296:	4429      	add	r1, r5
10003298:	4620      	mov	r0, r4
1000329a:	f7ff ffcb 	bl	10003234 <prvInsertTimerInActiveList>
1000329e:	2800      	cmp	r0, #0
100032a0:	d1f1      	bne.n	10003286 <prvReloadTimer+0xa>
100032a2:	bd70      	pop	{r4, r5, r6, pc}

100032a4 <prvProcessExpiredTimer>:
100032a4:	b570      	push	{r4, r5, r6, lr}
100032a6:	4605      	mov	r5, r0
100032a8:	460e      	mov	r6, r1
100032aa:	4b0d      	ldr	r3, [pc, #52]	@ (100032e0 <prvProcessExpiredTimer+0x3c>)
100032ac:	681b      	ldr	r3, [r3, #0]
100032ae:	68db      	ldr	r3, [r3, #12]
100032b0:	68dc      	ldr	r4, [r3, #12]
100032b2:	1d20      	adds	r0, r4, #4
100032b4:	f7fe faab 	bl	1000180e <uxListRemove>
100032b8:	f894 3028 	ldrb.w	r3, [r4, #40]	@ 0x28
100032bc:	f013 0f04 	tst.w	r3, #4
100032c0:	d107      	bne.n	100032d2 <prvProcessExpiredTimer+0x2e>
100032c2:	f023 0301 	bic.w	r3, r3, #1
100032c6:	f884 3028 	strb.w	r3, [r4, #40]	@ 0x28
100032ca:	6a23      	ldr	r3, [r4, #32]
100032cc:	4620      	mov	r0, r4
100032ce:	4798      	blx	r3
100032d0:	bd70      	pop	{r4, r5, r6, pc}
100032d2:	4632      	mov	r2, r6
100032d4:	4629      	mov	r1, r5
100032d6:	4620      	mov	r0, r4
100032d8:	f7ff ffd0 	bl	1000327c <prvReloadTimer>
100032dc:	e7f5      	b.n	100032ca <prvProcessExpiredTimer+0x26>
100032de:	bf00      	nop
100032e0:	20000fcc 	.word	0x20000fcc

100032e4 <prvSwitchTimerLists>:
100032e4:	b508      	push	{r3, lr}
100032e6:	e005      	b.n	100032f4 <prvSwitchTimerLists+0x10>
100032e8:	68db      	ldr	r3, [r3, #12]
100032ea:	f04f 31ff 	mov.w	r1, #4294967295
100032ee:	6818      	ldr	r0, [r3, #0]
100032f0:	f7ff ffd8 	bl	100032a4 <prvProcessExpiredTimer>
100032f4:	4b05      	ldr	r3, [pc, #20]	@ (1000330c <prvSwitchTimerLists+0x28>)
100032f6:	681b      	ldr	r3, [r3, #0]
100032f8:	681a      	ldr	r2, [r3, #0]
100032fa:	2a00      	cmp	r2, #0
100032fc:	d1f4      	bne.n	100032e8 <prvSwitchTimerLists+0x4>
100032fe:	4a04      	ldr	r2, [pc, #16]	@ (10003310 <prvSwitchTimerLists+0x2c>)
10003300:	6810      	ldr	r0, [r2, #0]
10003302:	4902      	ldr	r1, [pc, #8]	@ (1000330c <prvSwitchTimerLists+0x28>)
10003304:	6008      	str	r0, [r1, #0]
10003306:	6013      	str	r3, [r2, #0]
10003308:	bd08      	pop	{r3, pc}
1000330a:	bf00      	nop
1000330c:	20000fcc 	.word	0x20000fcc
10003310:	20000fdc 	.word	0x20000fdc

10003314 <prvSampleTimeNow>:
10003314:	b538      	push	{r3, r4, r5, lr}
10003316:	4605      	mov	r5, r0
10003318:	f7ff f9f8 	bl	1000270c <xTaskGetTickCount>
1000331c:	4604      	mov	r4, r0
1000331e:	4b07      	ldr	r3, [pc, #28]	@ (1000333c <prvSampleTimeNow+0x28>)
10003320:	681b      	ldr	r3, [r3, #0]
10003322:	4283      	cmp	r3, r0
10003324:	d805      	bhi.n	10003332 <prvSampleTimeNow+0x1e>
10003326:	2300      	movs	r3, #0
10003328:	602b      	str	r3, [r5, #0]
1000332a:	4b04      	ldr	r3, [pc, #16]	@ (1000333c <prvSampleTimeNow+0x28>)
1000332c:	601c      	str	r4, [r3, #0]
1000332e:	4620      	mov	r0, r4
10003330:	bd38      	pop	{r3, r4, r5, pc}
10003332:	f7ff ffd7 	bl	100032e4 <prvSwitchTimerLists>
10003336:	2301      	movs	r3, #1
10003338:	602b      	str	r3, [r5, #0]
1000333a:	e7f6      	b.n	1000332a <prvSampleTimeNow+0x16>
1000333c:	200212f8 	.word	0x200212f8

10003340 <prvProcessTimerOrBlockTask>:
10003340:	b570      	push	{r4, r5, r6, lr}
10003342:	b082      	sub	sp, #8
10003344:	4606      	mov	r6, r0
10003346:	460c      	mov	r4, r1
10003348:	f7ff f9d8 	bl	100026fc <vTaskSuspendAll>
1000334c:	a801      	add	r0, sp, #4
1000334e:	f7ff ffe1 	bl	10003314 <prvSampleTimeNow>
10003352:	9b01      	ldr	r3, [sp, #4]
10003354:	bb03      	cbnz	r3, 10003398 <prvProcessTimerOrBlockTask+0x58>
10003356:	4605      	mov	r5, r0
10003358:	b99c      	cbnz	r4, 10003382 <prvProcessTimerOrBlockTask+0x42>
1000335a:	42b0      	cmp	r0, r6
1000335c:	d20a      	bcs.n	10003374 <prvProcessTimerOrBlockTask+0x34>
1000335e:	4622      	mov	r2, r4
10003360:	1b71      	subs	r1, r6, r5
10003362:	4b0f      	ldr	r3, [pc, #60]	@ (100033a0 <prvProcessTimerOrBlockTask+0x60>)
10003364:	6818      	ldr	r0, [r3, #0]
10003366:	f7fe ff65 	bl	10002234 <vQueueWaitForMessageRestricted>
1000336a:	f7ff fa9b 	bl	100028a4 <xTaskResumeAll>
1000336e:	b180      	cbz	r0, 10003392 <prvProcessTimerOrBlockTask+0x52>
10003370:	b002      	add	sp, #8
10003372:	bd70      	pop	{r4, r5, r6, pc}
10003374:	f7ff fa96 	bl	100028a4 <xTaskResumeAll>
10003378:	4629      	mov	r1, r5
1000337a:	4630      	mov	r0, r6
1000337c:	f7ff ff92 	bl	100032a4 <prvProcessExpiredTimer>
10003380:	e7f6      	b.n	10003370 <prvProcessTimerOrBlockTask+0x30>
10003382:	4a08      	ldr	r2, [pc, #32]	@ (100033a4 <prvProcessTimerOrBlockTask+0x64>)
10003384:	6812      	ldr	r2, [r2, #0]
10003386:	6812      	ldr	r2, [r2, #0]
10003388:	b90a      	cbnz	r2, 1000338e <prvProcessTimerOrBlockTask+0x4e>
1000338a:	2401      	movs	r4, #1
1000338c:	e7e7      	b.n	1000335e <prvProcessTimerOrBlockTask+0x1e>
1000338e:	461c      	mov	r4, r3
10003390:	e7e5      	b.n	1000335e <prvProcessTimerOrBlockTask+0x1e>
10003392:	f7fd fe05 	bl	10000fa0 <vPortYield>
10003396:	e7eb      	b.n	10003370 <prvProcessTimerOrBlockTask+0x30>
10003398:	f7ff fa84 	bl	100028a4 <xTaskResumeAll>
1000339c:	e7e8      	b.n	10003370 <prvProcessTimerOrBlockTask+0x30>
1000339e:	bf00      	nop
100033a0:	200213a0 	.word	0x200213a0
100033a4:	20000fdc 	.word	0x20000fdc

100033a8 <prvProcessReceivedCommands>:
100033a8:	b530      	push	{r4, r5, lr}
100033aa:	b087      	sub	sp, #28
100033ac:	2300      	movs	r3, #0
100033ae:	9302      	str	r3, [sp, #8]
100033b0:	9303      	str	r3, [sp, #12]
100033b2:	9304      	str	r3, [sp, #16]
100033b4:	9305      	str	r3, [sp, #20]
100033b6:	e002      	b.n	100033be <prvProcessReceivedCommands+0x16>
100033b8:	9b02      	ldr	r3, [sp, #8]
100033ba:	2b00      	cmp	r3, #0
100033bc:	da0f      	bge.n	100033de <prvProcessReceivedCommands+0x36>
100033be:	2200      	movs	r2, #0
100033c0:	a902      	add	r1, sp, #8
100033c2:	4b3a      	ldr	r3, [pc, #232]	@ (100034ac <prvProcessReceivedCommands+0x104>)
100033c4:	6818      	ldr	r0, [r3, #0]
100033c6:	f7fe fda1 	bl	10001f0c <xQueueReceive>
100033ca:	2800      	cmp	r0, #0
100033cc:	d06c      	beq.n	100034a8 <prvProcessReceivedCommands+0x100>
100033ce:	9b02      	ldr	r3, [sp, #8]
100033d0:	2b00      	cmp	r3, #0
100033d2:	daf1      	bge.n	100033b8 <prvProcessReceivedCommands+0x10>
100033d4:	9905      	ldr	r1, [sp, #20]
100033d6:	9804      	ldr	r0, [sp, #16]
100033d8:	9b03      	ldr	r3, [sp, #12]
100033da:	4798      	blx	r3
100033dc:	e7ec      	b.n	100033b8 <prvProcessReceivedCommands+0x10>
100033de:	9c04      	ldr	r4, [sp, #16]
100033e0:	6963      	ldr	r3, [r4, #20]
100033e2:	b113      	cbz	r3, 100033ea <prvProcessReceivedCommands+0x42>
100033e4:	1d20      	adds	r0, r4, #4
100033e6:	f7fe fa12 	bl	1000180e <uxListRemove>
100033ea:	a801      	add	r0, sp, #4
100033ec:	f7ff ff92 	bl	10003314 <prvSampleTimeNow>
100033f0:	4605      	mov	r5, r0
100033f2:	9b02      	ldr	r3, [sp, #8]
100033f4:	3b01      	subs	r3, #1
100033f6:	2b08      	cmp	r3, #8
100033f8:	d8e1      	bhi.n	100033be <prvProcessReceivedCommands+0x16>
100033fa:	e8df f003 	tbb	[pc, r3]
100033fe:	0505      	.short	0x0505
10003400:	05473029 	.word	0x05473029
10003404:	2905      	.short	0x2905
10003406:	30          	.byte	0x30
10003407:	00          	.byte	0x00
10003408:	f894 3028 	ldrb.w	r3, [r4, #40]	@ 0x28
1000340c:	f043 0301 	orr.w	r3, r3, #1
10003410:	f884 3028 	strb.w	r3, [r4, #40]	@ 0x28
10003414:	9b03      	ldr	r3, [sp, #12]
10003416:	69a1      	ldr	r1, [r4, #24]
10003418:	4602      	mov	r2, r0
1000341a:	4419      	add	r1, r3
1000341c:	4620      	mov	r0, r4
1000341e:	f7ff ff09 	bl	10003234 <prvInsertTimerInActiveList>
10003422:	2800      	cmp	r0, #0
10003424:	d0cb      	beq.n	100033be <prvProcessReceivedCommands+0x16>
10003426:	f894 3028 	ldrb.w	r3, [r4, #40]	@ 0x28
1000342a:	f013 0f04 	tst.w	r3, #4
1000342e:	d107      	bne.n	10003440 <prvProcessReceivedCommands+0x98>
10003430:	f023 0301 	bic.w	r3, r3, #1
10003434:	f884 3028 	strb.w	r3, [r4, #40]	@ 0x28
10003438:	6a23      	ldr	r3, [r4, #32]
1000343a:	4620      	mov	r0, r4
1000343c:	4798      	blx	r3
1000343e:	e7be      	b.n	100033be <prvProcessReceivedCommands+0x16>
10003440:	69a3      	ldr	r3, [r4, #24]
10003442:	462a      	mov	r2, r5
10003444:	9903      	ldr	r1, [sp, #12]
10003446:	4419      	add	r1, r3
10003448:	4620      	mov	r0, r4
1000344a:	f7ff ff17 	bl	1000327c <prvReloadTimer>
1000344e:	e7f3      	b.n	10003438 <prvProcessReceivedCommands+0x90>
10003450:	f894 3028 	ldrb.w	r3, [r4, #40]	@ 0x28
10003454:	f023 0301 	bic.w	r3, r3, #1
10003458:	f884 3028 	strb.w	r3, [r4, #40]	@ 0x28
1000345c:	e7af      	b.n	100033be <prvProcessReceivedCommands+0x16>
1000345e:	f894 3028 	ldrb.w	r3, [r4, #40]	@ 0x28
10003462:	f043 0301 	orr.w	r3, r3, #1
10003466:	f884 3028 	strb.w	r3, [r4, #40]	@ 0x28
1000346a:	9903      	ldr	r1, [sp, #12]
1000346c:	61a1      	str	r1, [r4, #24]
1000346e:	b131      	cbz	r1, 1000347e <prvProcessReceivedCommands+0xd6>
10003470:	4603      	mov	r3, r0
10003472:	4602      	mov	r2, r0
10003474:	4401      	add	r1, r0
10003476:	4620      	mov	r0, r4
10003478:	f7ff fedc 	bl	10003234 <prvInsertTimerInActiveList>
1000347c:	e79f      	b.n	100033be <prvProcessReceivedCommands+0x16>
1000347e:	4b0c      	ldr	r3, [pc, #48]	@ (100034b0 <prvProcessReceivedCommands+0x108>)
10003480:	4a0c      	ldr	r2, [pc, #48]	@ (100034b4 <prvProcessReceivedCommands+0x10c>)
10003482:	f44f 6182 	mov.w	r1, #1040	@ 0x410
10003486:	480c      	ldr	r0, [pc, #48]	@ (100034b8 <prvProcessReceivedCommands+0x110>)
10003488:	f004 f9d2 	bl	10007830 <__assert_func>
1000348c:	f894 3028 	ldrb.w	r3, [r4, #40]	@ 0x28
10003490:	f013 0f02 	tst.w	r3, #2
10003494:	d004      	beq.n	100034a0 <prvProcessReceivedCommands+0xf8>
10003496:	f023 0301 	bic.w	r3, r3, #1
1000349a:	f884 3028 	strb.w	r3, [r4, #40]	@ 0x28
1000349e:	e78e      	b.n	100033be <prvProcessReceivedCommands+0x16>
100034a0:	4620      	mov	r0, r4
100034a2:	f7fd fc6f 	bl	10000d84 <vPortFree>
100034a6:	e78a      	b.n	100033be <prvProcessReceivedCommands+0x16>
100034a8:	b007      	add	sp, #28
100034aa:	bd30      	pop	{r4, r5, pc}
100034ac:	200213a0 	.word	0x200213a0
100034b0:	1000a084 	.word	0x1000a084
100034b4:	1000aba4 	.word	0x1000aba4
100034b8:	1000a0ac 	.word	0x1000a0ac

100034bc <prvTimerTask>:
100034bc:	b500      	push	{lr}
100034be:	b083      	sub	sp, #12
100034c0:	a801      	add	r0, sp, #4
100034c2:	f7ff fea7 	bl	10003214 <prvGetNextExpireTime>
100034c6:	9901      	ldr	r1, [sp, #4]
100034c8:	f7ff ff3a 	bl	10003340 <prvProcessTimerOrBlockTask>
100034cc:	f7ff ff6c 	bl	100033a8 <prvProcessReceivedCommands>
100034d0:	e7f6      	b.n	100034c0 <prvTimerTask+0x4>
	...

100034d4 <prvCheckForValidListAndQueue>:
100034d4:	b538      	push	{r3, r4, r5, lr}
100034d6:	f7fd fd6f 	bl	10000fb8 <vPortEnterCritical>
100034da:	4b0f      	ldr	r3, [pc, #60]	@ (10003518 <prvCheckForValidListAndQueue+0x44>)
100034dc:	681b      	ldr	r3, [r3, #0]
100034de:	b113      	cbz	r3, 100034e6 <prvCheckForValidListAndQueue+0x12>
100034e0:	f7fd fd78 	bl	10000fd4 <vPortExitCritical>
100034e4:	bd38      	pop	{r3, r4, r5, pc}
100034e6:	4d0d      	ldr	r5, [pc, #52]	@ (1000351c <prvCheckForValidListAndQueue+0x48>)
100034e8:	4628      	mov	r0, r5
100034ea:	f7fe f969 	bl	100017c0 <vListInitialise>
100034ee:	4c0c      	ldr	r4, [pc, #48]	@ (10003520 <prvCheckForValidListAndQueue+0x4c>)
100034f0:	4620      	mov	r0, r4
100034f2:	f7fe f965 	bl	100017c0 <vListInitialise>
100034f6:	4b0b      	ldr	r3, [pc, #44]	@ (10003524 <prvCheckForValidListAndQueue+0x50>)
100034f8:	601d      	str	r5, [r3, #0]
100034fa:	4b0b      	ldr	r3, [pc, #44]	@ (10003528 <prvCheckForValidListAndQueue+0x54>)
100034fc:	601c      	str	r4, [r3, #0]
100034fe:	2200      	movs	r2, #0
10003500:	2110      	movs	r1, #16
10003502:	200a      	movs	r0, #10
10003504:	f7fe fb02 	bl	10001b0c <xQueueGenericCreate>
10003508:	4b03      	ldr	r3, [pc, #12]	@ (10003518 <prvCheckForValidListAndQueue+0x44>)
1000350a:	6018      	str	r0, [r3, #0]
1000350c:	2800      	cmp	r0, #0
1000350e:	d0e7      	beq.n	100034e0 <prvCheckForValidListAndQueue+0xc>
10003510:	4906      	ldr	r1, [pc, #24]	@ (1000352c <prvCheckForValidListAndQueue+0x58>)
10003512:	f7fe fe5d 	bl	100021d0 <vQueueAddToRegistry>
10003516:	e7e3      	b.n	100034e0 <prvCheckForValidListAndQueue+0xc>
10003518:	200213a0 	.word	0x200213a0
1000351c:	2002129c 	.word	0x2002129c
10003520:	200212b0 	.word	0x200212b0
10003524:	20000fcc 	.word	0x20000fcc
10003528:	20000fdc 	.word	0x20000fdc
1000352c:	1000a10c 	.word	0x1000a10c

10003530 <xTimerCreateTimerTask>:
10003530:	b500      	push	{lr}
10003532:	b083      	sub	sp, #12
10003534:	f7ff ffce 	bl	100034d4 <prvCheckForValidListAndQueue>
10003538:	4b0c      	ldr	r3, [pc, #48]	@ (1000356c <xTimerCreateTimerTask+0x3c>)
1000353a:	681b      	ldr	r3, [r3, #0]
1000353c:	b173      	cbz	r3, 1000355c <xTimerCreateTimerTask+0x2c>
1000353e:	4b0c      	ldr	r3, [pc, #48]	@ (10003570 <xTimerCreateTimerTask+0x40>)
10003540:	9301      	str	r3, [sp, #4]
10003542:	231f      	movs	r3, #31
10003544:	9300      	str	r3, [sp, #0]
10003546:	2300      	movs	r3, #0
10003548:	f44f 6280 	mov.w	r2, #1024	@ 0x400
1000354c:	4909      	ldr	r1, [pc, #36]	@ (10003574 <xTimerCreateTimerTask+0x44>)
1000354e:	480a      	ldr	r0, [pc, #40]	@ (10003578 <xTimerCreateTimerTask+0x48>)
10003550:	f7ff f864 	bl	1000261c <xTaskCreate>
10003554:	b110      	cbz	r0, 1000355c <xTimerCreateTimerTask+0x2c>
10003556:	b003      	add	sp, #12
10003558:	f85d fb04 	ldr.w	pc, [sp], #4
1000355c:	4b07      	ldr	r3, [pc, #28]	@ (1000357c <xTimerCreateTimerTask+0x4c>)
1000355e:	4a08      	ldr	r2, [pc, #32]	@ (10003580 <xTimerCreateTimerTask+0x50>)
10003560:	f44f 71a3 	mov.w	r1, #326	@ 0x146
10003564:	4807      	ldr	r0, [pc, #28]	@ (10003584 <xTimerCreateTimerTask+0x54>)
10003566:	f004 f963 	bl	10007830 <__assert_func>
1000356a:	bf00      	nop
1000356c:	200213a0 	.word	0x200213a0
10003570:	200213a4 	.word	0x200213a4
10003574:	1000a114 	.word	0x1000a114
10003578:	100034bd 	.word	0x100034bd
1000357c:	1000a11c 	.word	0x1000a11c
10003580:	1000abc0 	.word	0x1000abc0
10003584:	1000a0ac 	.word	0x1000a0ac

10003588 <xTimerPendFunctionCallFromISR>:
10003588:	b510      	push	{r4, lr}
1000358a:	b084      	sub	sp, #16
1000358c:	4614      	mov	r4, r2
1000358e:	461a      	mov	r2, r3
10003590:	f06f 0301 	mvn.w	r3, #1
10003594:	9300      	str	r3, [sp, #0]
10003596:	9001      	str	r0, [sp, #4]
10003598:	9102      	str	r1, [sp, #8]
1000359a:	9403      	str	r4, [sp, #12]
1000359c:	2300      	movs	r3, #0
1000359e:	4669      	mov	r1, sp
100035a0:	4802      	ldr	r0, [pc, #8]	@ (100035ac <xTimerPendFunctionCallFromISR+0x24>)
100035a2:	6800      	ldr	r0, [r0, #0]
100035a4:	f7fe fba2 	bl	10001cec <xQueueGenericSendFromISR>
100035a8:	b004      	add	sp, #16
100035aa:	bd10      	pop	{r4, pc}
100035ac:	200213a0 	.word	0x200213a0

100035b0 <clock_configure_internal>:
100035b0:	b570      	push	{r4, r5, r6, lr}
100035b2:	4616      	mov	r6, r2
100035b4:	9d04      	ldr	r5, [sp, #16]
100035b6:	eb00 0c40 	add.w	ip, r0, r0, lsl #1
100035ba:	ea4f 0c8c 	mov.w	ip, ip, lsl #2
100035be:	f10c 4c80 	add.w	ip, ip, #1073741824	@ 0x40000000
100035c2:	f50c 3c80 	add.w	ip, ip, #65536	@ 0x10000
100035c6:	f8dc 2004 	ldr.w	r2, [ip, #4]
100035ca:	42aa      	cmp	r2, r5
100035cc:	d201      	bcs.n	100035d2 <clock_configure_internal+0x22>
100035ce:	f8cc 5004 	str.w	r5, [ip, #4]
100035d2:	f1a0 0e04 	sub.w	lr, r0, #4
100035d6:	fa5f fe8e 	uxtb.w	lr, lr
100035da:	f1be 0f01 	cmp.w	lr, #1
100035de:	d928      	bls.n	10003632 <clock_configure_internal+0x82>
100035e0:	f50c 5240 	add.w	r2, ip, #12288	@ 0x3000
100035e4:	f44f 6400 	mov.w	r4, #2048	@ 0x800
100035e8:	6014      	str	r4, [r2, #0]
100035ea:	4a1e      	ldr	r2, [pc, #120]	@ (10003664 <clock_configure_internal+0xb4>)
100035ec:	f852 2020 	ldr.w	r2, [r2, r0, lsl #2]
100035f0:	b142      	cbz	r2, 10003604 <clock_configure_internal+0x54>
100035f2:	4c1c      	ldr	r4, [pc, #112]	@ (10003664 <clock_configure_internal+0xb4>)
100035f4:	6964      	ldr	r4, [r4, #20]
100035f6:	fbb4 f4f2 	udiv	r4, r4, r2
100035fa:	3401      	adds	r4, #1
100035fc:	eb04 0444 	add.w	r4, r4, r4, lsl #1
10003600:	3c03      	subs	r4, #3
10003602:	d2fd      	bcs.n	10003600 <clock_configure_internal+0x50>
10003604:	f8dc 2000 	ldr.w	r2, [ip]
10003608:	ea82 1246 	eor.w	r2, r2, r6, lsl #5
1000360c:	f002 02e0 	and.w	r2, r2, #224	@ 0xe0
10003610:	f50c 5480 	add.w	r4, ip, #4096	@ 0x1000
10003614:	6022      	str	r2, [r4, #0]
10003616:	f1be 0f01 	cmp.w	lr, #1
1000361a:	d916      	bls.n	1000364a <clock_configure_internal+0x9a>
1000361c:	f50c 5200 	add.w	r2, ip, #8192	@ 0x2000
10003620:	f44f 6100 	mov.w	r1, #2048	@ 0x800
10003624:	6011      	str	r1, [r2, #0]
10003626:	f8cc 5004 	str.w	r5, [ip, #4]
1000362a:	4a0e      	ldr	r2, [pc, #56]	@ (10003664 <clock_configure_internal+0xb4>)
1000362c:	f842 3020 	str.w	r3, [r2, r0, lsl #2]
10003630:	bd70      	pop	{r4, r5, r6, pc}
10003632:	2901      	cmp	r1, #1
10003634:	d1d4      	bne.n	100035e0 <clock_configure_internal+0x30>
10003636:	f50c 5240 	add.w	r2, ip, #12288	@ 0x3000
1000363a:	2403      	movs	r4, #3
1000363c:	6014      	str	r4, [r2, #0]
1000363e:	f8dc 2008 	ldr.w	r2, [ip, #8]
10003642:	f012 0f01 	tst.w	r2, #1
10003646:	d0fa      	beq.n	1000363e <clock_configure_internal+0x8e>
10003648:	e7dc      	b.n	10003604 <clock_configure_internal+0x54>
1000364a:	f8dc 2000 	ldr.w	r2, [ip]
1000364e:	404a      	eors	r2, r1
10003650:	f002 0203 	and.w	r2, r2, #3
10003654:	6022      	str	r2, [r4, #0]
10003656:	f8dc 4008 	ldr.w	r4, [ip, #8]
1000365a:	2201      	movs	r2, #1
1000365c:	408a      	lsls	r2, r1
1000365e:	4214      	tst	r4, r2
10003660:	d0f9      	beq.n	10003656 <clock_configure_internal+0xa6>
10003662:	e7db      	b.n	1000361c <clock_configure_internal+0x6c>
10003664:	20000f44 	.word	0x20000f44

10003668 <clock_configure_undivided>:
10003668:	b510      	push	{r4, lr}
1000366a:	b082      	sub	sp, #8
1000366c:	f44f 3480 	mov.w	r4, #65536	@ 0x10000
10003670:	9400      	str	r4, [sp, #0]
10003672:	f7ff ff9d 	bl	100035b0 <clock_configure_internal>
10003676:	b002      	add	sp, #8
10003678:	bd10      	pop	{r4, pc}
	...

1000367c <clock_get_hz>:
1000367c:	4b01      	ldr	r3, [pc, #4]	@ (10003684 <clock_get_hz+0x8>)
1000367e:	f853 0020 	ldr.w	r0, [r3, r0, lsl #2]
10003682:	4770      	bx	lr
10003684:	20000f44 	.word	0x20000f44

10003688 <hw_claim_lock>:
10003688:	f3ef 8010 	mrs	r0, PRIMASK
1000368c:	b672      	cpsid	i
1000368e:	4b06      	ldr	r3, [pc, #24]	@ (100036a8 <hw_claim_lock+0x20>)
10003690:	e8d3 1fcf 	ldaexb	r1, [r3]
10003694:	2201      	movs	r2, #1
10003696:	2900      	cmp	r1, #0
10003698:	d1fa      	bne.n	10003690 <hw_claim_lock+0x8>
1000369a:	e8c3 2f41 	strexb	r1, r2, [r3]
1000369e:	2900      	cmp	r1, #0
100036a0:	d1f6      	bne.n	10003690 <hw_claim_lock+0x8>
100036a2:	f3bf 8f5f 	dmb	sy
100036a6:	4770      	bx	lr
100036a8:	20000f1b 	.word	0x20000f1b

100036ac <hw_claim_unlock>:
100036ac:	2300      	movs	r3, #0
100036ae:	4a03      	ldr	r2, [pc, #12]	@ (100036bc <hw_claim_unlock+0x10>)
100036b0:	e8c2 3f8f 	stlb	r3, [r2]
100036b4:	f380 8810 	msr	PRIMASK, r0
100036b8:	4770      	bx	lr
100036ba:	bf00      	nop
100036bc:	20000f1b 	.word	0x20000f1b

100036c0 <hw_claim_or_assert>:
100036c0:	b570      	push	{r4, r5, r6, lr}
100036c2:	4605      	mov	r5, r0
100036c4:	460c      	mov	r4, r1
100036c6:	4616      	mov	r6, r2
100036c8:	f7ff ffde 	bl	10003688 <hw_claim_lock>
100036cc:	08e2      	lsrs	r2, r4, #3
100036ce:	5ca9      	ldrb	r1, [r5, r2]
100036d0:	f004 0c07 	and.w	ip, r4, #7
100036d4:	2301      	movs	r3, #1
100036d6:	fa03 f30c 	lsl.w	r3, r3, ip
100036da:	4219      	tst	r1, r3
100036dc:	d105      	bne.n	100036ea <hw_claim_or_assert+0x2a>
100036de:	b2db      	uxtb	r3, r3
100036e0:	430b      	orrs	r3, r1
100036e2:	54ab      	strb	r3, [r5, r2]
100036e4:	f7ff ffe2 	bl	100036ac <hw_claim_unlock>
100036e8:	bd70      	pop	{r4, r5, r6, pc}
100036ea:	4621      	mov	r1, r4
100036ec:	4630      	mov	r0, r6
100036ee:	f7fd fa01 	bl	10000af4 <panic>
	...

100036f4 <next_striped_spin_lock_num>:
100036f4:	4a05      	ldr	r2, [pc, #20]	@ (1000370c <next_striped_spin_lock_num+0x18>)
100036f6:	7810      	ldrb	r0, [r2, #0]
100036f8:	1c43      	adds	r3, r0, #1
100036fa:	b2db      	uxtb	r3, r3
100036fc:	7013      	strb	r3, [r2, #0]
100036fe:	2b17      	cmp	r3, #23
10003700:	d902      	bls.n	10003708 <next_striped_spin_lock_num+0x14>
10003702:	4613      	mov	r3, r2
10003704:	2210      	movs	r2, #16
10003706:	701a      	strb	r2, [r3, #0]
10003708:	4770      	bx	lr
1000370a:	bf00      	nop
1000370c:	20000a80 	.word	0x20000a80

10003710 <spinlock_set_extexclall>:
10003710:	f04f 22e0 	mov.w	r2, #3758153728	@ 0xe000e000
10003714:	6893      	ldr	r3, [r2, #8]
10003716:	f043 5300 	orr.w	r3, r3, #536870912	@ 0x20000000
1000371a:	6093      	str	r3, [r2, #8]
1000371c:	4770      	bx	lr
	...

10003720 <spin_locks_reset>:
10003720:	2300      	movs	r3, #0
10003722:	e005      	b.n	10003730 <spin_locks_reset+0x10>
10003724:	4a04      	ldr	r2, [pc, #16]	@ (10003738 <spin_locks_reset+0x18>)
10003726:	441a      	add	r2, r3
10003728:	2100      	movs	r1, #0
1000372a:	e8c2 1f8f 	stlb	r1, [r2]
1000372e:	3301      	adds	r3, #1
10003730:	2b1f      	cmp	r3, #31
10003732:	d9f7      	bls.n	10003724 <spin_locks_reset+0x4>
10003734:	4770      	bx	lr
10003736:	bf00      	nop
10003738:	20000f10 	.word	0x20000f10

1000373c <gpio_default_irq_handler>:
1000373c:	e92d 43f8 	stmdb	sp!, {r3, r4, r5, r6, r7, r8, r9, lr}
10003740:	f04f 4350 	mov.w	r3, #3489660928	@ 0xd0000000
10003744:	681f      	ldr	r7, [r3, #0]
10003746:	4b1b      	ldr	r3, [pc, #108]	@ (100037b4 <gpio_default_irq_handler+0x78>)
10003748:	f853 8027 	ldr.w	r8, [r3, r7, lsl #2]
1000374c:	b11f      	cbz	r7, 10003756 <gpio_default_irq_handler+0x1a>
1000374e:	f8df 9070 	ldr.w	r9, [pc, #112]	@ 100037c0 <gpio_default_irq_handler+0x84>
10003752:	2600      	movs	r6, #0
10003754:	e024      	b.n	100037a0 <gpio_default_irq_handler+0x64>
10003756:	f8df 906c 	ldr.w	r9, [pc, #108]	@ 100037c4 <gpio_default_irq_handler+0x88>
1000375a:	e7fa      	b.n	10003752 <gpio_default_irq_handler+0x16>
1000375c:	0924      	lsrs	r4, r4, #4
1000375e:	3501      	adds	r5, #1
10003760:	b1ec      	cbz	r4, 1000379e <gpio_default_irq_handler+0x62>
10003762:	f106 0308 	add.w	r3, r6, #8
10003766:	42ab      	cmp	r3, r5
10003768:	d919      	bls.n	1000379e <gpio_default_irq_handler+0x62>
1000376a:	f014 010f 	ands.w	r1, r4, #15
1000376e:	d0f5      	beq.n	1000375c <gpio_default_irq_handler+0x20>
10003770:	4b11      	ldr	r3, [pc, #68]	@ (100037b8 <gpio_default_irq_handler+0x7c>)
10003772:	f853 3027 	ldr.w	r3, [r3, r7, lsl #2]
10003776:	40eb      	lsrs	r3, r5
10003778:	f013 0f01 	tst.w	r3, #1
1000377c:	d1ee      	bne.n	1000375c <gpio_default_irq_handler+0x20>
1000377e:	f005 0207 	and.w	r2, r5, #7
10003782:	0092      	lsls	r2, r2, #2
10003784:	08eb      	lsrs	r3, r5, #3
10003786:	fa01 f202 	lsl.w	r2, r1, r2
1000378a:	338c      	adds	r3, #140	@ 0x8c
1000378c:	480b      	ldr	r0, [pc, #44]	@ (100037bc <gpio_default_irq_handler+0x80>)
1000378e:	f840 2023 	str.w	r2, [r0, r3, lsl #2]
10003792:	f1b8 0f00 	cmp.w	r8, #0
10003796:	d0e1      	beq.n	1000375c <gpio_default_irq_handler+0x20>
10003798:	4628      	mov	r0, r5
1000379a:	47c0      	blx	r8
1000379c:	e7de      	b.n	1000375c <gpio_default_irq_handler+0x20>
1000379e:	3608      	adds	r6, #8
100037a0:	2e1d      	cmp	r6, #29
100037a2:	d805      	bhi.n	100037b0 <gpio_default_irq_handler+0x74>
100037a4:	08f3      	lsrs	r3, r6, #3
100037a6:	330c      	adds	r3, #12
100037a8:	f859 4023 	ldr.w	r4, [r9, r3, lsl #2]
100037ac:	4635      	mov	r5, r6
100037ae:	e7d7      	b.n	10003760 <gpio_default_irq_handler+0x24>
100037b0:	e8bd 83f8 	ldmia.w	sp!, {r3, r4, r5, r6, r7, r8, r9, pc}
100037b4:	20000f30 	.word	0x20000f30
100037b8:	20001260 	.word	0x20001260
100037bc:	40028000 	.word	0x40028000
100037c0:	40028290 	.word	0x40028290
100037c4:	40028248 	.word	0x40028248

100037c8 <_gpio_set_irq_enabled>:
100037c8:	b410      	push	{r4}
100037ca:	f000 0c07 	and.w	ip, r0, #7
100037ce:	ea4f 0c8c 	mov.w	ip, ip, lsl #2
100037d2:	08c0      	lsrs	r0, r0, #3
100037d4:	fa01 f10c 	lsl.w	r1, r1, ip
100037d8:	f100 0c8c 	add.w	ip, r0, #140	@ 0x8c
100037dc:	4c07      	ldr	r4, [pc, #28]	@ (100037fc <_gpio_set_irq_enabled+0x34>)
100037de:	f844 102c 	str.w	r1, [r4, ip, lsl #2]
100037e2:	eb03 0380 	add.w	r3, r3, r0, lsl #2
100037e6:	b12a      	cbz	r2, 100037f4 <_gpio_set_irq_enabled+0x2c>
100037e8:	f503 5300 	add.w	r3, r3, #8192	@ 0x2000
100037ec:	6019      	str	r1, [r3, #0]
100037ee:	f85d 4b04 	ldr.w	r4, [sp], #4
100037f2:	4770      	bx	lr
100037f4:	f503 5340 	add.w	r3, r3, #12288	@ 0x3000
100037f8:	6019      	str	r1, [r3, #0]
100037fa:	e7f8      	b.n	100037ee <_gpio_set_irq_enabled+0x26>
100037fc:	40028000 	.word	0x40028000

10003800 <gpio_set_function>:
10003800:	4b0c      	ldr	r3, [pc, #48]	@ (10003834 <gpio_set_function+0x34>)
10003802:	eb03 0280 	add.w	r2, r3, r0, lsl #2
10003806:	f853 3020 	ldr.w	r3, [r3, r0, lsl #2]
1000380a:	f083 0340 	eor.w	r3, r3, #64	@ 0x40
1000380e:	f003 03c0 	and.w	r3, r3, #192	@ 0xc0
10003812:	f502 5c80 	add.w	ip, r2, #4096	@ 0x1000
10003816:	f8cc 3000 	str.w	r3, [ip]
1000381a:	00c0      	lsls	r0, r0, #3
1000381c:	f100 4080 	add.w	r0, r0, #1073741824	@ 0x40000000
10003820:	f500 3020 	add.w	r0, r0, #163840	@ 0x28000
10003824:	6041      	str	r1, [r0, #4]
10003826:	f502 5240 	add.w	r2, r2, #12288	@ 0x3000
1000382a:	f44f 7380 	mov.w	r3, #256	@ 0x100
1000382e:	6013      	str	r3, [r2, #0]
10003830:	4770      	bx	lr
10003832:	bf00      	nop
10003834:	40038004 	.word	0x40038004

10003838 <gpio_set_pulls>:
10003838:	b410      	push	{r4}
1000383a:	4c0c      	ldr	r4, [pc, #48]	@ (1000386c <gpio_set_pulls+0x34>)
1000383c:	eb04 0c80 	add.w	ip, r4, r0, lsl #2
10003840:	b179      	cbz	r1, 10003862 <gpio_set_pulls+0x2a>
10003842:	2308      	movs	r3, #8
10003844:	b17a      	cbz	r2, 10003866 <gpio_set_pulls+0x2e>
10003846:	2204      	movs	r2, #4
10003848:	4313      	orrs	r3, r2
1000384a:	f854 2020 	ldr.w	r2, [r4, r0, lsl #2]
1000384e:	4053      	eors	r3, r2
10003850:	f003 030c 	and.w	r3, r3, #12
10003854:	f50c 5c80 	add.w	ip, ip, #4096	@ 0x1000
10003858:	f8cc 3000 	str.w	r3, [ip]
1000385c:	f85d 4b04 	ldr.w	r4, [sp], #4
10003860:	4770      	bx	lr
10003862:	2300      	movs	r3, #0
10003864:	e7ee      	b.n	10003844 <gpio_set_pulls+0xc>
10003866:	2200      	movs	r2, #0
10003868:	e7ee      	b.n	10003848 <gpio_set_pulls+0x10>
1000386a:	bf00      	nop
1000386c:	40038004 	.word	0x40038004

10003870 <gpio_set_irq_enabled>:
10003870:	b570      	push	{r4, r5, r6, lr}
10003872:	4605      	mov	r5, r0
10003874:	460c      	mov	r4, r1
10003876:	4616      	mov	r6, r2
10003878:	b952      	cbnz	r2, 10003890 <gpio_set_irq_enabled+0x20>
1000387a:	f04f 4350 	mov.w	r3, #3489660928	@ 0xd0000000
1000387e:	681b      	ldr	r3, [r3, #0]
10003880:	b18b      	cbz	r3, 100038a6 <gpio_set_irq_enabled+0x36>
10003882:	4b0a      	ldr	r3, [pc, #40]	@ (100038ac <gpio_set_irq_enabled+0x3c>)
10003884:	4632      	mov	r2, r6
10003886:	4621      	mov	r1, r4
10003888:	4628      	mov	r0, r5
1000388a:	f7ff ff9d 	bl	100037c8 <_gpio_set_irq_enabled>
1000388e:	bd70      	pop	{r4, r5, r6, pc}
10003890:	2015      	movs	r0, #21
10003892:	f000 f907 	bl	10003aa4 <irq_has_handler>
10003896:	2800      	cmp	r0, #0
10003898:	d1ef      	bne.n	1000387a <gpio_set_irq_enabled+0xa>
1000389a:	4b05      	ldr	r3, [pc, #20]	@ (100038b0 <gpio_set_irq_enabled+0x40>)
1000389c:	4a05      	ldr	r2, [pc, #20]	@ (100038b4 <gpio_set_irq_enabled+0x44>)
1000389e:	21bd      	movs	r1, #189	@ 0xbd
100038a0:	4805      	ldr	r0, [pc, #20]	@ (100038b8 <gpio_set_irq_enabled+0x48>)
100038a2:	f003 ffc5 	bl	10007830 <__assert_func>
100038a6:	4b05      	ldr	r3, [pc, #20]	@ (100038bc <gpio_set_irq_enabled+0x4c>)
100038a8:	e7ec      	b.n	10003884 <gpio_set_irq_enabled+0x14>
100038aa:	bf00      	nop
100038ac:	40028290 	.word	0x40028290
100038b0:	1000a124 	.word	0x1000a124
100038b4:	1000abd8 	.word	0x1000abd8
100038b8:	1000a150 	.word	0x1000a150
100038bc:	40028248 	.word	0x40028248

100038c0 <gpio_set_irq_callback>:
100038c0:	b538      	push	{r3, r4, r5, lr}
100038c2:	4604      	mov	r4, r0
100038c4:	f04f 4350 	mov.w	r3, #3489660928	@ 0xd0000000
100038c8:	681d      	ldr	r5, [r3, #0]
100038ca:	4b0c      	ldr	r3, [pc, #48]	@ (100038fc <gpio_set_irq_callback+0x3c>)
100038cc:	f853 3025 	ldr.w	r3, [r3, r5, lsl #2]
100038d0:	b14b      	cbz	r3, 100038e6 <gpio_set_irq_callback+0x26>
100038d2:	b118      	cbz	r0, 100038dc <gpio_set_irq_callback+0x1c>
100038d4:	4b09      	ldr	r3, [pc, #36]	@ (100038fc <gpio_set_irq_callback+0x3c>)
100038d6:	f843 4025 	str.w	r4, [r3, r5, lsl #2]
100038da:	bd38      	pop	{r3, r4, r5, pc}
100038dc:	4908      	ldr	r1, [pc, #32]	@ (10003900 <gpio_set_irq_callback+0x40>)
100038de:	2015      	movs	r0, #21
100038e0:	f000 fa3a 	bl	10003d58 <irq_remove_handler>
100038e4:	e7f6      	b.n	100038d4 <gpio_set_irq_callback+0x14>
100038e6:	2800      	cmp	r0, #0
100038e8:	d0f7      	beq.n	100038da <gpio_set_irq_callback+0x1a>
100038ea:	4b04      	ldr	r3, [pc, #16]	@ (100038fc <gpio_set_irq_callback+0x3c>)
100038ec:	f843 0025 	str.w	r0, [r3, r5, lsl #2]
100038f0:	2200      	movs	r2, #0
100038f2:	4903      	ldr	r1, [pc, #12]	@ (10003900 <gpio_set_irq_callback+0x40>)
100038f4:	2015      	movs	r0, #21
100038f6:	f000 f915 	bl	10003b24 <irq_add_shared_handler>
100038fa:	e7ee      	b.n	100038da <gpio_set_irq_callback+0x1a>
100038fc:	20000f30 	.word	0x20000f30
10003900:	1000373d 	.word	0x1000373d

10003904 <gpio_set_irq_enabled_with_callback>:
10003904:	b570      	push	{r4, r5, r6, lr}
10003906:	4605      	mov	r5, r0
10003908:	460e      	mov	r6, r1
1000390a:	4614      	mov	r4, r2
1000390c:	4618      	mov	r0, r3
1000390e:	f7ff ffd7 	bl	100038c0 <gpio_set_irq_callback>
10003912:	4622      	mov	r2, r4
10003914:	4631      	mov	r1, r6
10003916:	4628      	mov	r0, r5
10003918:	f7ff ffaa 	bl	10003870 <gpio_set_irq_enabled>
1000391c:	b904      	cbnz	r4, 10003920 <gpio_set_irq_enabled_with_callback+0x1c>
1000391e:	bd70      	pop	{r4, r5, r6, pc}
10003920:	2101      	movs	r1, #1
10003922:	2015      	movs	r0, #21
10003924:	f000 f8ac 	bl	10003a80 <irq_set_enabled>
10003928:	e7f9      	b.n	1000391e <gpio_set_irq_enabled_with_callback+0x1a>

1000392a <gpio_init>:
1000392a:	b508      	push	{r3, lr}
1000392c:	f04f 0200 	mov.w	r2, #0
10003930:	ec42 0044 	gpioc_bit_oe_put r0, r2
10003934:	ec42 0040 	gpioc_bit_out_put r0, r2
10003938:	2105      	movs	r1, #5
1000393a:	f7ff ff61 	bl	10003800 <gpio_set_function>
1000393e:	bd08      	pop	{r3, pc}

10003940 <set_raw_irq_handler_and_unlock>:
10003940:	4b06      	ldr	r3, [pc, #24]	@ (1000395c <set_raw_irq_handler_and_unlock+0x1c>)
10003942:	689b      	ldr	r3, [r3, #8]
10003944:	3010      	adds	r0, #16
10003946:	f843 1020 	str.w	r1, [r3, r0, lsl #2]
1000394a:	f3bf 8f5f 	dmb	sy
1000394e:	2300      	movs	r3, #0
10003950:	4903      	ldr	r1, [pc, #12]	@ (10003960 <set_raw_irq_handler_and_unlock+0x20>)
10003952:	e8c1 3f8f 	stlb	r3, [r1]
10003956:	f382 8810 	msr	PRIMASK, r2
1000395a:	4770      	bx	lr
1000395c:	e000ed00 	.word	0xe000ed00
10003960:	20000f19 	.word	0x20000f19

10003964 <nvic_ipr0>:
10003964:	4800      	ldr	r0, [pc, #0]	@ (10003968 <nvic_ipr0+0x4>)
10003966:	4770      	bx	lr
10003968:	e000e400 	.word	0xe000e400

1000396c <runtime_init_per_core_irq_priorities>:
1000396c:	b508      	push	{r3, lr}
1000396e:	f7ff fff9 	bl	10003964 <nvic_ipr0>
10003972:	2300      	movs	r3, #0
10003974:	e004      	b.n	10003980 <runtime_init_per_core_irq_priorities+0x14>
10003976:	f04f 3280 	mov.w	r2, #2155905152	@ 0x80808080
1000397a:	f840 2b04 	str.w	r2, [r0], #4
1000397e:	3301      	adds	r3, #1
10003980:	2b0c      	cmp	r3, #12
10003982:	d9f8      	bls.n	10003976 <runtime_init_per_core_irq_priorities+0xa>
10003984:	b662      	cpsie	i
10003986:	bd08      	pop	{r3, pc}

10003988 <resolve_j_16>:
10003988:	b508      	push	{r3, lr}
1000398a:	8803      	ldrh	r3, [r0, #0]
1000398c:	0ada      	lsrs	r2, r3, #11
1000398e:	2a1c      	cmp	r2, #28
10003990:	d106      	bne.n	100039a0 <resolve_j_16+0x18>
10003992:	055b      	lsls	r3, r3, #21
10003994:	d40b      	bmi.n	100039ae <resolve_j_16+0x26>
10003996:	155b      	asrs	r3, r3, #21
10003998:	3302      	adds	r3, #2
1000399a:	eb00 0043 	add.w	r0, r0, r3, lsl #1
1000399e:	bd08      	pop	{r3, pc}
100039a0:	4b06      	ldr	r3, [pc, #24]	@ (100039bc <resolve_j_16+0x34>)
100039a2:	4a07      	ldr	r2, [pc, #28]	@ (100039c0 <resolve_j_16+0x38>)
100039a4:	f44f 718e 	mov.w	r1, #284	@ 0x11c
100039a8:	4806      	ldr	r0, [pc, #24]	@ (100039c4 <resolve_j_16+0x3c>)
100039aa:	f003 ff41 	bl	10007830 <__assert_func>
100039ae:	f503 13ff 	add.w	r3, r3, #2088960	@ 0x1fe000
100039b2:	f503 53ff 	add.w	r3, r3, #8160	@ 0x1fe0
100039b6:	331f      	adds	r3, #31
100039b8:	e7ed      	b.n	10003996 <resolve_j_16+0xe>
100039ba:	bf00      	nop
100039bc:	1000a198 	.word	0x1000a198
100039c0:	1000ac3c 	.word	0x1000ac3c
100039c4:	1000a1b0 	.word	0x1000a1b0

100039c8 <make_j_16>:
100039c8:	b508      	push	{r3, lr}
100039ca:	1a09      	subs	r1, r1, r0
100039cc:	f201 72fc 	addw	r2, r1, #2044	@ 0x7fc
100039d0:	f640 73fe 	movw	r3, #4094	@ 0xffe
100039d4:	429a      	cmp	r2, r3
100039d6:	d808      	bhi.n	100039ea <make_j_16+0x22>
100039d8:	1f08      	subs	r0, r1, #4
100039da:	f011 0f01 	tst.w	r1, #1
100039de:	d104      	bne.n	100039ea <make_j_16+0x22>
100039e0:	f3c0 004a 	ubfx	r0, r0, #1, #11
100039e4:	f440 4060 	orr.w	r0, r0, #57344	@ 0xe000
100039e8:	bd08      	pop	{r3, pc}
100039ea:	4b03      	ldr	r3, [pc, #12]	@ (100039f8 <make_j_16+0x30>)
100039ec:	4a03      	ldr	r2, [pc, #12]	@ (100039fc <make_j_16+0x34>)
100039ee:	f44f 7187 	mov.w	r1, #270	@ 0x10e
100039f2:	4803      	ldr	r0, [pc, #12]	@ (10003a00 <make_j_16+0x38>)
100039f4:	f003 ff1c 	bl	10007830 <__assert_func>
100039f8:	1000a1f8 	.word	0x1000a1f8
100039fc:	1000ac30 	.word	0x1000ac30
10003a00:	1000a1b0 	.word	0x1000a1b0

10003a04 <insert_bl_32>:
10003a04:	b508      	push	{r3, lr}
10003a06:	1a09      	subs	r1, r1, r0
10003a08:	3904      	subs	r1, #4
10003a0a:	084b      	lsrs	r3, r1, #1
10003a0c:	0b09      	lsrs	r1, r1, #12
10003a0e:	d10a      	bne.n	10003a26 <insert_bl_32+0x22>
10003a10:	f3c1 010a 	ubfx	r1, r1, #0, #11
10003a14:	f441 4170 	orr.w	r1, r1, #61440	@ 0xf000
10003a18:	8001      	strh	r1, [r0, #0]
10003a1a:	ea6f 5343 	mvn.w	r3, r3, lsl #21
10003a1e:	ea6f 5353 	mvn.w	r3, r3, lsr #21
10003a22:	8043      	strh	r3, [r0, #2]
10003a24:	bd08      	pop	{r3, pc}
10003a26:	4b03      	ldr	r3, [pc, #12]	@ (10003a34 <insert_bl_32+0x30>)
10003a28:	4a03      	ldr	r2, [pc, #12]	@ (10003a38 <insert_bl_32+0x34>)
10003a2a:	f44f 718b 	mov.w	r1, #278	@ 0x116
10003a2e:	4803      	ldr	r0, [pc, #12]	@ (10003a3c <insert_bl_32+0x38>)
10003a30:	f003 fefe 	bl	10007830 <__assert_func>
10003a34:	1000a228 	.word	0x1000a228
10003a38:	1000ac0c 	.word	0x1000ac0c
10003a3c:	1000a1b0 	.word	0x1000a1b0

10003a40 <irq_is_enabled>:
10003a40:	0942      	lsrs	r2, r0, #5
10003a42:	4b06      	ldr	r3, [pc, #24]	@ (10003a5c <irq_is_enabled+0x1c>)
10003a44:	f853 3022 	ldr.w	r3, [r3, r2, lsl #2]
10003a48:	f000 001f 	and.w	r0, r0, #31
10003a4c:	2201      	movs	r2, #1
10003a4e:	4082      	lsls	r2, r0
10003a50:	ea03 0002 	and.w	r0, r3, r2
10003a54:	3800      	subs	r0, #0
10003a56:	bf18      	it	ne
10003a58:	2001      	movne	r0, #1
10003a5a:	4770      	bx	lr
10003a5c:	e000e100 	.word	0xe000e100

10003a60 <irq_set_mask_n_enabled>:
10003a60:	b13a      	cbz	r2, 10003a72 <irq_set_mask_n_enabled+0x12>
10003a62:	4b06      	ldr	r3, [pc, #24]	@ (10003a7c <irq_set_mask_n_enabled+0x1c>)
10003a64:	f100 0260 	add.w	r2, r0, #96	@ 0x60
10003a68:	f843 1022 	str.w	r1, [r3, r2, lsl #2]
10003a6c:	f843 1020 	str.w	r1, [r3, r0, lsl #2]
10003a70:	4770      	bx	lr
10003a72:	3020      	adds	r0, #32
10003a74:	4b01      	ldr	r3, [pc, #4]	@ (10003a7c <irq_set_mask_n_enabled+0x1c>)
10003a76:	f843 1020 	str.w	r1, [r3, r0, lsl #2]
10003a7a:	4770      	bx	lr
10003a7c:	e000e100 	.word	0xe000e100

10003a80 <irq_set_enabled>:
10003a80:	b508      	push	{r3, lr}
10003a82:	460a      	mov	r2, r1
10003a84:	f000 031f 	and.w	r3, r0, #31
10003a88:	2101      	movs	r1, #1
10003a8a:	4099      	lsls	r1, r3
10003a8c:	0940      	lsrs	r0, r0, #5
10003a8e:	f7ff ffe7 	bl	10003a60 <irq_set_mask_n_enabled>
10003a92:	bd08      	pop	{r3, pc}

10003a94 <irq_get_vtable_handler>:
10003a94:	4b02      	ldr	r3, [pc, #8]	@ (10003aa0 <irq_get_vtable_handler+0xc>)
10003a96:	689b      	ldr	r3, [r3, #8]
10003a98:	3010      	adds	r0, #16
10003a9a:	f853 0020 	ldr.w	r0, [r3, r0, lsl #2]
10003a9e:	4770      	bx	lr
10003aa0:	e000ed00 	.word	0xe000ed00

10003aa4 <irq_has_handler>:
10003aa4:	b508      	push	{r3, lr}
10003aa6:	f7ff fff5 	bl	10003a94 <irq_get_vtable_handler>
10003aaa:	b130      	cbz	r0, 10003aba <irq_has_handler+0x16>
10003aac:	4a04      	ldr	r2, [pc, #16]	@ (10003ac0 <irq_has_handler+0x1c>)
10003aae:	4290      	cmp	r0, r2
10003ab0:	d001      	beq.n	10003ab6 <irq_has_handler+0x12>
10003ab2:	2001      	movs	r0, #1
10003ab4:	bd08      	pop	{r3, pc}
10003ab6:	2000      	movs	r0, #0
10003ab8:	e7fc      	b.n	10003ab4 <irq_has_handler+0x10>
10003aba:	2000      	movs	r0, #0
10003abc:	e7fa      	b.n	10003ab4 <irq_has_handler+0x10>
10003abe:	bf00      	nop
10003ac0:	10000111 	.word	0x10000111

10003ac4 <irq_set_exclusive_handler>:
10003ac4:	b570      	push	{r4, r5, r6, lr}
10003ac6:	4605      	mov	r5, r0
10003ac8:	460c      	mov	r4, r1
10003aca:	f3ef 8610 	mrs	r6, PRIMASK
10003ace:	b672      	cpsid	i
10003ad0:	4b0f      	ldr	r3, [pc, #60]	@ (10003b10 <irq_set_exclusive_handler+0x4c>)
10003ad2:	e8d3 1fcf 	ldaexb	r1, [r3]
10003ad6:	2201      	movs	r2, #1
10003ad8:	2900      	cmp	r1, #0
10003ada:	d1fa      	bne.n	10003ad2 <irq_set_exclusive_handler+0xe>
10003adc:	e8c3 2f41 	strexb	r1, r2, [r3]
10003ae0:	2900      	cmp	r1, #0
10003ae2:	d1f6      	bne.n	10003ad2 <irq_set_exclusive_handler+0xe>
10003ae4:	f3bf 8f5f 	dmb	sy
10003ae8:	f7ff ffd4 	bl	10003a94 <irq_get_vtable_handler>
10003aec:	4b09      	ldr	r3, [pc, #36]	@ (10003b14 <irq_set_exclusive_handler+0x50>)
10003aee:	4298      	cmp	r0, r3
10003af0:	d001      	beq.n	10003af6 <irq_set_exclusive_handler+0x32>
10003af2:	42a0      	cmp	r0, r4
10003af4:	d105      	bne.n	10003b02 <irq_set_exclusive_handler+0x3e>
10003af6:	4632      	mov	r2, r6
10003af8:	4621      	mov	r1, r4
10003afa:	4628      	mov	r0, r5
10003afc:	f7ff ff20 	bl	10003940 <set_raw_irq_handler_and_unlock>
10003b00:	bd70      	pop	{r4, r5, r6, pc}
10003b02:	4b05      	ldr	r3, [pc, #20]	@ (10003b18 <irq_set_exclusive_handler+0x54>)
10003b04:	4a05      	ldr	r2, [pc, #20]	@ (10003b1c <irq_set_exclusive_handler+0x58>)
10003b06:	21ed      	movs	r1, #237	@ 0xed
10003b08:	4805      	ldr	r0, [pc, #20]	@ (10003b20 <irq_set_exclusive_handler+0x5c>)
10003b0a:	f003 fe91 	bl	10007830 <__assert_func>
10003b0e:	bf00      	nop
10003b10:	20000f19 	.word	0x20000f19
10003b14:	10000111 	.word	0x10000111
10003b18:	1000a238 	.word	0x1000a238
10003b1c:	1000ac64 	.word	0x1000ac64
10003b20:	1000a1b0 	.word	0x1000a1b0

10003b24 <irq_add_shared_handler>:
10003b24:	e92d 4ff0 	stmdb	sp!, {r4, r5, r6, r7, r8, r9, sl, fp, lr}
10003b28:	b087      	sub	sp, #28
10003b2a:	9100      	str	r1, [sp, #0]
10003b2c:	4615      	mov	r5, r2
10003b2e:	f3ef 8a10 	mrs	sl, PRIMASK
10003b32:	b672      	cpsid	i
10003b34:	4b7c      	ldr	r3, [pc, #496]	@ (10003d28 <irq_add_shared_handler+0x204>)
10003b36:	e8d3 1fcf 	ldaexb	r1, [r3]
10003b3a:	2201      	movs	r2, #1
10003b3c:	2900      	cmp	r1, #0
10003b3e:	d1fa      	bne.n	10003b36 <irq_add_shared_handler+0x12>
10003b40:	e8c3 2f41 	strexb	r1, r2, [r3]
10003b44:	2900      	cmp	r1, #0
10003b46:	d1f6      	bne.n	10003b36 <irq_add_shared_handler+0x12>
10003b48:	f3bf 8f5f 	dmb	sy
10003b4c:	4b77      	ldr	r3, [pc, #476]	@ (10003d2c <irq_add_shared_handler+0x208>)
10003b4e:	f993 4000 	ldrsb.w	r4, [r3]
10003b52:	2c00      	cmp	r4, #0
10003b54:	db44      	blt.n	10003be0 <irq_add_shared_handler+0xbc>
10003b56:	4680      	mov	r8, r0
10003b58:	eb04 0744 	add.w	r7, r4, r4, lsl #1
10003b5c:	4b74      	ldr	r3, [pc, #464]	@ (10003d30 <irq_add_shared_handler+0x20c>)
10003b5e:	eb03 0787 	add.w	r7, r3, r7, lsl #2
10003b62:	f997 1006 	ldrsb.w	r1, [r7, #6]
10003b66:	4a71      	ldr	r2, [pc, #452]	@ (10003d2c <irq_add_shared_handler+0x208>)
10003b68:	7011      	strb	r1, [r2, #0]
10003b6a:	4a72      	ldr	r2, [pc, #456]	@ (10003d34 <irq_add_shared_handler+0x210>)
10003b6c:	6892      	ldr	r2, [r2, #8]
10003b6e:	f100 0110 	add.w	r1, r0, #16
10003b72:	f852 9021 	ldr.w	r9, [r2, r1, lsl #2]
10003b76:	eba9 0203 	sub.w	r2, r9, r3
10003b7a:	2a2f      	cmp	r2, #47	@ 0x2f
10003b7c:	d93e      	bls.n	10003bfc <irq_add_shared_handler+0xd8>
10003b7e:	4b6e      	ldr	r3, [pc, #440]	@ (10003d38 <irq_add_shared_handler+0x214>)
10003b80:	4599      	cmp	r9, r3
10003b82:	d134      	bne.n	10003bee <irq_add_shared_handler+0xca>
10003b84:	f44f 4321 	mov.w	r3, #41216	@ 0xa100
10003b88:	f8ad 300c 	strh.w	r3, [sp, #12]
10003b8c:	ea4f 0944 	mov.w	r9, r4, lsl #1
10003b90:	eb04 0044 	add.w	r0, r4, r4, lsl #1
10003b94:	4e66      	ldr	r6, [pc, #408]	@ (10003d30 <irq_add_shared_handler+0x20c>)
10003b96:	eb06 0080 	add.w	r0, r6, r0, lsl #2
10003b9a:	4968      	ldr	r1, [pc, #416]	@ (10003d3c <irq_add_shared_handler+0x218>)
10003b9c:	3002      	adds	r0, #2
10003b9e:	f7ff ff13 	bl	100039c8 <make_j_16>
10003ba2:	f8ad 000e 	strh.w	r0, [sp, #14]
10003ba6:	f64b 5301 	movw	r3, #48385	@ 0xbd01
10003baa:	f8ad 3010 	strh.w	r3, [sp, #16]
10003bae:	23ff      	movs	r3, #255	@ 0xff
10003bb0:	f88d 3012 	strb.w	r3, [sp, #18]
10003bb4:	f88d 5013 	strb.w	r5, [sp, #19]
10003bb8:	9b00      	ldr	r3, [sp, #0]
10003bba:	9305      	str	r3, [sp, #20]
10003bbc:	44a1      	add	r9, r4
10003bbe:	eb06 0389 	add.w	r3, r6, r9, lsl #2
10003bc2:	aa06      	add	r2, sp, #24
10003bc4:	e912 0007 	ldmdb	r2, {r0, r1, r2}
10003bc8:	e883 0007 	stmia.w	r3, {r0, r1, r2}
10003bcc:	f047 0901 	orr.w	r9, r7, #1
10003bd0:	4652      	mov	r2, sl
10003bd2:	4649      	mov	r1, r9
10003bd4:	4640      	mov	r0, r8
10003bd6:	f7ff feb3 	bl	10003940 <set_raw_irq_handler_and_unlock>
10003bda:	b007      	add	sp, #28
10003bdc:	e8bd 8ff0 	ldmia.w	sp!, {r4, r5, r6, r7, r8, r9, sl, fp, pc}
10003be0:	4b57      	ldr	r3, [pc, #348]	@ (10003d40 <irq_add_shared_handler+0x21c>)
10003be2:	4a58      	ldr	r2, [pc, #352]	@ (10003d44 <irq_add_shared_handler+0x220>)
10003be4:	f44f 71be 	mov.w	r1, #380	@ 0x17c
10003be8:	4857      	ldr	r0, [pc, #348]	@ (10003d48 <irq_add_shared_handler+0x224>)
10003bea:	f003 fe21 	bl	10007830 <__assert_func>
10003bee:	4b57      	ldr	r3, [pc, #348]	@ (10003d4c <irq_add_shared_handler+0x228>)
10003bf0:	4a54      	ldr	r2, [pc, #336]	@ (10003d44 <irq_add_shared_handler+0x220>)
10003bf2:	f240 1183 	movw	r1, #387	@ 0x183
10003bf6:	4854      	ldr	r0, [pc, #336]	@ (10003d48 <irq_add_shared_handler+0x224>)
10003bf8:	f003 fe1a 	bl	10007830 <__assert_func>
10003bfc:	f029 0b01 	bic.w	fp, r9, #1
10003c00:	ebab 0303 	sub.w	r3, fp, r3
10003c04:	4a52      	ldr	r2, [pc, #328]	@ (10003d50 <irq_add_shared_handler+0x22c>)
10003c06:	fba2 1203 	umull	r1, r2, r2, r3
10003c0a:	08d2      	lsrs	r2, r2, #3
10003c0c:	eb02 0242 	add.w	r2, r2, r2, lsl #1
10003c10:	ebb3 0f82 	cmp.w	r3, r2, lsl #2
10003c14:	d10f      	bne.n	10003c36 <irq_add_shared_handler+0x112>
10003c16:	465b      	mov	r3, fp
10003c18:	2600      	movs	r6, #0
10003c1a:	79da      	ldrb	r2, [r3, #7]
10003c1c:	42aa      	cmp	r2, r5
10003c1e:	d912      	bls.n	10003c46 <irq_add_shared_handler+0x122>
10003c20:	f993 2006 	ldrsb.w	r2, [r3, #6]
10003c24:	2a00      	cmp	r2, #0
10003c26:	db0d      	blt.n	10003c44 <irq_add_shared_handler+0x120>
10003c28:	eb02 0242 	add.w	r2, r2, r2, lsl #1
10003c2c:	461e      	mov	r6, r3
10003c2e:	4b40      	ldr	r3, [pc, #256]	@ (10003d30 <irq_add_shared_handler+0x20c>)
10003c30:	eb03 0382 	add.w	r3, r3, r2, lsl #2
10003c34:	e7f1      	b.n	10003c1a <irq_add_shared_handler+0xf6>
10003c36:	4b47      	ldr	r3, [pc, #284]	@ (10003d54 <irq_add_shared_handler+0x230>)
10003c38:	4a42      	ldr	r2, [pc, #264]	@ (10003d44 <irq_add_shared_handler+0x220>)
10003c3a:	f44f 71ca 	mov.w	r1, #404	@ 0x194
10003c3e:	4842      	ldr	r0, [pc, #264]	@ (10003d48 <irq_add_shared_handler+0x224>)
10003c40:	f003 fdf6 	bl	10007830 <__assert_func>
10003c44:	461e      	mov	r6, r3
10003c46:	b3a6      	cbz	r6, 10003cb2 <irq_add_shared_handler+0x18e>
10003c48:	f644 0301 	movw	r3, #18433	@ 0x4801
10003c4c:	f8ad 300c 	strh.w	r3, [sp, #12]
10003c50:	f44f 438f 	mov.w	r3, #18304	@ 0x4780
10003c54:	f8ad 300e 	strh.w	r3, [sp, #14]
10003c58:	f996 b006 	ldrsb.w	fp, [r6, #6]
10003c5c:	f1bb 0f00 	cmp.w	fp, #0
10003c60:	da1a      	bge.n	10003c98 <irq_add_shared_handler+0x174>
10003c62:	f64b 5001 	movw	r0, #48385	@ 0xbd01
10003c66:	f8ad 0010 	strh.w	r0, [sp, #16]
10003c6a:	f88d b012 	strb.w	fp, [sp, #18]
10003c6e:	f88d 5013 	strb.w	r5, [sp, #19]
10003c72:	9b00      	ldr	r3, [sp, #0]
10003c74:	9305      	str	r3, [sp, #20]
10003c76:	4639      	mov	r1, r7
10003c78:	1d30      	adds	r0, r6, #4
10003c7a:	f7ff fea5 	bl	100039c8 <make_j_16>
10003c7e:	80b0      	strh	r0, [r6, #4]
10003c80:	71b4      	strb	r4, [r6, #6]
10003c82:	eb04 0444 	add.w	r4, r4, r4, lsl #1
10003c86:	4b2a      	ldr	r3, [pc, #168]	@ (10003d30 <irq_add_shared_handler+0x20c>)
10003c88:	eb03 0384 	add.w	r3, r3, r4, lsl #2
10003c8c:	aa06      	add	r2, sp, #24
10003c8e:	e912 0007 	ldmdb	r2, {r0, r1, r2}
10003c92:	e883 0007 	stmia.w	r3, {r0, r1, r2}
10003c96:	e79b      	b.n	10003bd0 <irq_add_shared_handler+0xac>
10003c98:	1d30      	adds	r0, r6, #4
10003c9a:	f7ff fe75 	bl	10003988 <resolve_j_16>
10003c9e:	4601      	mov	r1, r0
10003ca0:	eb04 0244 	add.w	r2, r4, r4, lsl #1
10003ca4:	4b22      	ldr	r3, [pc, #136]	@ (10003d30 <irq_add_shared_handler+0x20c>)
10003ca6:	eb03 0382 	add.w	r3, r3, r2, lsl #2
10003caa:	1d18      	adds	r0, r3, #4
10003cac:	f7ff fe8c 	bl	100039c8 <make_j_16>
10003cb0:	e7d9      	b.n	10003c66 <irq_add_shared_handler+0x142>
10003cb2:	f44f 4321 	mov.w	r3, #41216	@ 0xa100
10003cb6:	f8ad 300c 	strh.w	r3, [sp, #12]
10003cba:	0063      	lsls	r3, r4, #1
10003cbc:	9301      	str	r3, [sp, #4]
10003cbe:	eb04 0644 	add.w	r6, r4, r4, lsl #1
10003cc2:	f8df 906c 	ldr.w	r9, [pc, #108]	@ 10003d30 <irq_add_shared_handler+0x20c>
10003cc6:	eb09 0686 	add.w	r6, r9, r6, lsl #2
10003cca:	491c      	ldr	r1, [pc, #112]	@ (10003d3c <irq_add_shared_handler+0x218>)
10003ccc:	1cb0      	adds	r0, r6, #2
10003cce:	f7ff fe7b 	bl	100039c8 <make_j_16>
10003cd2:	f8ad 000e 	strh.w	r0, [sp, #14]
10003cd6:	4659      	mov	r1, fp
10003cd8:	1d30      	adds	r0, r6, #4
10003cda:	f7ff fe75 	bl	100039c8 <make_j_16>
10003cde:	f8ad 0010 	strh.w	r0, [sp, #16]
10003ce2:	f64a 23aa 	movw	r3, #43690	@ 0xaaaa
10003ce6:	465a      	mov	r2, fp
10003ce8:	4649      	mov	r1, r9
10003cea:	1a52      	subs	r2, r2, r1
10003cec:	4152      	adcs	r2, r2
10003cee:	4353      	muls	r3, r2
10003cf0:	0d1b      	lsrs	r3, r3, #20
10003cf2:	f88d 3012 	strb.w	r3, [sp, #18]
10003cf6:	f88d 5013 	strb.w	r5, [sp, #19]
10003cfa:	9a00      	ldr	r2, [sp, #0]
10003cfc:	9205      	str	r2, [sp, #20]
10003cfe:	9b01      	ldr	r3, [sp, #4]
10003d00:	4423      	add	r3, r4
10003d02:	eb09 0983 	add.w	r9, r9, r3, lsl #2
10003d06:	ab06      	add	r3, sp, #24
10003d08:	e913 0007 	ldmdb	r3, {r0, r1, r2}
10003d0c:	e889 0007 	stmia.w	r9, {r0, r1, r2}
10003d10:	f644 0301 	movw	r3, #18433	@ 0x4801
10003d14:	f8ab 3000 	strh.w	r3, [fp]
10003d18:	f44f 438f 	mov.w	r3, #18304	@ 0x4780
10003d1c:	f8ab 3002 	strh.w	r3, [fp, #2]
10003d20:	f047 0901 	orr.w	r9, r7, #1
10003d24:	e754      	b.n	10003bd0 <irq_add_shared_handler+0xac>
10003d26:	bf00      	nop
10003d28:	20000f19 	.word	0x20000f19
10003d2c:	200213ac 	.word	0x200213ac
10003d30:	20000a84 	.word	0x20000a84
10003d34:	e000ed00 	.word	0xe000ed00
10003d38:	10000111 	.word	0x10000111
10003d3c:	20000ab4 	.word	0x20000ab4
10003d40:	1000a270 	.word	0x1000a270
10003d44:	1000ac4c 	.word	0x1000ac4c
10003d48:	1000a1b0 	.word	0x1000a1b0
10003d4c:	1000a298 	.word	0x1000a298
10003d50:	aaaaaaab 	.word	0xaaaaaaab
10003d54:	1000a2c0 	.word	0x1000a2c0

10003d58 <irq_remove_handler>:
10003d58:	e92d 47f0 	stmdb	sp!, {r4, r5, r6, r7, r8, r9, sl, lr}
10003d5c:	4606      	mov	r6, r0
10003d5e:	460d      	mov	r5, r1
10003d60:	f3ef 8810 	mrs	r8, PRIMASK
10003d64:	b672      	cpsid	i
10003d66:	4b50      	ldr	r3, [pc, #320]	@ (10003ea8 <irq_remove_handler+0x150>)
10003d68:	e8d3 1fcf 	ldaexb	r1, [r3]
10003d6c:	2201      	movs	r2, #1
10003d6e:	2900      	cmp	r1, #0
10003d70:	d1fa      	bne.n	10003d68 <irq_remove_handler+0x10>
10003d72:	e8c3 2f41 	strexb	r1, r2, [r3]
10003d76:	2900      	cmp	r1, #0
10003d78:	d1f6      	bne.n	10003d68 <irq_remove_handler+0x10>
10003d7a:	f3bf 8f5f 	dmb	sy
10003d7e:	4b4b      	ldr	r3, [pc, #300]	@ (10003eac <irq_remove_handler+0x154>)
10003d80:	689b      	ldr	r3, [r3, #8]
10003d82:	f100 0a10 	add.w	sl, r0, #16
10003d86:	f853 702a 	ldr.w	r7, [r3, sl, lsl #2]
10003d8a:	4b49      	ldr	r3, [pc, #292]	@ (10003eb0 <irq_remove_handler+0x158>)
10003d8c:	429f      	cmp	r7, r3
10003d8e:	d007      	beq.n	10003da0 <irq_remove_handler+0x48>
10003d90:	42af      	cmp	r7, r5
10003d92:	f000 8087 	beq.w	10003ea4 <irq_remove_handler+0x14c>
10003d96:	463c      	mov	r4, r7
10003d98:	4b46      	ldr	r3, [pc, #280]	@ (10003eb4 <irq_remove_handler+0x15c>)
10003d9a:	1afb      	subs	r3, r7, r3
10003d9c:	2b2f      	cmp	r3, #47	@ 0x2f
10003d9e:	d906      	bls.n	10003dae <irq_remove_handler+0x56>
10003da0:	4642      	mov	r2, r8
10003da2:	4639      	mov	r1, r7
10003da4:	4630      	mov	r0, r6
10003da6:	f7ff fdcb 	bl	10003940 <set_raw_irq_handler_and_unlock>
10003daa:	e8bd 87f0 	ldmia.w	sp!, {r4, r5, r6, r7, r8, r9, sl, pc}
10003dae:	f7ff fe47 	bl	10003a40 <irq_is_enabled>
10003db2:	4681      	mov	r9, r0
10003db4:	2100      	movs	r1, #0
10003db6:	4630      	mov	r0, r6
10003db8:	f7ff fe62 	bl	10003a80 <irq_set_enabled>
10003dbc:	f3bf 8f5f 	dmb	sy
10003dc0:	f3ef 8005 	mrs	r0, IPSR
10003dc4:	b2c0      	uxtb	r0, r0
10003dc6:	b108      	cbz	r0, 10003dcc <irq_remove_handler+0x74>
10003dc8:	4582      	cmp	sl, r0
10003dca:	d110      	bne.n	10003dee <irq_remove_handler+0x96>
10003dcc:	f024 0401 	bic.w	r4, r4, #1
10003dd0:	2100      	movs	r1, #0
10003dd2:	68a2      	ldr	r2, [r4, #8]
10003dd4:	4295      	cmp	r5, r2
10003dd6:	d012      	beq.n	10003dfe <irq_remove_handler+0xa6>
10003dd8:	f994 3006 	ldrsb.w	r3, [r4, #6]
10003ddc:	2b00      	cmp	r3, #0
10003dde:	db0d      	blt.n	10003dfc <irq_remove_handler+0xa4>
10003de0:	eb03 0343 	add.w	r3, r3, r3, lsl #1
10003de4:	4621      	mov	r1, r4
10003de6:	4c33      	ldr	r4, [pc, #204]	@ (10003eb4 <irq_remove_handler+0x15c>)
10003de8:	eb04 0483 	add.w	r4, r4, r3, lsl #2
10003dec:	e7f1      	b.n	10003dd2 <irq_remove_handler+0x7a>
10003dee:	4b32      	ldr	r3, [pc, #200]	@ (10003eb8 <irq_remove_handler+0x160>)
10003df0:	4a32      	ldr	r2, [pc, #200]	@ (10003ebc <irq_remove_handler+0x164>)
10003df2:	f240 2102 	movw	r1, #514	@ 0x202
10003df6:	4832      	ldr	r0, [pc, #200]	@ (10003ec0 <irq_remove_handler+0x168>)
10003df8:	f003 fd1a 	bl	10007830 <__assert_func>
10003dfc:	4621      	mov	r1, r4
10003dfe:	4295      	cmp	r5, r2
10003e00:	d149      	bne.n	10003e96 <irq_remove_handler+0x13e>
10003e02:	f994 5006 	ldrsb.w	r5, [r4, #6]
10003e06:	2d00      	cmp	r5, #0
10003e08:	db2b      	blt.n	10003e62 <irq_remove_handler+0x10a>
10003e0a:	eb05 0245 	add.w	r2, r5, r5, lsl #1
10003e0e:	4b29      	ldr	r3, [pc, #164]	@ (10003eb4 <irq_remove_handler+0x15c>)
10003e10:	eb03 0382 	add.w	r3, r3, r2, lsl #2
10003e14:	689a      	ldr	r2, [r3, #8]
10003e16:	60a2      	str	r2, [r4, #8]
10003e18:	79da      	ldrb	r2, [r3, #7]
10003e1a:	71e2      	strb	r2, [r4, #7]
10003e1c:	f993 3006 	ldrsb.w	r3, [r3, #6]
10003e20:	71a3      	strb	r3, [r4, #6]
10003e22:	2b00      	cmp	r3, #0
10003e24:	da10      	bge.n	10003e48 <irq_remove_handler+0xf0>
10003e26:	f64b 5001 	movw	r0, #48385	@ 0xbd01
10003e2a:	80a0      	strh	r0, [r4, #4]
10003e2c:	eb05 0245 	add.w	r2, r5, r5, lsl #1
10003e30:	4b20      	ldr	r3, [pc, #128]	@ (10003eb4 <irq_remove_handler+0x15c>)
10003e32:	eb03 0382 	add.w	r3, r3, r2, lsl #2
10003e36:	4a23      	ldr	r2, [pc, #140]	@ (10003ec4 <irq_remove_handler+0x16c>)
10003e38:	7811      	ldrb	r1, [r2, #0]
10003e3a:	7199      	strb	r1, [r3, #6]
10003e3c:	7015      	strb	r5, [r2, #0]
10003e3e:	4649      	mov	r1, r9
10003e40:	4630      	mov	r0, r6
10003e42:	f7ff fe1d 	bl	10003a80 <irq_set_enabled>
10003e46:	e7ab      	b.n	10003da0 <irq_remove_handler+0x48>
10003e48:	eb05 0345 	add.w	r3, r5, r5, lsl #1
10003e4c:	4819      	ldr	r0, [pc, #100]	@ (10003eb4 <irq_remove_handler+0x15c>)
10003e4e:	eb00 0083 	add.w	r0, r0, r3, lsl #2
10003e52:	3004      	adds	r0, #4
10003e54:	f7ff fd98 	bl	10003988 <resolve_j_16>
10003e58:	4601      	mov	r1, r0
10003e5a:	1d20      	adds	r0, r4, #4
10003e5c:	f7ff fdb4 	bl	100039c8 <make_j_16>
10003e60:	e7e3      	b.n	10003e2a <irq_remove_handler+0xd2>
10003e62:	b998      	cbnz	r0, 10003e8c <irq_remove_handler+0x134>
10003e64:	b181      	cbz	r1, 10003e88 <irq_remove_handler+0x130>
10003e66:	23ff      	movs	r3, #255	@ 0xff
10003e68:	718b      	strb	r3, [r1, #6]
10003e6a:	f64b 5301 	movw	r3, #48385	@ 0xbd01
10003e6e:	808b      	strh	r3, [r1, #4]
10003e70:	4a14      	ldr	r2, [pc, #80]	@ (10003ec4 <irq_remove_handler+0x16c>)
10003e72:	7813      	ldrb	r3, [r2, #0]
10003e74:	71a3      	strb	r3, [r4, #6]
10003e76:	f64a 23aa 	movw	r3, #43690	@ 0xaaaa
10003e7a:	490e      	ldr	r1, [pc, #56]	@ (10003eb4 <irq_remove_handler+0x15c>)
10003e7c:	1a64      	subs	r4, r4, r1
10003e7e:	4164      	adcs	r4, r4
10003e80:	4363      	muls	r3, r4
10003e82:	0d1b      	lsrs	r3, r3, #20
10003e84:	7013      	strb	r3, [r2, #0]
10003e86:	e7da      	b.n	10003e3e <irq_remove_handler+0xe6>
10003e88:	4f09      	ldr	r7, [pc, #36]	@ (10003eb0 <irq_remove_handler+0x158>)
10003e8a:	e7f1      	b.n	10003e70 <irq_remove_handler+0x118>
10003e8c:	490e      	ldr	r1, [pc, #56]	@ (10003ec8 <irq_remove_handler+0x170>)
10003e8e:	1d20      	adds	r0, r4, #4
10003e90:	f7ff fdb8 	bl	10003a04 <insert_bl_32>
10003e94:	e7d3      	b.n	10003e3e <irq_remove_handler+0xe6>
10003e96:	4b0d      	ldr	r3, [pc, #52]	@ (10003ecc <irq_remove_handler+0x174>)
10003e98:	4a08      	ldr	r2, [pc, #32]	@ (10003ebc <irq_remove_handler+0x164>)
10003e9a:	f44f 7111 	mov.w	r1, #580	@ 0x244
10003e9e:	4808      	ldr	r0, [pc, #32]	@ (10003ec0 <irq_remove_handler+0x168>)
10003ea0:	f003 fcc6 	bl	10007830 <__assert_func>
10003ea4:	4f02      	ldr	r7, [pc, #8]	@ (10003eb0 <irq_remove_handler+0x158>)
10003ea6:	e77b      	b.n	10003da0 <irq_remove_handler+0x48>
10003ea8:	20000f19 	.word	0x20000f19
10003eac:	e000ed00 	.word	0xe000ed00
10003eb0:	10000111 	.word	0x10000111
10003eb4:	20000a84 	.word	0x20000a84
10003eb8:	1000a344 	.word	0x1000a344
10003ebc:	1000ac1c 	.word	0x1000ac1c
10003ec0:	1000a1b0 	.word	0x1000a1b0
10003ec4:	200213ac 	.word	0x200213ac
10003ec8:	20000abe 	.word	0x20000abe
10003ecc:	1000a378 	.word	0x1000a378

10003ed0 <irq_set_priority>:
10003ed0:	b538      	push	{r3, r4, r5, lr}
10003ed2:	4604      	mov	r4, r0
10003ed4:	460d      	mov	r5, r1
10003ed6:	f7ff fd45 	bl	10003964 <nvic_ipr0>
10003eda:	ea4f 0c94 	mov.w	ip, r4, lsr #2
10003ede:	f850 302c 	ldr.w	r3, [r0, ip, lsl #2]
10003ee2:	f004 0403 	and.w	r4, r4, #3
10003ee6:	00e4      	lsls	r4, r4, #3
10003ee8:	22ff      	movs	r2, #255	@ 0xff
10003eea:	40a2      	lsls	r2, r4
10003eec:	ea23 0302 	bic.w	r3, r3, r2
10003ef0:	40a5      	lsls	r5, r4
10003ef2:	432b      	orrs	r3, r5
10003ef4:	f840 302c 	str.w	r3, [r0, ip, lsl #2]
10003ef8:	bd38      	pop	{r3, r4, r5, pc}
	...

10003efc <irq_add_tail_to_free_list>:
10003efc:	b538      	push	{r3, r4, r5, lr}
10003efe:	f040 0401 	orr.w	r4, r0, #1
10003f02:	4b32      	ldr	r3, [pc, #200]	@ (10003fcc <irq_add_tail_to_free_list+0xd0>)
10003f04:	1ae3      	subs	r3, r4, r3
10003f06:	2b2f      	cmp	r3, #47	@ 0x2f
10003f08:	d831      	bhi.n	10003f6e <irq_add_tail_to_free_list+0x72>
10003f0a:	f3ef 8105 	mrs	r1, IPSR
10003f0e:	b2c9      	uxtb	r1, r1
10003f10:	2900      	cmp	r1, #0
10003f12:	d033      	beq.n	10003f7c <irq_add_tail_to_free_list+0x80>
10003f14:	f3ef 8e10 	mrs	lr, PRIMASK
10003f18:	b672      	cpsid	i
10003f1a:	4b2d      	ldr	r3, [pc, #180]	@ (10003fd0 <irq_add_tail_to_free_list+0xd4>)
10003f1c:	e8d3 5fcf 	ldaexb	r5, [r3]
10003f20:	2201      	movs	r2, #1
10003f22:	2d00      	cmp	r5, #0
10003f24:	d1fa      	bne.n	10003f1c <irq_add_tail_to_free_list+0x20>
10003f26:	e8c3 2f45 	strexb	r5, r2, [r3]
10003f2a:	2d00      	cmp	r5, #0
10003f2c:	d1f6      	bne.n	10003f1c <irq_add_tail_to_free_list+0x20>
10003f2e:	f3bf 8f5f 	dmb	sy
10003f32:	f64a 23aa 	movw	r3, #43690	@ 0xaaaa
10003f36:	4602      	mov	r2, r0
10003f38:	4d24      	ldr	r5, [pc, #144]	@ (10003fcc <irq_add_tail_to_free_list+0xd0>)
10003f3a:	1b52      	subs	r2, r2, r5
10003f3c:	4152      	adcs	r2, r2
10003f3e:	4353      	muls	r3, r2
10003f40:	0d1b      	lsrs	r3, r3, #20
10003f42:	fa4f fc83 	sxtb.w	ip, r3
10003f46:	4b23      	ldr	r3, [pc, #140]	@ (10003fd4 <irq_add_tail_to_free_list+0xd8>)
10003f48:	689b      	ldr	r3, [r3, #8]
10003f4a:	f853 3021 	ldr.w	r3, [r3, r1, lsl #2]
10003f4e:	42a3      	cmp	r3, r4
10003f50:	d01b      	beq.n	10003f8a <irq_add_tail_to_free_list+0x8e>
10003f52:	2300      	movs	r3, #0
10003f54:	2b03      	cmp	r3, #3
10003f56:	d832      	bhi.n	10003fbe <irq_add_tail_to_free_list+0xc2>
10003f58:	eb03 0143 	add.w	r1, r3, r3, lsl #1
10003f5c:	4a1b      	ldr	r2, [pc, #108]	@ (10003fcc <irq_add_tail_to_free_list+0xd0>)
10003f5e:	eb02 0281 	add.w	r2, r2, r1, lsl #2
10003f62:	f992 2006 	ldrsb.w	r2, [r2, #6]
10003f66:	4562      	cmp	r2, ip
10003f68:	d020      	beq.n	10003fac <irq_add_tail_to_free_list+0xb0>
10003f6a:	3301      	adds	r3, #1
10003f6c:	e7f2      	b.n	10003f54 <irq_add_tail_to_free_list+0x58>
10003f6e:	4b1a      	ldr	r3, [pc, #104]	@ (10003fd8 <irq_add_tail_to_free_list+0xdc>)
10003f70:	4a1a      	ldr	r2, [pc, #104]	@ (10003fdc <irq_add_tail_to_free_list+0xe0>)
10003f72:	f240 217f 	movw	r1, #639	@ 0x27f
10003f76:	481a      	ldr	r0, [pc, #104]	@ (10003fe0 <irq_add_tail_to_free_list+0xe4>)
10003f78:	f003 fc5a 	bl	10007830 <__assert_func>
10003f7c:	4b19      	ldr	r3, [pc, #100]	@ (10003fe4 <irq_add_tail_to_free_list+0xe8>)
10003f7e:	4a17      	ldr	r2, [pc, #92]	@ (10003fdc <irq_add_tail_to_free_list+0xe0>)
10003f80:	f240 2182 	movw	r1, #642	@ 0x282
10003f84:	4816      	ldr	r0, [pc, #88]	@ (10003fe0 <irq_add_tail_to_free_list+0xe4>)
10003f86:	f003 fc53 	bl	10007830 <__assert_func>
10003f8a:	4b12      	ldr	r3, [pc, #72]	@ (10003fd4 <irq_add_tail_to_free_list+0xd8>)
10003f8c:	689b      	ldr	r3, [r3, #8]
10003f8e:	4a16      	ldr	r2, [pc, #88]	@ (10003fe8 <irq_add_tail_to_free_list+0xec>)
10003f90:	f843 2021 	str.w	r2, [r3, r1, lsl #2]
10003f94:	4b15      	ldr	r3, [pc, #84]	@ (10003fec <irq_add_tail_to_free_list+0xf0>)
10003f96:	781a      	ldrb	r2, [r3, #0]
10003f98:	7182      	strb	r2, [r0, #6]
10003f9a:	f883 c000 	strb.w	ip, [r3]
10003f9e:	2300      	movs	r3, #0
10003fa0:	4a0b      	ldr	r2, [pc, #44]	@ (10003fd0 <irq_add_tail_to_free_list+0xd4>)
10003fa2:	e8c2 3f8f 	stlb	r3, [r2]
10003fa6:	f38e 8810 	msr	PRIMASK, lr
10003faa:	bd38      	pop	{r3, r4, r5, pc}
10003fac:	4a07      	ldr	r2, [pc, #28]	@ (10003fcc <irq_add_tail_to_free_list+0xd0>)
10003fae:	eb02 0181 	add.w	r1, r2, r1, lsl #2
10003fb2:	24ff      	movs	r4, #255	@ 0xff
10003fb4:	718c      	strb	r4, [r1, #6]
10003fb6:	f64b 5301 	movw	r3, #48385	@ 0xbd01
10003fba:	808b      	strh	r3, [r1, #4]
10003fbc:	e7ea      	b.n	10003f94 <irq_add_tail_to_free_list+0x98>
10003fbe:	4b0c      	ldr	r3, [pc, #48]	@ (10003ff0 <irq_add_tail_to_free_list+0xf4>)
10003fc0:	4a06      	ldr	r2, [pc, #24]	@ (10003fdc <irq_add_tail_to_free_list+0xe0>)
10003fc2:	f240 2193 	movw	r1, #659	@ 0x293
10003fc6:	4806      	ldr	r0, [pc, #24]	@ (10003fe0 <irq_add_tail_to_free_list+0xe4>)
10003fc8:	f003 fc32 	bl	10007830 <__assert_func>
10003fcc:	20000a84 	.word	0x20000a84
10003fd0:	20000f19 	.word	0x20000f19
10003fd4:	e000ed00 	.word	0xe000ed00
10003fd8:	1000a380 	.word	0x1000a380
10003fdc:	1000abf0 	.word	0x1000abf0
10003fe0:	1000a1b0 	.word	0x1000a1b0
10003fe4:	1000a3a8 	.word	0x1000a3a8
10003fe8:	10000111 	.word	0x10000111
10003fec:	200213ac 	.word	0x200213ac
10003ff0:	1000a3b4 	.word	0x1000a3b4

10003ff4 <lock_init>:
10003ff4:	4b01      	ldr	r3, [pc, #4]	@ (10003ffc <lock_init+0x8>)
10003ff6:	440b      	add	r3, r1
10003ff8:	6003      	str	r3, [r0, #0]
10003ffa:	4770      	bx	lr
10003ffc:	20000f10 	.word	0x20000f10

10004000 <mutex_init>:
10004000:	b510      	push	{r4, lr}
10004002:	4604      	mov	r4, r0
10004004:	f7ff fb76 	bl	100036f4 <next_striped_spin_lock_num>
10004008:	4601      	mov	r1, r0
1000400a:	4620      	mov	r0, r4
1000400c:	f7ff fff2 	bl	10003ff4 <lock_init>
10004010:	f04f 33ff 	mov.w	r3, #4294967295
10004014:	6063      	str	r3, [r4, #4]
10004016:	f3bf 8f5f 	dmb	sy
1000401a:	bd10      	pop	{r4, pc}

1000401c <recursive_mutex_init>:
1000401c:	b510      	push	{r4, lr}
1000401e:	4604      	mov	r4, r0
10004020:	f7ff fb68 	bl	100036f4 <next_striped_spin_lock_num>
10004024:	4601      	mov	r1, r0
10004026:	4620      	mov	r0, r4
10004028:	f7ff ffe4 	bl	10003ff4 <lock_init>
1000402c:	f04f 33ff 	mov.w	r3, #4294967295
10004030:	6063      	str	r3, [r4, #4]
10004032:	2300      	movs	r3, #0
10004034:	7223      	strb	r3, [r4, #8]
10004036:	f3bf 8f5f 	dmb	sy
1000403a:	bd10      	pop	{r4, pc}

1000403c <runtime_init_mutex>:
1000403c:	b510      	push	{r4, lr}
1000403e:	4c0d      	ldr	r4, [pc, #52]	@ (10004074 <runtime_init_mutex+0x38>)
10004040:	e009      	b.n	10004056 <runtime_init_mutex+0x1a>
10004042:	4b0d      	ldr	r3, [pc, #52]	@ (10004078 <runtime_init_mutex+0x3c>)
10004044:	4a0d      	ldr	r2, [pc, #52]	@ (1000407c <runtime_init_mutex+0x40>)
10004046:	211a      	movs	r1, #26
10004048:	480d      	ldr	r0, [pc, #52]	@ (10004080 <runtime_init_mutex+0x44>)
1000404a:	f003 fbf1 	bl	10007830 <__assert_func>
1000404e:	4620      	mov	r0, r4
10004050:	f7ff ffd6 	bl	10004000 <mutex_init>
10004054:	3408      	adds	r4, #8
10004056:	4b0b      	ldr	r3, [pc, #44]	@ (10004084 <runtime_init_mutex+0x48>)
10004058:	429c      	cmp	r4, r3
1000405a:	d209      	bcs.n	10004070 <runtime_init_mutex+0x34>
1000405c:	6823      	ldr	r3, [r4, #0]
1000405e:	2b00      	cmp	r3, #0
10004060:	d0f5      	beq.n	1000404e <runtime_init_mutex+0x12>
10004062:	2b01      	cmp	r3, #1
10004064:	d1ed      	bne.n	10004042 <runtime_init_mutex+0x6>
10004066:	4620      	mov	r0, r4
10004068:	f7ff ffd8 	bl	1000401c <recursive_mutex_init>
1000406c:	340c      	adds	r4, #12
1000406e:	e7f2      	b.n	10004056 <runtime_init_mutex+0x1a>
10004070:	bd10      	pop	{r4, pc}
10004072:	bf00      	nop
10004074:	20000c48 	.word	0x20000c48
10004078:	1000a3bc 	.word	0x1000a3bc
1000407c:	1000aca4 	.word	0x1000aca4
10004080:	1000a3dc 	.word	0x1000a3dc
10004084:	20000c58 	.word	0x20000c58

10004088 <ta_from_current_irq>:
10004088:	4602      	mov	r2, r0
1000408a:	f3ef 8305 	mrs	r3, IPSR
1000408e:	b2db      	uxtb	r3, r3
10004090:	3b10      	subs	r3, #16
10004092:	0899      	lsrs	r1, r3, #2
10004094:	d004      	beq.n	100040a0 <ta_from_current_irq+0x18>
10004096:	4803      	ldr	r0, [pc, #12]	@ (100040a4 <ta_from_current_irq+0x1c>)
10004098:	f003 0303 	and.w	r3, r3, #3
1000409c:	6013      	str	r3, [r2, #0]
1000409e:	4770      	bx	lr
100040a0:	4801      	ldr	r0, [pc, #4]	@ (100040a8 <ta_from_current_irq+0x20>)
100040a2:	e7f9      	b.n	10004098 <ta_from_current_irq+0x10>
100040a4:	400b8000 	.word	0x400b8000
100040a8:	400b0000 	.word	0x400b0000

100040ac <ta_set_timeout>:
100040ac:	b410      	push	{r4}
100040ae:	6a84      	ldr	r4, [r0, #40]	@ 0x28
100040b0:	eba2 0c04 	sub.w	ip, r2, r4
100040b4:	1d0b      	adds	r3, r1, #4
100040b6:	f850 3023 	ldr.w	r3, [r0, r3, lsl #2]
100040ba:	1b1b      	subs	r3, r3, r4
100040bc:	459c      	cmp	ip, r3
100040be:	d304      	bcc.n	100040ca <ta_set_timeout+0x1e>
100040c0:	6a04      	ldr	r4, [r0, #32]
100040c2:	2301      	movs	r3, #1
100040c4:	408b      	lsls	r3, r1
100040c6:	421c      	tst	r4, r3
100040c8:	d102      	bne.n	100040d0 <ta_set_timeout+0x24>
100040ca:	3104      	adds	r1, #4
100040cc:	f840 2021 	str.w	r2, [r0, r1, lsl #2]
100040d0:	f85d 4b04 	ldr.w	r4, [sp], #4
100040d4:	4770      	bx	lr

100040d6 <make_alarm_id>:
100040d6:	ea41 4000 	orr.w	r0, r1, r0, lsl #16
100040da:	4770      	bx	lr

100040dc <alarm_pool_irq_handler>:
100040dc:	e92d 4ff0 	stmdb	sp!, {r4, r5, r6, r7, r8, r9, sl, fp, lr}
100040e0:	b085      	sub	sp, #20
100040e2:	a803      	add	r0, sp, #12
100040e4:	f7ff ffd0 	bl	10004088 <ta_from_current_irq>
100040e8:	4b95      	ldr	r3, [pc, #596]	@ (10004340 <alarm_pool_irq_handler+0x264>)
100040ea:	4298      	cmp	r0, r3
100040ec:	bf14      	ite	ne
100040ee:	2300      	movne	r3, #0
100040f0:	2301      	moveq	r3, #1
100040f2:	9903      	ldr	r1, [sp, #12]
100040f4:	eb01 0383 	add.w	r3, r1, r3, lsl #2
100040f8:	4a92      	ldr	r2, [pc, #584]	@ (10004344 <alarm_pool_irq_handler+0x268>)
100040fa:	f852 4023 	ldr.w	r4, [r2, r3, lsl #2]
100040fe:	7823      	ldrb	r3, [r4, #0]
10004100:	4299      	cmp	r1, r3
10004102:	d106      	bne.n	10004112 <alarm_pool_irq_handler+0x36>
10004104:	4605      	mov	r5, r0
10004106:	2201      	movs	r2, #1
10004108:	408a      	lsls	r2, r1
1000410a:	f500 5341 	add.w	r3, r0, #12352	@ 0x3040
1000410e:	605a      	str	r2, [r3, #4]
10004110:	e12c      	b.n	1000436c <alarm_pool_irq_handler+0x290>
10004112:	4b8d      	ldr	r3, [pc, #564]	@ (10004348 <alarm_pool_irq_handler+0x26c>)
10004114:	4a8d      	ldr	r2, [pc, #564]	@ (1000434c <alarm_pool_irq_handler+0x270>)
10004116:	2192      	movs	r1, #146	@ 0x92
10004118:	488d      	ldr	r0, [pc, #564]	@ (10004350 <alarm_pool_irq_handler+0x274>)
1000411a:	f003 fb89 	bl	10007830 <__assert_func>
1000411e:	f8d4 9014 	ldr.w	r9, [r4, #20]
10004122:	eb06 0746 	add.w	r7, r6, r6, lsl #1
10004126:	ea4f 0ac7 	mov.w	sl, r7, lsl #3
1000412a:	eb09 07c7 	add.w	r7, r9, r7, lsl #3
1000412e:	f8d7 b008 	ldr.w	fp, [r7, #8]
10004132:	f8d7 800c 	ldr.w	r8, [r7, #12]
10004136:	4628      	mov	r0, r5
10004138:	f000 fb4c 	bl	100047d4 <timer_time_us_64>
1000413c:	ebb0 000b 	subs.w	r0, r0, fp
10004140:	eb61 0308 	sbc.w	r3, r1, r8
10004144:	2b00      	cmp	r3, #0
10004146:	f2c0 811a 	blt.w	1000437e <alarm_pool_irq_handler+0x2a2>
1000414a:	f1b8 0f00 	cmp.w	r8, #0
1000414e:	db64      	blt.n	1000421a <alarm_pool_irq_handler+0x13e>
10004150:	693b      	ldr	r3, [r7, #16]
10004152:	461a      	mov	r2, r3
10004154:	9300      	str	r3, [sp, #0]
10004156:	4b7f      	ldr	r3, [pc, #508]	@ (10004354 <alarm_pool_irq_handler+0x278>)
10004158:	429a      	cmp	r2, r3
1000415a:	d030      	beq.n	100041be <alarm_pool_irq_handler+0xe2>
1000415c:	8879      	ldrh	r1, [r7, #2]
1000415e:	b289      	uxth	r1, r1
10004160:	f9b4 0008 	ldrsh.w	r0, [r4, #8]
10004164:	f7ff ffb7 	bl	100040d6 <make_alarm_id>
10004168:	6979      	ldr	r1, [r7, #20]
1000416a:	9b00      	ldr	r3, [sp, #0]
1000416c:	4798      	blx	r3
1000416e:	9000      	str	r0, [sp, #0]
10004170:	9101      	str	r1, [sp, #4]
10004172:	9900      	ldr	r1, [sp, #0]
10004174:	9a01      	ldr	r2, [sp, #4]
10004176:	ea51 0302 	orrs.w	r3, r1, r2
1000417a:	d04e      	beq.n	1000421a <alarm_pool_irq_handler+0x13e>
1000417c:	4613      	mov	r3, r2
1000417e:	2a00      	cmp	r2, #0
10004180:	da29      	bge.n	100041d6 <alarm_pool_irq_handler+0xfa>
10004182:	ebbb 0201 	subs.w	r2, fp, r1
10004186:	eb68 0803 	sbc.w	r8, r8, r3
1000418a:	60ba      	str	r2, [r7, #8]
1000418c:	f8c7 800c 	str.w	r8, [r7, #12]
10004190:	f939 700a 	ldrsh.w	r7, [r9, sl]
10004194:	2f00      	cmp	r7, #0
10004196:	f2c0 80f2 	blt.w	1000437e <alarm_pool_irq_handler+0x2a2>
1000419a:	f8d4 e014 	ldr.w	lr, [r4, #20]
1000419e:	eb07 0347 	add.w	r3, r7, r7, lsl #1
100041a2:	eb0e 03c3 	add.w	r3, lr, r3, lsl #3
100041a6:	6899      	ldr	r1, [r3, #8]
100041a8:	68db      	ldr	r3, [r3, #12]
100041aa:	1a51      	subs	r1, r2, r1
100041ac:	eb68 0303 	sbc.w	r3, r8, r3
100041b0:	2b00      	cmp	r3, #0
100041b2:	f2c0 80e4 	blt.w	1000437e <alarm_pool_irq_handler+0x2a2>
100041b6:	46a4      	mov	ip, r4
100041b8:	f82c 7f08 	strh.w	r7, [ip, #8]!
100041bc:	e017      	b.n	100041ee <alarm_pool_irq_handler+0x112>
100041be:	697a      	ldr	r2, [r7, #20]
100041c0:	6913      	ldr	r3, [r2, #16]
100041c2:	9200      	str	r2, [sp, #0]
100041c4:	4610      	mov	r0, r2
100041c6:	4798      	blx	r3
100041c8:	b338      	cbz	r0, 1000421a <alarm_pool_irq_handler+0x13e>
100041ca:	9a00      	ldr	r2, [sp, #0]
100041cc:	6813      	ldr	r3, [r2, #0]
100041ce:	9300      	str	r3, [sp, #0]
100041d0:	6853      	ldr	r3, [r2, #4]
100041d2:	9301      	str	r3, [sp, #4]
100041d4:	e7cd      	b.n	10004172 <alarm_pool_irq_handler+0x96>
100041d6:	4628      	mov	r0, r5
100041d8:	f000 fafc 	bl	100047d4 <timer_time_us_64>
100041dc:	9b00      	ldr	r3, [sp, #0]
100041de:	181a      	adds	r2, r3, r0
100041e0:	9b01      	ldr	r3, [sp, #4]
100041e2:	eb43 0801 	adc.w	r8, r3, r1
100041e6:	e7d0      	b.n	1000418a <alarm_pool_irq_handler+0xae>
100041e8:	469c      	mov	ip, r3
100041ea:	f93e 700b 	ldrsh.w	r7, [lr, fp]
100041ee:	2f00      	cmp	r7, #0
100041f0:	db0e      	blt.n	10004210 <alarm_pool_irq_handler+0x134>
100041f2:	f9bc 3000 	ldrsh.w	r3, [ip]
100041f6:	eb03 0343 	add.w	r3, r3, r3, lsl #1
100041fa:	ea4f 0bc3 	mov.w	fp, r3, lsl #3
100041fe:	eb0e 03c3 	add.w	r3, lr, r3, lsl #3
10004202:	6898      	ldr	r0, [r3, #8]
10004204:	68d9      	ldr	r1, [r3, #12]
10004206:	1a10      	subs	r0, r2, r0
10004208:	eb68 0101 	sbc.w	r1, r8, r1
1000420c:	2900      	cmp	r1, #0
1000420e:	daeb      	bge.n	100041e8 <alarm_pool_irq_handler+0x10c>
10004210:	f829 700a 	strh.w	r7, [r9, sl]
10004214:	f8ac 6000 	strh.w	r6, [ip]
10004218:	e0b1      	b.n	1000437e <alarm_pool_irq_handler+0x2a2>
1000421a:	f939 300a 	ldrsh.w	r3, [r9, sl]
1000421e:	8123      	strh	r3, [r4, #8]
10004220:	6923      	ldr	r3, [r4, #16]
10004222:	f3ef 8210 	mrs	r2, PRIMASK
10004226:	b672      	cpsid	i
10004228:	e8d3 0fcf 	ldaexb	r0, [r3]
1000422c:	2101      	movs	r1, #1
1000422e:	2800      	cmp	r0, #0
10004230:	d1fa      	bne.n	10004228 <alarm_pool_irq_handler+0x14c>
10004232:	e8c3 1f40 	strexb	r0, r1, [r3]
10004236:	2800      	cmp	r0, #0
10004238:	d1f6      	bne.n	10004228 <alarm_pool_irq_handler+0x14c>
1000423a:	f3bf 8f5f 	dmb	sy
1000423e:	f9b4 3002 	ldrsh.w	r3, [r4, #2]
10004242:	f829 300a 	strh.w	r3, [r9, sl]
10004246:	8066      	strh	r6, [r4, #2]
10004248:	6921      	ldr	r1, [r4, #16]
1000424a:	2300      	movs	r3, #0
1000424c:	e8c1 3f8f 	stlb	r3, [r1]
10004250:	f382 8810 	msr	PRIMASK, r2
10004254:	e093      	b.n	1000437e <alarm_pool_irq_handler+0x2a2>
10004256:	6923      	ldr	r3, [r4, #16]
10004258:	f3ef 8210 	mrs	r2, PRIMASK
1000425c:	b672      	cpsid	i
1000425e:	e8d3 0fcf 	ldaexb	r0, [r3]
10004262:	2101      	movs	r1, #1
10004264:	2800      	cmp	r0, #0
10004266:	d1fa      	bne.n	1000425e <alarm_pool_irq_handler+0x182>
10004268:	e8c3 1f40 	strexb	r0, r1, [r3]
1000426c:	2800      	cmp	r0, #0
1000426e:	d1f6      	bne.n	1000425e <alarm_pool_irq_handler+0x182>
10004270:	f3bf 8f5f 	dmb	sy
10004274:	f8b4 8004 	ldrh.w	r8, [r4, #4]
10004278:	fa0f f888 	sxth.w	r8, r8
1000427c:	f64f 73ff 	movw	r3, #65535	@ 0xffff
10004280:	80a3      	strh	r3, [r4, #4]
10004282:	6921      	ldr	r1, [r4, #16]
10004284:	2300      	movs	r3, #0
10004286:	e8c1 3f8f 	stlb	r3, [r1]
1000428a:	f382 8810 	msr	PRIMASK, r2
1000428e:	e01a      	b.n	100042c6 <alarm_pool_irq_handler+0x1ea>
10004290:	461f      	mov	r7, r3
10004292:	f930 600a 	ldrsh.w	r6, [r0, sl]
10004296:	2e00      	cmp	r6, #0
10004298:	db0f      	blt.n	100042ba <alarm_pool_irq_handler+0x1de>
1000429a:	f9b7 3000 	ldrsh.w	r3, [r7]
1000429e:	eb03 0343 	add.w	r3, r3, r3, lsl #1
100042a2:	ea4f 0ac3 	mov.w	sl, r3, lsl #3
100042a6:	eb00 03c3 	add.w	r3, r0, r3, lsl #3
100042aa:	6899      	ldr	r1, [r3, #8]
100042ac:	68da      	ldr	r2, [r3, #12]
100042ae:	ebbc 0101 	subs.w	r1, ip, r1
100042b2:	eb6e 0202 	sbc.w	r2, lr, r2
100042b6:	2a00      	cmp	r2, #0
100042b8:	daea      	bge.n	10004290 <alarm_pool_irq_handler+0x1b4>
100042ba:	f8a7 8000 	strh.w	r8, [r7]
100042be:	f930 8009 	ldrsh.w	r8, [r0, r9]
100042c2:	f820 6009 	strh.w	r6, [r0, r9]
100042c6:	f1b8 0f00 	cmp.w	r8, #0
100042ca:	db5d      	blt.n	10004388 <alarm_pool_irq_handler+0x2ac>
100042cc:	6960      	ldr	r0, [r4, #20]
100042ce:	eb08 0348 	add.w	r3, r8, r8, lsl #1
100042d2:	ea4f 09c3 	mov.w	r9, r3, lsl #3
100042d6:	eb00 03c3 	add.w	r3, r0, r3, lsl #3
100042da:	f8d3 c008 	ldr.w	ip, [r3, #8]
100042de:	f8d3 e00c 	ldr.w	lr, [r3, #12]
100042e2:	f104 0708 	add.w	r7, r4, #8
100042e6:	f9b4 6008 	ldrsh.w	r6, [r4, #8]
100042ea:	e7d4      	b.n	10004296 <alarm_pool_irq_handler+0x1ba>
100042ec:	2300      	movs	r3, #0
100042ee:	71a3      	strb	r3, [r4, #6]
100042f0:	f104 0c08 	add.w	ip, r4, #8
100042f4:	f9b4 3008 	ldrsh.w	r3, [r4, #8]
100042f8:	e010      	b.n	1000431c <alarm_pool_irq_handler+0x240>
100042fa:	f04f 38ff 	mov.w	r8, #4294967295
100042fe:	f04f 39ff 	mov.w	r9, #4294967295
10004302:	e9c0 8902 	strd	r8, r9, [r0, #8]
10004306:	f9b4 0008 	ldrsh.w	r0, [r4, #8]
1000430a:	4298      	cmp	r0, r3
1000430c:	d005      	beq.n	1000431a <alarm_pool_irq_handler+0x23e>
1000430e:	f8ac 2000 	strh.w	r2, [ip]
10004312:	f9b4 0008 	ldrsh.w	r0, [r4, #8]
10004316:	53c8      	strh	r0, [r1, r7]
10004318:	8123      	strh	r3, [r4, #8]
1000431a:	4613      	mov	r3, r2
1000431c:	f1b3 3fff 	cmp.w	r3, #4294967295
10004320:	d035      	beq.n	1000438e <alarm_pool_irq_handler+0x2b2>
10004322:	6961      	ldr	r1, [r4, #20]
10004324:	eb03 0243 	add.w	r2, r3, r3, lsl #1
10004328:	00d7      	lsls	r7, r2, #3
1000432a:	eb01 00c2 	add.w	r0, r1, r2, lsl #3
1000432e:	f931 2032 	ldrsh.w	r2, [r1, r2, lsl #3]
10004332:	8846      	ldrh	r6, [r0, #2]
10004334:	f416 4f00 	tst.w	r6, #32768	@ 0x8000
10004338:	d1df      	bne.n	100042fa <alarm_pool_irq_handler+0x21e>
1000433a:	4684      	mov	ip, r0
1000433c:	e7ed      	b.n	1000431a <alarm_pool_irq_handler+0x23e>
1000433e:	bf00      	nop
10004340:	400b8000 	.word	0x400b8000
10004344:	20000fa4 	.word	0x20000fa4
10004348:	1000a470 	.word	0x1000a470
1000434c:	1000acd0 	.word	0x1000acd0
10004350:	1000a49c 	.word	0x1000a49c
10004354:	100040dd 	.word	0x100040dd
10004358:	4628      	mov	r0, r5
1000435a:	f000 fa3b 	bl	100047d4 <timer_time_us_64>
1000435e:	1a3f      	subs	r7, r7, r0
10004360:	eb66 0601 	sbc.w	r6, r6, r1
10004364:	2f01      	cmp	r7, #1
10004366:	f176 0600 	sbcs.w	r6, r6, #0
1000436a:	da28      	bge.n	100043be <alarm_pool_irq_handler+0x2e2>
1000436c:	9a03      	ldr	r2, [sp, #12]
1000436e:	2301      	movs	r3, #1
10004370:	4093      	lsls	r3, r2
10004372:	63eb      	str	r3, [r5, #60]	@ 0x3c
10004374:	f9b4 6008 	ldrsh.w	r6, [r4, #8]
10004378:	2e00      	cmp	r6, #0
1000437a:	f6bf aed0 	bge.w	1000411e <alarm_pool_irq_handler+0x42>
1000437e:	88a3      	ldrh	r3, [r4, #4]
10004380:	f413 4f00 	tst.w	r3, #32768	@ 0x8000
10004384:	f43f af67 	beq.w	10004256 <alarm_pool_irq_handler+0x17a>
10004388:	79a3      	ldrb	r3, [r4, #6]
1000438a:	2b00      	cmp	r3, #0
1000438c:	d1ae      	bne.n	100042ec <alarm_pool_irq_handler+0x210>
1000438e:	f9b4 3008 	ldrsh.w	r3, [r4, #8]
10004392:	2b00      	cmp	r3, #0
10004394:	db13      	blt.n	100043be <alarm_pool_irq_handler+0x2e2>
10004396:	6962      	ldr	r2, [r4, #20]
10004398:	eb03 0343 	add.w	r3, r3, r3, lsl #1
1000439c:	eb02 03c3 	add.w	r3, r2, r3, lsl #3
100043a0:	689f      	ldr	r7, [r3, #8]
100043a2:	68de      	ldr	r6, [r3, #12]
100043a4:	f1b6 3fff 	cmp.w	r6, #4294967295
100043a8:	bf08      	it	eq
100043aa:	f1b7 3fff 	cmpeq.w	r7, #4294967295
100043ae:	d0d3      	beq.n	10004358 <alarm_pool_irq_handler+0x27c>
100043b0:	463a      	mov	r2, r7
100043b2:	4633      	mov	r3, r6
100043b4:	9903      	ldr	r1, [sp, #12]
100043b6:	4628      	mov	r0, r5
100043b8:	f7ff fe78 	bl	100040ac <ta_set_timeout>
100043bc:	e7cc      	b.n	10004358 <alarm_pool_irq_handler+0x27c>
100043be:	bf40      	sev
100043c0:	b005      	add	sp, #20
100043c2:	e8bd 8ff0 	ldmia.w	sp!, {r4, r5, r6, r7, r8, r9, sl, fp, pc}
100043c6:	bf00      	nop

100043c8 <ta_enable_irq_handler>:
100043c8:	b5f8      	push	{r3, r4, r5, r6, r7, lr}
100043ca:	4604      	mov	r4, r0
100043cc:	460d      	mov	r5, r1
100043ce:	4611      	mov	r1, r2
100043d0:	4b0a      	ldr	r3, [pc, #40]	@ (100043fc <ta_enable_irq_handler+0x34>)
100043d2:	4298      	cmp	r0, r3
100043d4:	d010      	beq.n	100043f8 <ta_enable_irq_handler+0x30>
100043d6:	2600      	movs	r6, #0
100043d8:	442e      	add	r6, r5
100043da:	2701      	movs	r7, #1
100043dc:	fa07 f505 	lsl.w	r5, r7, r5
100043e0:	6225      	str	r5, [r4, #32]
100043e2:	4630      	mov	r0, r6
100043e4:	f7ff fb6e 	bl	10003ac4 <irq_set_exclusive_handler>
100043e8:	4639      	mov	r1, r7
100043ea:	4630      	mov	r0, r6
100043ec:	f7ff fb48 	bl	10003a80 <irq_set_enabled>
100043f0:	f504 5401 	add.w	r4, r4, #8256	@ 0x2040
100043f4:	6025      	str	r5, [r4, #0]
100043f6:	bdf8      	pop	{r3, r4, r5, r6, r7, pc}
100043f8:	2604      	movs	r6, #4
100043fa:	e7ed      	b.n	100043d8 <ta_enable_irq_handler+0x10>
100043fc:	400b8000 	.word	0x400b8000

10004400 <alarm_pool_post_alloc_init>:
10004400:	b5f8      	push	{r3, r4, r5, r6, r7, lr}
10004402:	4604      	mov	r4, r0
10004404:	460e      	mov	r6, r1
10004406:	4617      	mov	r7, r2
10004408:	461d      	mov	r5, r3
1000440a:	60c1      	str	r1, [r0, #12]
1000440c:	f7ff f972 	bl	100036f4 <next_striped_spin_lock_num>
10004410:	4b16      	ldr	r3, [pc, #88]	@ (1000446c <alarm_pool_post_alloc_init+0x6c>)
10004412:	4403      	add	r3, r0
10004414:	6123      	str	r3, [r4, #16]
10004416:	7027      	strb	r7, [r4, #0]
10004418:	b2ab      	uxth	r3, r5
1000441a:	8163      	strh	r3, [r4, #10]
1000441c:	f04f 4250 	mov.w	r2, #3489660928	@ 0xd0000000
10004420:	7812      	ldrb	r2, [r2, #0]
10004422:	7062      	strb	r2, [r4, #1]
10004424:	f64f 72ff 	movw	r2, #65535	@ 0xffff
10004428:	8122      	strh	r2, [r4, #8]
1000442a:	80a2      	strh	r2, [r4, #4]
1000442c:	3b01      	subs	r3, #1
1000442e:	8063      	strh	r3, [r4, #2]
10004430:	f04f 0c00 	mov.w	ip, #0
10004434:	e008      	b.n	10004448 <alarm_pool_post_alloc_init+0x48>
10004436:	f10c 30ff 	add.w	r0, ip, #4294967295
1000443a:	eb0c 0e4c 	add.w	lr, ip, ip, lsl #1
1000443e:	6963      	ldr	r3, [r4, #20]
10004440:	f823 003e 	strh.w	r0, [r3, lr, lsl #3]
10004444:	f10c 0c01 	add.w	ip, ip, #1
10004448:	45ac      	cmp	ip, r5
1000444a:	d3f4      	bcc.n	10004436 <alarm_pool_post_alloc_init+0x36>
1000444c:	4b08      	ldr	r3, [pc, #32]	@ (10004470 <alarm_pool_post_alloc_init+0x70>)
1000444e:	429e      	cmp	r6, r3
10004450:	bf14      	ite	ne
10004452:	2300      	movne	r3, #0
10004454:	2301      	moveq	r3, #1
10004456:	eb07 0383 	add.w	r3, r7, r3, lsl #2
1000445a:	4a06      	ldr	r2, [pc, #24]	@ (10004474 <alarm_pool_post_alloc_init+0x74>)
1000445c:	f842 4023 	str.w	r4, [r2, r3, lsl #2]
10004460:	4a05      	ldr	r2, [pc, #20]	@ (10004478 <alarm_pool_post_alloc_init+0x78>)
10004462:	4639      	mov	r1, r7
10004464:	4630      	mov	r0, r6
10004466:	f7ff ffaf 	bl	100043c8 <ta_enable_irq_handler>
1000446a:	bdf8      	pop	{r3, r4, r5, r6, r7, pc}
1000446c:	20000f10 	.word	0x20000f10
10004470:	400b8000 	.word	0x400b8000
10004474:	20000fa4 	.word	0x20000fa4
10004478:	100040dd 	.word	0x100040dd

1000447c <sleep_until_callback>:
1000447c:	b508      	push	{r3, lr}
1000447e:	480b      	ldr	r0, [pc, #44]	@ (100044ac <sleep_until_callback+0x30>)
10004480:	6803      	ldr	r3, [r0, #0]
10004482:	f3ef 8110 	mrs	r1, PRIMASK
10004486:	b672      	cpsid	i
10004488:	e8d3 cfcf 	ldaexb	ip, [r3]
1000448c:	2201      	movs	r2, #1
1000448e:	f1bc 0f00 	cmp.w	ip, #0
10004492:	d1f9      	bne.n	10004488 <sleep_until_callback+0xc>
10004494:	e8c3 2f4c 	strexb	ip, r2, [r3]
10004498:	f1bc 0f00 	cmp.w	ip, #0
1000449c:	d1f4      	bne.n	10004488 <sleep_until_callback+0xc>
1000449e:	f3bf 8f5f 	dmb	sy
100044a2:	f7fc ff0b 	bl	100012bc <vPortLockInternalSpinUnlockWithNotify>
100044a6:	2000      	movs	r0, #0
100044a8:	2100      	movs	r1, #0
100044aa:	bd08      	pop	{r3, pc}
100044ac:	20001270 	.word	0x20001270

100044b0 <alarm_pool_get_default>:
100044b0:	b508      	push	{r3, lr}
100044b2:	4b05      	ldr	r3, [pc, #20]	@ (100044c8 <alarm_pool_get_default+0x18>)
100044b4:	691b      	ldr	r3, [r3, #16]
100044b6:	b10b      	cbz	r3, 100044bc <alarm_pool_get_default+0xc>
100044b8:	4803      	ldr	r0, [pc, #12]	@ (100044c8 <alarm_pool_get_default+0x18>)
100044ba:	bd08      	pop	{r3, pc}
100044bc:	4b03      	ldr	r3, [pc, #12]	@ (100044cc <alarm_pool_get_default+0x1c>)
100044be:	4a04      	ldr	r2, [pc, #16]	@ (100044d0 <alarm_pool_get_default+0x20>)
100044c0:	2165      	movs	r1, #101	@ 0x65
100044c2:	4804      	ldr	r0, [pc, #16]	@ (100044d4 <alarm_pool_get_default+0x24>)
100044c4:	f003 f9b4 	bl	10007830 <__assert_func>
100044c8:	20000acc 	.word	0x20000acc
100044cc:	1000a4dc 	.word	0x1000a4dc
100044d0:	1000acb8 	.word	0x1000acb8
100044d4:	1000a49c 	.word	0x1000a49c

100044d8 <alarm_pool_add_alarm_at_force_in_context>:
100044d8:	b5f8      	push	{r3, r4, r5, r6, r7, lr}
100044da:	4604      	mov	r4, r0
100044dc:	469e      	mov	lr, r3
100044de:	6900      	ldr	r0, [r0, #16]
100044e0:	f3ef 8110 	mrs	r1, PRIMASK
100044e4:	b672      	cpsid	i
100044e6:	e8d0 6fcf 	ldaexb	r6, [r0]
100044ea:	2501      	movs	r5, #1
100044ec:	2e00      	cmp	r6, #0
100044ee:	d1fa      	bne.n	100044e6 <alarm_pool_add_alarm_at_force_in_context+0xe>
100044f0:	e8c0 5f46 	strexb	r6, r5, [r0]
100044f4:	2e00      	cmp	r6, #0
100044f6:	d1f6      	bne.n	100044e6 <alarm_pool_add_alarm_at_force_in_context+0xe>
100044f8:	f3bf 8f5f 	dmb	sy
100044fc:	f9b4 5002 	ldrsh.w	r5, [r4, #2]
10004500:	6966      	ldr	r6, [r4, #20]
10004502:	eb05 0045 	add.w	r0, r5, r5, lsl #1
10004506:	00c7      	lsls	r7, r0, #3
10004508:	eb06 00c0 	add.w	r0, r6, r0, lsl #3
1000450c:	2d00      	cmp	r5, #0
1000450e:	db03      	blt.n	10004518 <alarm_pool_add_alarm_at_force_in_context+0x40>
10004510:	f936 c007 	ldrsh.w	ip, [r6, r7]
10004514:	f8a4 c002 	strh.w	ip, [r4, #2]
10004518:	f04f 0c00 	mov.w	ip, #0
1000451c:	6923      	ldr	r3, [r4, #16]
1000451e:	e8c3 cf8f 	stlb	ip, [r3]
10004522:	f381 8810 	msr	PRIMASK, r1
10004526:	4565      	cmp	r5, ip
10004528:	db33      	blt.n	10004592 <alarm_pool_add_alarm_at_force_in_context+0xba>
1000452a:	9906      	ldr	r1, [sp, #24]
1000452c:	6101      	str	r1, [r0, #16]
1000452e:	9907      	ldr	r1, [sp, #28]
10004530:	6141      	str	r1, [r0, #20]
10004532:	6082      	str	r2, [r0, #8]
10004534:	f8c0 e00c 	str.w	lr, [r0, #12]
10004538:	8841      	ldrh	r1, [r0, #2]
1000453a:	b289      	uxth	r1, r1
1000453c:	3101      	adds	r1, #1
1000453e:	f3c1 010e 	ubfx	r1, r1, #0, #15
10004542:	b901      	cbnz	r1, 10004546 <alarm_pool_add_alarm_at_force_in_context+0x6e>
10004544:	2101      	movs	r1, #1
10004546:	8041      	strh	r1, [r0, #2]
10004548:	4628      	mov	r0, r5
1000454a:	f7ff fdc4 	bl	100040d6 <make_alarm_id>
1000454e:	6923      	ldr	r3, [r4, #16]
10004550:	f3ef 8210 	mrs	r2, PRIMASK
10004554:	b672      	cpsid	i
10004556:	e8d3 cfcf 	ldaexb	ip, [r3]
1000455a:	2101      	movs	r1, #1
1000455c:	f1bc 0f00 	cmp.w	ip, #0
10004560:	d1f9      	bne.n	10004556 <alarm_pool_add_alarm_at_force_in_context+0x7e>
10004562:	e8c3 1f4c 	strexb	ip, r1, [r3]
10004566:	f1bc 0f00 	cmp.w	ip, #0
1000456a:	d1f4      	bne.n	10004556 <alarm_pool_add_alarm_at_force_in_context+0x7e>
1000456c:	f3bf 8f5f 	dmb	sy
10004570:	88a3      	ldrh	r3, [r4, #4]
10004572:	53f3      	strh	r3, [r6, r7]
10004574:	80a5      	strh	r5, [r4, #4]
10004576:	6921      	ldr	r1, [r4, #16]
10004578:	2300      	movs	r3, #0
1000457a:	e8c1 3f8f 	stlb	r3, [r1]
1000457e:	f382 8810 	msr	PRIMASK, r2
10004582:	68e3      	ldr	r3, [r4, #12]
10004584:	7821      	ldrb	r1, [r4, #0]
10004586:	2201      	movs	r2, #1
10004588:	408a      	lsls	r2, r1
1000458a:	f503 5301 	add.w	r3, r3, #8256	@ 0x2040
1000458e:	605a      	str	r2, [r3, #4]
10004590:	bdf8      	pop	{r3, r4, r5, r6, r7, pc}
10004592:	f04f 30ff 	mov.w	r0, #4294967295
10004596:	e7fb      	b.n	10004590 <alarm_pool_add_alarm_at_force_in_context+0xb8>

10004598 <alarm_pool_add_alarm_at>:
10004598:	b570      	push	{r4, r5, r6, lr}
1000459a:	b082      	sub	sp, #8
1000459c:	4606      	mov	r6, r0
1000459e:	4615      	mov	r5, r2
100045a0:	461c      	mov	r4, r3
100045a2:	f89d 3020 	ldrb.w	r3, [sp, #32]
100045a6:	b933      	cbnz	r3, 100045b6 <alarm_pool_add_alarm_at+0x1e>
100045a8:	f000 f93e 	bl	10004828 <time_us_64>
100045ac:	4285      	cmp	r5, r0
100045ae:	eb64 0101 	sbc.w	r1, r4, r1
100045b2:	2900      	cmp	r1, #0
100045b4:	db0a      	blt.n	100045cc <alarm_pool_add_alarm_at+0x34>
100045b6:	9b07      	ldr	r3, [sp, #28]
100045b8:	9301      	str	r3, [sp, #4]
100045ba:	9b06      	ldr	r3, [sp, #24]
100045bc:	9300      	str	r3, [sp, #0]
100045be:	462a      	mov	r2, r5
100045c0:	4623      	mov	r3, r4
100045c2:	4630      	mov	r0, r6
100045c4:	f7ff ff88 	bl	100044d8 <alarm_pool_add_alarm_at_force_in_context>
100045c8:	b002      	add	sp, #8
100045ca:	bd70      	pop	{r4, r5, r6, pc}
100045cc:	2000      	movs	r0, #0
100045ce:	e7fb      	b.n	100045c8 <alarm_pool_add_alarm_at+0x30>

100045d0 <add_alarm_at>:
100045d0:	b5f0      	push	{r4, r5, r6, r7, lr}
100045d2:	b085      	sub	sp, #20
100045d4:	4605      	mov	r5, r0
100045d6:	460c      	mov	r4, r1
100045d8:	4616      	mov	r6, r2
100045da:	461f      	mov	r7, r3
100045dc:	f7ff ff68 	bl	100044b0 <alarm_pool_get_default>
100045e0:	f89d 3028 	ldrb.w	r3, [sp, #40]	@ 0x28
100045e4:	9302      	str	r3, [sp, #8]
100045e6:	9701      	str	r7, [sp, #4]
100045e8:	9600      	str	r6, [sp, #0]
100045ea:	462a      	mov	r2, r5
100045ec:	4623      	mov	r3, r4
100045ee:	f7ff ffd3 	bl	10004598 <alarm_pool_add_alarm_at>
100045f2:	b005      	add	sp, #20
100045f4:	bdf0      	pop	{r4, r5, r6, r7, pc}

100045f6 <alarm_pool_cancel_alarm>:
100045f6:	4603      	mov	r3, r0
100045f8:	8940      	ldrh	r0, [r0, #10]
100045fa:	ebb0 4f21 	cmp.w	r0, r1, asr #16
100045fe:	dd31      	ble.n	10004664 <alarm_pool_cancel_alarm+0x6e>
10004600:	b510      	push	{r4, lr}
10004602:	140a      	asrs	r2, r1, #16
10004604:	6958      	ldr	r0, [r3, #20]
10004606:	eb02 0242 	add.w	r2, r2, r2, lsl #1
1000460a:	eb00 00c2 	add.w	r0, r0, r2, lsl #3
1000460e:	691a      	ldr	r2, [r3, #16]
10004610:	f3ef 8c10 	mrs	ip, PRIMASK
10004614:	b672      	cpsid	i
10004616:	e8d2 4fcf 	ldaexb	r4, [r2]
1000461a:	f05f 0e01 	movs.w	lr, #1
1000461e:	2c00      	cmp	r4, #0
10004620:	d1f9      	bne.n	10004616 <alarm_pool_cancel_alarm+0x20>
10004622:	e8c2 ef44 	strexb	r4, lr, [r2]
10004626:	2c00      	cmp	r4, #0
10004628:	d1f5      	bne.n	10004616 <alarm_pool_cancel_alarm+0x20>
1000462a:	f3bf 8f5f 	dmb	sy
1000462e:	8842      	ldrh	r2, [r0, #2]
10004630:	b292      	uxth	r2, r2
10004632:	b289      	uxth	r1, r1
10004634:	428a      	cmp	r2, r1
10004636:	d00f      	beq.n	10004658 <alarm_pool_cancel_alarm+0x62>
10004638:	2000      	movs	r0, #0
1000463a:	6919      	ldr	r1, [r3, #16]
1000463c:	2200      	movs	r2, #0
1000463e:	e8c1 2f8f 	stlb	r2, [r1]
10004642:	f38c 8810 	msr	PRIMASK, ip
10004646:	b130      	cbz	r0, 10004656 <alarm_pool_cancel_alarm+0x60>
10004648:	68da      	ldr	r2, [r3, #12]
1000464a:	781b      	ldrb	r3, [r3, #0]
1000464c:	2101      	movs	r1, #1
1000464e:	4099      	lsls	r1, r3
10004650:	f502 5301 	add.w	r3, r2, #8256	@ 0x2040
10004654:	6059      	str	r1, [r3, #4]
10004656:	bd10      	pop	{r4, pc}
10004658:	f442 4200 	orr.w	r2, r2, #32768	@ 0x8000
1000465c:	8042      	strh	r2, [r0, #2]
1000465e:	2001      	movs	r0, #1
10004660:	7198      	strb	r0, [r3, #6]
10004662:	e7ea      	b.n	1000463a <alarm_pool_cancel_alarm+0x44>
10004664:	2000      	movs	r0, #0
10004666:	4770      	bx	lr

10004668 <cancel_alarm>:
10004668:	b510      	push	{r4, lr}
1000466a:	4604      	mov	r4, r0
1000466c:	f7ff ff20 	bl	100044b0 <alarm_pool_get_default>
10004670:	4621      	mov	r1, r4
10004672:	f7ff ffc0 	bl	100045f6 <alarm_pool_cancel_alarm>
10004676:	bd10      	pop	{r4, pc}

10004678 <best_effort_wfe_or_timeout>:
10004678:	b5f0      	push	{r4, r5, r6, r7, lr}
1000467a:	b083      	sub	sp, #12
1000467c:	4605      	mov	r5, r0
1000467e:	460c      	mov	r4, r1
10004680:	f3ef 8305 	mrs	r3, IPSR
10004684:	b2db      	uxtb	r3, r3
10004686:	b193      	cbz	r3, 100046ae <best_effort_wfe_or_timeout+0x36>
10004688:	4b38      	ldr	r3, [pc, #224]	@ (1000476c <best_effort_wfe_or_timeout+0xf4>)
1000468a:	6a5b      	ldr	r3, [r3, #36]	@ 0x24
1000468c:	428b      	cmp	r3, r1
1000468e:	d309      	bcc.n	100046a4 <best_effort_wfe_or_timeout+0x2c>
10004690:	4a36      	ldr	r2, [pc, #216]	@ (1000476c <best_effort_wfe_or_timeout+0xf4>)
10004692:	6a92      	ldr	r2, [r2, #40]	@ 0x28
10004694:	4282      	cmp	r2, r0
10004696:	d208      	bcs.n	100046aa <best_effort_wfe_or_timeout+0x32>
10004698:	428b      	cmp	r3, r1
1000469a:	d001      	beq.n	100046a0 <best_effort_wfe_or_timeout+0x28>
1000469c:	2001      	movs	r0, #1
1000469e:	e002      	b.n	100046a6 <best_effort_wfe_or_timeout+0x2e>
100046a0:	2000      	movs	r0, #0
100046a2:	e000      	b.n	100046a6 <best_effort_wfe_or_timeout+0x2e>
100046a4:	2000      	movs	r0, #0
100046a6:	b003      	add	sp, #12
100046a8:	bdf0      	pop	{r4, r5, r6, r7, pc}
100046aa:	2001      	movs	r0, #1
100046ac:	e7fb      	b.n	100046a6 <best_effort_wfe_or_timeout+0x2e>
100046ae:	f7ff feff 	bl	100044b0 <alarm_pool_get_default>
100046b2:	68c7      	ldr	r7, [r0, #12]
100046b4:	7806      	ldrb	r6, [r0, #0]
100046b6:	4638      	mov	r0, r7
100046b8:	f000 f88c 	bl	100047d4 <timer_time_us_64>
100046bc:	1a2a      	subs	r2, r5, r0
100046be:	eb64 0101 	sbc.w	r1, r4, r1
100046c2:	3604      	adds	r6, #4
100046c4:	f857 3026 	ldr.w	r3, [r7, r6, lsl #2]
100046c8:	1a1b      	subs	r3, r3, r0
100046ca:	429a      	cmp	r2, r3
100046cc:	f171 0100 	sbcs.w	r1, r1, #0
100046d0:	db12      	blt.n	100046f8 <best_effort_wfe_or_timeout+0x80>
100046d2:	bf20      	wfe
100046d4:	4b25      	ldr	r3, [pc, #148]	@ (1000476c <best_effort_wfe_or_timeout+0xf4>)
100046d6:	6a5b      	ldr	r3, [r3, #36]	@ 0x24
100046d8:	429c      	cmp	r4, r3
100046da:	d809      	bhi.n	100046f0 <best_effort_wfe_or_timeout+0x78>
100046dc:	4a23      	ldr	r2, [pc, #140]	@ (1000476c <best_effort_wfe_or_timeout+0xf4>)
100046de:	6a92      	ldr	r2, [r2, #40]	@ 0x28
100046e0:	42aa      	cmp	r2, r5
100046e2:	d207      	bcs.n	100046f4 <best_effort_wfe_or_timeout+0x7c>
100046e4:	429c      	cmp	r4, r3
100046e6:	d001      	beq.n	100046ec <best_effort_wfe_or_timeout+0x74>
100046e8:	2001      	movs	r0, #1
100046ea:	e7dc      	b.n	100046a6 <best_effort_wfe_or_timeout+0x2e>
100046ec:	2000      	movs	r0, #0
100046ee:	e7da      	b.n	100046a6 <best_effort_wfe_or_timeout+0x2e>
100046f0:	2000      	movs	r0, #0
100046f2:	e7d8      	b.n	100046a6 <best_effort_wfe_or_timeout+0x2e>
100046f4:	2001      	movs	r0, #1
100046f6:	e7d6      	b.n	100046a6 <best_effort_wfe_or_timeout+0x2e>
100046f8:	2300      	movs	r3, #0
100046fa:	9300      	str	r3, [sp, #0]
100046fc:	4a1c      	ldr	r2, [pc, #112]	@ (10004770 <best_effort_wfe_or_timeout+0xf8>)
100046fe:	4628      	mov	r0, r5
10004700:	4621      	mov	r1, r4
10004702:	f7ff ff65 	bl	100045d0 <add_alarm_at>
10004706:	2800      	cmp	r0, #0
10004708:	dd18      	ble.n	1000473c <best_effort_wfe_or_timeout+0xc4>
1000470a:	4b18      	ldr	r3, [pc, #96]	@ (1000476c <best_effort_wfe_or_timeout+0xf4>)
1000470c:	6a5b      	ldr	r3, [r3, #36]	@ 0x24
1000470e:	429c      	cmp	r4, r3
10004710:	d805      	bhi.n	1000471e <best_effort_wfe_or_timeout+0xa6>
10004712:	4a16      	ldr	r2, [pc, #88]	@ (1000476c <best_effort_wfe_or_timeout+0xf4>)
10004714:	6a92      	ldr	r2, [r2, #40]	@ 0x28
10004716:	42aa      	cmp	r2, r5
10004718:	d202      	bcs.n	10004720 <best_effort_wfe_or_timeout+0xa8>
1000471a:	429c      	cmp	r4, r3
1000471c:	d100      	bne.n	10004720 <best_effort_wfe_or_timeout+0xa8>
1000471e:	bf20      	wfe
10004720:	f7ff ffa2 	bl	10004668 <cancel_alarm>
10004724:	4b11      	ldr	r3, [pc, #68]	@ (1000476c <best_effort_wfe_or_timeout+0xf4>)
10004726:	6a5b      	ldr	r3, [r3, #36]	@ 0x24
10004728:	429c      	cmp	r4, r3
1000472a:	d81b      	bhi.n	10004764 <best_effort_wfe_or_timeout+0xec>
1000472c:	4a0f      	ldr	r2, [pc, #60]	@ (1000476c <best_effort_wfe_or_timeout+0xf4>)
1000472e:	6a92      	ldr	r2, [r2, #40]	@ 0x28
10004730:	42aa      	cmp	r2, r5
10004732:	d219      	bcs.n	10004768 <best_effort_wfe_or_timeout+0xf0>
10004734:	429c      	cmp	r4, r3
10004736:	d013      	beq.n	10004760 <best_effort_wfe_or_timeout+0xe8>
10004738:	2001      	movs	r0, #1
1000473a:	e7b4      	b.n	100046a6 <best_effort_wfe_or_timeout+0x2e>
1000473c:	4b0b      	ldr	r3, [pc, #44]	@ (1000476c <best_effort_wfe_or_timeout+0xf4>)
1000473e:	6a5b      	ldr	r3, [r3, #36]	@ 0x24
10004740:	429c      	cmp	r4, r3
10004742:	d809      	bhi.n	10004758 <best_effort_wfe_or_timeout+0xe0>
10004744:	4a09      	ldr	r2, [pc, #36]	@ (1000476c <best_effort_wfe_or_timeout+0xf4>)
10004746:	6a92      	ldr	r2, [r2, #40]	@ 0x28
10004748:	42aa      	cmp	r2, r5
1000474a:	d207      	bcs.n	1000475c <best_effort_wfe_or_timeout+0xe4>
1000474c:	429c      	cmp	r4, r3
1000474e:	d001      	beq.n	10004754 <best_effort_wfe_or_timeout+0xdc>
10004750:	2001      	movs	r0, #1
10004752:	e7a8      	b.n	100046a6 <best_effort_wfe_or_timeout+0x2e>
10004754:	2000      	movs	r0, #0
10004756:	e7a6      	b.n	100046a6 <best_effort_wfe_or_timeout+0x2e>
10004758:	2000      	movs	r0, #0
1000475a:	e7a4      	b.n	100046a6 <best_effort_wfe_or_timeout+0x2e>
1000475c:	2001      	movs	r0, #1
1000475e:	e7a2      	b.n	100046a6 <best_effort_wfe_or_timeout+0x2e>
10004760:	2000      	movs	r0, #0
10004762:	e7a0      	b.n	100046a6 <best_effort_wfe_or_timeout+0x2e>
10004764:	2000      	movs	r0, #0
10004766:	e79e      	b.n	100046a6 <best_effort_wfe_or_timeout+0x2e>
10004768:	2001      	movs	r0, #1
1000476a:	e79c      	b.n	100046a6 <best_effort_wfe_or_timeout+0x2e>
1000476c:	400b0000 	.word	0x400b0000
10004770:	1000447d 	.word	0x1000447d

10004774 <alarm_pool_get_default_timer>:
10004774:	4800      	ldr	r0, [pc, #0]	@ (10004778 <alarm_pool_get_default_timer+0x4>)
10004776:	4770      	bx	lr
10004778:	400b0000 	.word	0x400b0000

1000477c <runtime_init_default_alarm_pool>:
1000477c:	b510      	push	{r4, lr}
1000477e:	4b0a      	ldr	r3, [pc, #40]	@ (100047a8 <runtime_init_default_alarm_pool+0x2c>)
10004780:	691b      	ldr	r3, [r3, #16]
10004782:	b123      	cbz	r3, 1000478e <runtime_init_default_alarm_pool+0x12>
10004784:	210a      	movs	r1, #10
10004786:	4809      	ldr	r0, [pc, #36]	@ (100047ac <runtime_init_default_alarm_pool+0x30>)
10004788:	f7ff fc34 	bl	10003ff4 <lock_init>
1000478c:	bd10      	pop	{r4, pc}
1000478e:	f7ff fff1 	bl	10004774 <alarm_pool_get_default_timer>
10004792:	4604      	mov	r4, r0
10004794:	2103      	movs	r1, #3
10004796:	f000 f80b 	bl	100047b0 <timer_hardware_alarm_claim>
1000479a:	2310      	movs	r3, #16
1000479c:	2203      	movs	r2, #3
1000479e:	4621      	mov	r1, r4
100047a0:	4801      	ldr	r0, [pc, #4]	@ (100047a8 <runtime_init_default_alarm_pool+0x2c>)
100047a2:	f7ff fe2d 	bl	10004400 <alarm_pool_post_alloc_init>
100047a6:	e7ed      	b.n	10004784 <runtime_init_default_alarm_pool+0x8>
100047a8:	20000acc 	.word	0x20000acc
100047ac:	20001270 	.word	0x20001270

100047b0 <timer_hardware_alarm_claim>:
100047b0:	b510      	push	{r4, lr}
100047b2:	4a05      	ldr	r2, [pc, #20]	@ (100047c8 <timer_hardware_alarm_claim+0x18>)
100047b4:	4c05      	ldr	r4, [pc, #20]	@ (100047cc <timer_hardware_alarm_claim+0x1c>)
100047b6:	4b06      	ldr	r3, [pc, #24]	@ (100047d0 <timer_hardware_alarm_claim+0x20>)
100047b8:	42a0      	cmp	r0, r4
100047ba:	bf14      	ite	ne
100047bc:	4618      	movne	r0, r3
100047be:	1c58      	addeq	r0, r3, #1
100047c0:	f7fe ff7e 	bl	100036c0 <hw_claim_or_assert>
100047c4:	bd10      	pop	{r4, pc}
100047c6:	bf00      	nop
100047c8:	1000a500 	.word	0x1000a500
100047cc:	400b8000 	.word	0x400b8000
100047d0:	20000f40 	.word	0x20000f40

100047d4 <timer_time_us_64>:
100047d4:	4602      	mov	r2, r0
100047d6:	6a43      	ldr	r3, [r0, #36]	@ 0x24
100047d8:	6a90      	ldr	r0, [r2, #40]	@ 0x28
100047da:	4619      	mov	r1, r3
100047dc:	6a53      	ldr	r3, [r2, #36]	@ 0x24
100047de:	4299      	cmp	r1, r3
100047e0:	d1fa      	bne.n	100047d8 <timer_time_us_64+0x4>
100047e2:	4770      	bx	lr

100047e4 <timer_busy_wait_until>:
100047e4:	6a41      	ldr	r1, [r0, #36]	@ 0x24
100047e6:	e000      	b.n	100047ea <timer_busy_wait_until+0x6>
100047e8:	6a41      	ldr	r1, [r0, #36]	@ 0x24
100047ea:	4299      	cmp	r1, r3
100047ec:	d3fc      	bcc.n	100047e8 <timer_busy_wait_until+0x4>
100047ee:	e000      	b.n	100047f2 <timer_busy_wait_until+0xe>
100047f0:	6a41      	ldr	r1, [r0, #36]	@ 0x24
100047f2:	4299      	cmp	r1, r3
100047f4:	d102      	bne.n	100047fc <timer_busy_wait_until+0x18>
100047f6:	6a81      	ldr	r1, [r0, #40]	@ 0x28
100047f8:	4291      	cmp	r1, r2
100047fa:	d3f9      	bcc.n	100047f0 <timer_busy_wait_until+0xc>
100047fc:	4770      	bx	lr

100047fe <timer_busy_wait_us>:
100047fe:	b570      	push	{r4, r5, r6, lr}
10004800:	4606      	mov	r6, r0
10004802:	4614      	mov	r4, r2
10004804:	461d      	mov	r5, r3
10004806:	f7ff ffe5 	bl	100047d4 <timer_time_us_64>
1000480a:	1902      	adds	r2, r0, r4
1000480c:	eb41 0305 	adc.w	r3, r1, r5
10004810:	4282      	cmp	r2, r0
10004812:	eb73 0101 	sbcs.w	r1, r3, r1
10004816:	d202      	bcs.n	1000481e <timer_busy_wait_us+0x20>
10004818:	f04f 32ff 	mov.w	r2, #4294967295
1000481c:	4613      	mov	r3, r2
1000481e:	4630      	mov	r0, r6
10004820:	f7ff ffe0 	bl	100047e4 <timer_busy_wait_until>
10004824:	bd70      	pop	{r4, r5, r6, pc}
	...

10004828 <time_us_64>:
10004828:	b508      	push	{r3, lr}
1000482a:	4802      	ldr	r0, [pc, #8]	@ (10004834 <time_us_64+0xc>)
1000482c:	f7ff ffd2 	bl	100047d4 <timer_time_us_64>
10004830:	bd08      	pop	{r3, pc}
10004832:	bf00      	nop
10004834:	400b0000 	.word	0x400b0000

10004838 <busy_wait_us>:
10004838:	b508      	push	{r3, lr}
1000483a:	4602      	mov	r2, r0
1000483c:	460b      	mov	r3, r1
1000483e:	4802      	ldr	r0, [pc, #8]	@ (10004848 <busy_wait_us+0x10>)
10004840:	f7ff ffdd 	bl	100047fe <timer_busy_wait_us>
10004844:	bd08      	pop	{r3, pc}
10004846:	bf00      	nop
10004848:	400b0000 	.word	0x400b0000

1000484c <pll_init>:
1000484c:	b570      	push	{r4, r5, r6, lr}
1000484e:	9c04      	ldr	r4, [sp, #16]
10004850:	4d34      	ldr	r5, [pc, #208]	@ (10004924 <pll_init+0xd8>)
10004852:	fbb5 fcf1 	udiv	ip, r5, r1
10004856:	4d34      	ldr	r5, [pc, #208]	@ (10004928 <pll_init+0xdc>)
10004858:	4415      	add	r5, r2
1000485a:	4e34      	ldr	r6, [pc, #208]	@ (1000492c <pll_init+0xe0>)
1000485c:	42b5      	cmp	r5, r6
1000485e:	d837      	bhi.n	100048d0 <pll_init+0x84>
10004860:	fbb2 f5fc 	udiv	r5, r2, ip
10004864:	f1a5 0e10 	sub.w	lr, r5, #16
10004868:	f5be 7f98 	cmp.w	lr, #304	@ 0x130
1000486c:	d836      	bhi.n	100048dc <pll_init+0x90>
1000486e:	f103 3eff 	add.w	lr, r3, #4294967295
10004872:	f1be 0f06 	cmp.w	lr, #6
10004876:	d837      	bhi.n	100048e8 <pll_init+0x9c>
10004878:	f104 3eff 	add.w	lr, r4, #4294967295
1000487c:	f1be 0f06 	cmp.w	lr, #6
10004880:	d832      	bhi.n	100048e8 <pll_init+0x9c>
10004882:	ebbc 1f12 	cmp.w	ip, r2, lsr #4
10004886:	d835      	bhi.n	100048f4 <pll_init+0xa8>
10004888:	0324      	lsls	r4, r4, #12
1000488a:	ea44 4403 	orr.w	r4, r4, r3, lsl #16
1000488e:	6803      	ldr	r3, [r0, #0]
10004890:	2b00      	cmp	r3, #0
10004892:	db35      	blt.n	10004900 <pll_init+0xb4>
10004894:	4b26      	ldr	r3, [pc, #152]	@ (10004930 <pll_init+0xe4>)
10004896:	4298      	cmp	r0, r3
10004898:	d042      	beq.n	10004920 <pll_init+0xd4>
1000489a:	230e      	movs	r3, #14
1000489c:	2201      	movs	r2, #1
1000489e:	409a      	lsls	r2, r3
100048a0:	4b24      	ldr	r3, [pc, #144]	@ (10004934 <pll_init+0xe8>)
100048a2:	601a      	str	r2, [r3, #0]
100048a4:	f503 5380 	add.w	r3, r3, #4096	@ 0x1000
100048a8:	601a      	str	r2, [r3, #0]
100048aa:	4b23      	ldr	r3, [pc, #140]	@ (10004938 <pll_init+0xec>)
100048ac:	689b      	ldr	r3, [r3, #8]
100048ae:	ea32 0303 	bics.w	r3, r2, r3
100048b2:	d1fa      	bne.n	100048aa <pll_init+0x5e>
100048b4:	6001      	str	r1, [r0, #0]
100048b6:	6085      	str	r5, [r0, #8]
100048b8:	f500 5240 	add.w	r2, r0, #12288	@ 0x3000
100048bc:	3204      	adds	r2, #4
100048be:	2321      	movs	r3, #33	@ 0x21
100048c0:	6013      	str	r3, [r2, #0]
100048c2:	6803      	ldr	r3, [r0, #0]
100048c4:	2b00      	cmp	r3, #0
100048c6:	dafc      	bge.n	100048c2 <pll_init+0x76>
100048c8:	60c4      	str	r4, [r0, #12]
100048ca:	2308      	movs	r3, #8
100048cc:	6013      	str	r3, [r2, #0]
100048ce:	bd70      	pop	{r4, r5, r6, pc}
100048d0:	4b1a      	ldr	r3, [pc, #104]	@ (1000493c <pll_init+0xf0>)
100048d2:	4a1b      	ldr	r2, [pc, #108]	@ (10004940 <pll_init+0xf4>)
100048d4:	2111      	movs	r1, #17
100048d6:	481b      	ldr	r0, [pc, #108]	@ (10004944 <pll_init+0xf8>)
100048d8:	f002 ffaa 	bl	10007830 <__assert_func>
100048dc:	4b1a      	ldr	r3, [pc, #104]	@ (10004948 <pll_init+0xfc>)
100048de:	4a18      	ldr	r2, [pc, #96]	@ (10004940 <pll_init+0xf4>)
100048e0:	2119      	movs	r1, #25
100048e2:	4818      	ldr	r0, [pc, #96]	@ (10004944 <pll_init+0xf8>)
100048e4:	f002 ffa4 	bl	10007830 <__assert_func>
100048e8:	4b18      	ldr	r3, [pc, #96]	@ (1000494c <pll_init+0x100>)
100048ea:	4a15      	ldr	r2, [pc, #84]	@ (10004940 <pll_init+0xf4>)
100048ec:	211c      	movs	r1, #28
100048ee:	4815      	ldr	r0, [pc, #84]	@ (10004944 <pll_init+0xf8>)
100048f0:	f002 ff9e 	bl	10007830 <__assert_func>
100048f4:	4b16      	ldr	r3, [pc, #88]	@ (10004950 <pll_init+0x104>)
100048f6:	4a12      	ldr	r2, [pc, #72]	@ (10004940 <pll_init+0xf4>)
100048f8:	2123      	movs	r1, #35	@ 0x23
100048fa:	4812      	ldr	r0, [pc, #72]	@ (10004944 <pll_init+0xf8>)
100048fc:	f002 ff98 	bl	10007830 <__assert_func>
10004900:	6803      	ldr	r3, [r0, #0]
10004902:	f003 033f 	and.w	r3, r3, #63	@ 0x3f
10004906:	428b      	cmp	r3, r1
10004908:	d1c4      	bne.n	10004894 <pll_init+0x48>
1000490a:	6883      	ldr	r3, [r0, #8]
1000490c:	f3c3 030b 	ubfx	r3, r3, #0, #12
10004910:	42ab      	cmp	r3, r5
10004912:	d1bf      	bne.n	10004894 <pll_init+0x48>
10004914:	68c3      	ldr	r3, [r0, #12]
10004916:	f403 23ee 	and.w	r3, r3, #487424	@ 0x77000
1000491a:	42a3      	cmp	r3, r4
1000491c:	d1ba      	bne.n	10004894 <pll_init+0x48>
1000491e:	e7d6      	b.n	100048ce <pll_init+0x82>
10004920:	230f      	movs	r3, #15
10004922:	e7bb      	b.n	1000489c <pll_init+0x50>
10004924:	00b71b00 	.word	0x00b71b00
10004928:	d34be880 	.word	0xd34be880
1000492c:	32a9f880 	.word	0x32a9f880
10004930:	40058000 	.word	0x40058000
10004934:	40022000 	.word	0x40022000
10004938:	40020000 	.word	0x40020000
1000493c:	1000a524 	.word	0x1000a524
10004940:	1000ace8 	.word	0x1000ace8
10004944:	1000a574 	.word	0x1000a574
10004948:	1000a5bc 	.word	0x1000a5bc
1000494c:	1000a5d8 	.word	0x1000a5d8
10004950:	1000a624 	.word	0x1000a624

10004954 <tick_start>:
10004954:	4a05      	ldr	r2, [pc, #20]	@ (1000496c <tick_start+0x18>)
10004956:	eb00 0340 	add.w	r3, r0, r0, lsl #1
1000495a:	eb02 0383 	add.w	r3, r2, r3, lsl #2
1000495e:	6059      	str	r1, [r3, #4]
10004960:	eb00 0040 	add.w	r0, r0, r0, lsl #1
10004964:	0080      	lsls	r0, r0, #2
10004966:	2301      	movs	r3, #1
10004968:	5013      	str	r3, [r2, r0]
1000496a:	4770      	bx	lr
1000496c:	40108000 	.word	0x40108000

10004970 <rom_func_lookup>:
10004970:	b508      	push	{r3, lr}
10004972:	2300      	movs	r3, #0
10004974:	8adb      	ldrh	r3, [r3, #22]
10004976:	2200      	movs	r2, #0
10004978:	e842 f200 	tt	r2, r2
1000497c:	f412 0f80 	tst.w	r2, #4194304	@ 0x400000
10004980:	d102      	bne.n	10004988 <rom_func_lookup+0x18>
10004982:	2110      	movs	r1, #16
10004984:	4798      	blx	r3
10004986:	bd08      	pop	{r3, pc}
10004988:	2104      	movs	r1, #4
1000498a:	4798      	blx	r3
1000498c:	e7fb      	b.n	10004986 <rom_func_lookup+0x16>
	...

10004990 <runtime_init_bootrom_locking_enable>:
10004990:	4b03      	ldr	r3, [pc, #12]	@ (100049a0 <runtime_init_bootrom_locking_enable+0x10>)
10004992:	f8d3 3828 	ldr.w	r3, [r3, #2088]	@ 0x828
10004996:	2b00      	cmp	r3, #0
10004998:	d0fa      	beq.n	10004990 <runtime_init_bootrom_locking_enable>
1000499a:	f3bf 8f5f 	dmb	sy
1000499e:	4770      	bx	lr
100049a0:	400e0000 	.word	0x400e0000

100049a4 <boot_locks_reset>:
100049a4:	2200      	movs	r2, #0
100049a6:	e007      	b.n	100049b8 <boot_locks_reset+0x14>
100049a8:	4b05      	ldr	r3, [pc, #20]	@ (100049c0 <boot_locks_reset+0x1c>)
100049aa:	4413      	add	r3, r2
100049ac:	009b      	lsls	r3, r3, #2
100049ae:	f3bf 8f5f 	dmb	sy
100049b2:	2100      	movs	r1, #0
100049b4:	6019      	str	r1, [r3, #0]
100049b6:	3201      	adds	r2, #1
100049b8:	2a07      	cmp	r2, #7
100049ba:	d9f5      	bls.n	100049a8 <boot_locks_reset+0x4>
100049bc:	4770      	bx	lr
100049be:	bf00      	nop
100049c0:	10038203 	.word	0x10038203

100049c4 <runtime_init_boot_locks_reset>:
100049c4:	b508      	push	{r3, lr}
100049c6:	f7ff ffed 	bl	100049a4 <boot_locks_reset>
100049ca:	bd08      	pop	{r3, pc}

100049cc <xosc_init>:
100049cc:	4b07      	ldr	r3, [pc, #28]	@ (100049ec <xosc_init+0x20>)
100049ce:	f44f 622a 	mov.w	r2, #2720	@ 0xaa0
100049d2:	601a      	str	r2, [r3, #0]
100049d4:	f44f 728d 	mov.w	r2, #282	@ 0x11a
100049d8:	60da      	str	r2, [r3, #12]
100049da:	f503 5300 	add.w	r3, r3, #8192	@ 0x2000
100049de:	4a04      	ldr	r2, [pc, #16]	@ (100049f0 <xosc_init+0x24>)
100049e0:	601a      	str	r2, [r3, #0]
100049e2:	4b02      	ldr	r3, [pc, #8]	@ (100049ec <xosc_init+0x20>)
100049e4:	685b      	ldr	r3, [r3, #4]
100049e6:	2b00      	cmp	r3, #0
100049e8:	dafb      	bge.n	100049e2 <xosc_init+0x16>
100049ea:	4770      	bx	lr
100049ec:	40048000 	.word	0x40048000
100049f0:	00fab000 	.word	0x00fab000

100049f4 <exception_is_compile_time_default>:
100049f4:	4b05      	ldr	r3, [pc, #20]	@ (10004a0c <exception_is_compile_time_default+0x18>)
100049f6:	4298      	cmp	r0, r3
100049f8:	d304      	bcc.n	10004a04 <exception_is_compile_time_default+0x10>
100049fa:	4b05      	ldr	r3, [pc, #20]	@ (10004a10 <exception_is_compile_time_default+0x1c>)
100049fc:	4298      	cmp	r0, r3
100049fe:	d303      	bcc.n	10004a08 <exception_is_compile_time_default+0x14>
10004a00:	2000      	movs	r0, #0
10004a02:	4770      	bx	lr
10004a04:	2000      	movs	r0, #0
10004a06:	4770      	bx	lr
10004a08:	2001      	movs	r0, #1
10004a0a:	4770      	bx	lr
10004a0c:	10000110 	.word	0x10000110
10004a10:	10000124 	.word	0x10000124

10004a14 <set_raw_exception_handler_and_restore_interrupts>:
10004a14:	4b04      	ldr	r3, [pc, #16]	@ (10004a28 <set_raw_exception_handler_and_restore_interrupts+0x14>)
10004a16:	689b      	ldr	r3, [r3, #8]
10004a18:	f843 1020 	str.w	r1, [r3, r0, lsl #2]
10004a1c:	f3bf 8f5f 	dmb	sy
10004a20:	f382 8810 	msr	PRIMASK, r2
10004a24:	4770      	bx	lr
10004a26:	bf00      	nop
10004a28:	e000ed00 	.word	0xe000ed00

10004a2c <exception_get_vtable_handler>:
10004a2c:	4b02      	ldr	r3, [pc, #8]	@ (10004a38 <exception_get_vtable_handler+0xc>)
10004a2e:	689b      	ldr	r3, [r3, #8]
10004a30:	f853 0020 	ldr.w	r0, [r3, r0, lsl #2]
10004a34:	4770      	bx	lr
10004a36:	bf00      	nop
10004a38:	e000ed00 	.word	0xe000ed00

10004a3c <exception_set_exclusive_handler>:
10004a3c:	b5f8      	push	{r3, r4, r5, r6, r7, lr}
10004a3e:	4606      	mov	r6, r0
10004a40:	460d      	mov	r5, r1
10004a42:	f3ef 8710 	mrs	r7, PRIMASK
10004a46:	b672      	cpsid	i
10004a48:	f7ff fff0 	bl	10004a2c <exception_get_vtable_handler>
10004a4c:	4604      	mov	r4, r0
10004a4e:	42a8      	cmp	r0, r5
10004a50:	d002      	beq.n	10004a58 <exception_set_exclusive_handler+0x1c>
10004a52:	f7ff ffcf 	bl	100049f4 <exception_is_compile_time_default>
10004a56:	b130      	cbz	r0, 10004a66 <exception_set_exclusive_handler+0x2a>
10004a58:	463a      	mov	r2, r7
10004a5a:	4629      	mov	r1, r5
10004a5c:	4630      	mov	r0, r6
10004a5e:	f7ff ffd9 	bl	10004a14 <set_raw_exception_handler_and_restore_interrupts>
10004a62:	4620      	mov	r0, r4
10004a64:	bdf8      	pop	{r3, r4, r5, r6, r7, pc}
10004a66:	4b03      	ldr	r3, [pc, #12]	@ (10004a74 <exception_set_exclusive_handler+0x38>)
10004a68:	4a03      	ldr	r2, [pc, #12]	@ (10004a78 <exception_set_exclusive_handler+0x3c>)
10004a6a:	2139      	movs	r1, #57	@ 0x39
10004a6c:	4803      	ldr	r0, [pc, #12]	@ (10004a7c <exception_set_exclusive_handler+0x40>)
10004a6e:	f002 fedf 	bl	10007830 <__assert_func>
10004a72:	bf00      	nop
10004a74:	1000a640 	.word	0x1000a640
10004a78:	1000acf4 	.word	0x1000acf4
10004a7c:	1000a684 	.word	0x1000a684

10004a80 <multicore_doorbell_claim_under_lock>:
10004a80:	b570      	push	{r4, r5, r6, lr}
10004a82:	4603      	mov	r3, r0
10004a84:	4610      	mov	r0, r2
10004a86:	08dd      	lsrs	r5, r3, #3
10004a88:	4e1b      	ldr	r6, [pc, #108]	@ (10004af8 <multicore_doorbell_claim_under_lock+0x78>)
10004a8a:	5d74      	ldrb	r4, [r6, r5]
10004a8c:	f003 0e07 	and.w	lr, r3, #7
10004a90:	2201      	movs	r2, #1
10004a92:	fa02 fe0e 	lsl.w	lr, r2, lr
10004a96:	ea04 040e 	and.w	r4, r4, lr
10004a9a:	eb03 0c02 	add.w	ip, r3, r2
10004a9e:	ea4f 03dc 	mov.w	r3, ip, lsr #3
10004aa2:	4416      	add	r6, r2
10004aa4:	5cf3      	ldrb	r3, [r6, r3]
10004aa6:	f00c 0c07 	and.w	ip, ip, #7
10004aaa:	fa02 f20c 	lsl.w	r2, r2, ip
10004aae:	4013      	ands	r3, r2
10004ab0:	3b00      	subs	r3, #0
10004ab2:	bf18      	it	ne
10004ab4:	2301      	movne	r3, #1
10004ab6:	005b      	lsls	r3, r3, #1
10004ab8:	2c00      	cmp	r4, #0
10004aba:	bf18      	it	ne
10004abc:	f043 0301 	orrne.w	r3, r3, #1
10004ac0:	ea13 0201 	ands.w	r2, r3, r1
10004ac4:	d007      	beq.n	10004ad6 <multicore_doorbell_claim_under_lock+0x56>
10004ac6:	b900      	cbnz	r0, 10004aca <multicore_doorbell_claim_under_lock+0x4a>
10004ac8:	bd70      	pop	{r4, r5, r6, pc}
10004aca:	460a      	mov	r2, r1
10004acc:	4619      	mov	r1, r3
10004ace:	480b      	ldr	r0, [pc, #44]	@ (10004afc <multicore_doorbell_claim_under_lock+0x7c>)
10004ad0:	f7fc f810 	bl	10000af4 <panic>
10004ad4:	3201      	adds	r2, #1
10004ad6:	2a01      	cmp	r2, #1
10004ad8:	d80b      	bhi.n	10004af2 <multicore_doorbell_claim_under_lock+0x72>
10004ada:	2301      	movs	r3, #1
10004adc:	4093      	lsls	r3, r2
10004ade:	420b      	tst	r3, r1
10004ae0:	d0f8      	beq.n	10004ad4 <multicore_doorbell_claim_under_lock+0x54>
10004ae2:	4b05      	ldr	r3, [pc, #20]	@ (10004af8 <multicore_doorbell_claim_under_lock+0x78>)
10004ae4:	4413      	add	r3, r2
10004ae6:	5d58      	ldrb	r0, [r3, r5]
10004ae8:	fa5f f48e 	uxtb.w	r4, lr
10004aec:	4320      	orrs	r0, r4
10004aee:	5558      	strb	r0, [r3, r5]
10004af0:	e7f0      	b.n	10004ad4 <multicore_doorbell_claim_under_lock+0x54>
10004af2:	2001      	movs	r0, #1
10004af4:	e7e8      	b.n	10004ac8 <multicore_doorbell_claim_under_lock+0x48>
10004af6:	bf00      	nop
10004af8:	20000f6c 	.word	0x20000f6c
10004afc:	1000a6d8 	.word	0x1000a6d8

10004b00 <multicore_doorbell_claim_unused>:
10004b00:	b5f8      	push	{r3, r4, r5, r6, r7, lr}
10004b02:	4605      	mov	r5, r0
10004b04:	460e      	mov	r6, r1
10004b06:	f7fe fdbf 	bl	10003688 <hw_claim_lock>
10004b0a:	4607      	mov	r7, r0
10004b0c:	2407      	movs	r4, #7
10004b0e:	2c00      	cmp	r4, #0
10004b10:	db07      	blt.n	10004b22 <multicore_doorbell_claim_unused+0x22>
10004b12:	2200      	movs	r2, #0
10004b14:	4629      	mov	r1, r5
10004b16:	4620      	mov	r0, r4
10004b18:	f7ff ffb2 	bl	10004a80 <multicore_doorbell_claim_under_lock>
10004b1c:	b918      	cbnz	r0, 10004b26 <multicore_doorbell_claim_unused+0x26>
10004b1e:	3c01      	subs	r4, #1
10004b20:	e7f5      	b.n	10004b0e <multicore_doorbell_claim_unused+0xe>
10004b22:	f06f 0408 	mvn.w	r4, #8
10004b26:	b10e      	cbz	r6, 10004b2c <multicore_doorbell_claim_unused+0x2c>
10004b28:	2c00      	cmp	r4, #0
10004b2a:	db04      	blt.n	10004b36 <multicore_doorbell_claim_unused+0x36>
10004b2c:	4638      	mov	r0, r7
10004b2e:	f7fe fdbd 	bl	100036ac <hw_claim_unlock>
10004b32:	4620      	mov	r0, r4
10004b34:	bdf8      	pop	{r3, r4, r5, r6, r7, pc}
10004b36:	4801      	ldr	r0, [pc, #4]	@ (10004b3c <multicore_doorbell_claim_unused+0x3c>)
10004b38:	f7fb ffdc 	bl	10000af4 <panic>
10004b3c:	1000a72c 	.word	0x1000a72c

10004b40 <i2c_unreset>:
10004b40:	4b07      	ldr	r3, [pc, #28]	@ (10004b60 <i2c_unreset+0x20>)
10004b42:	4283      	cmp	r3, r0
10004b44:	d00a      	beq.n	10004b5c <i2c_unreset+0x1c>
10004b46:	2305      	movs	r3, #5
10004b48:	2201      	movs	r2, #1
10004b4a:	409a      	lsls	r2, r3
10004b4c:	4b05      	ldr	r3, [pc, #20]	@ (10004b64 <i2c_unreset+0x24>)
10004b4e:	601a      	str	r2, [r3, #0]
10004b50:	4b05      	ldr	r3, [pc, #20]	@ (10004b68 <i2c_unreset+0x28>)
10004b52:	689b      	ldr	r3, [r3, #8]
10004b54:	ea32 0303 	bics.w	r3, r2, r3
10004b58:	d1fa      	bne.n	10004b50 <i2c_unreset+0x10>
10004b5a:	4770      	bx	lr
10004b5c:	2304      	movs	r3, #4
10004b5e:	e7f3      	b.n	10004b48 <i2c_unreset+0x8>
10004b60:	20000ae4 	.word	0x20000ae4
10004b64:	40023000 	.word	0x40023000
10004b68:	40020000 	.word	0x40020000

10004b6c <i2c_write_blocking_internal>:
10004b6c:	e92d 4ff0 	stmdb	sp!, {r4, r5, r6, r7, r8, r9, sl, fp, lr}
10004b70:	b085      	sub	sp, #20
10004b72:	4607      	mov	r7, r0
10004b74:	4692      	mov	sl, r2
10004b76:	9301      	str	r3, [sp, #4]
10004b78:	f89d 2038 	ldrb.w	r2, [sp, #56]	@ 0x38
10004b7c:	9e0f      	ldr	r6, [sp, #60]	@ 0x3c
10004b7e:	f8dd 8040 	ldr.w	r8, [sp, #64]	@ 0x40
10004b82:	6803      	ldr	r3, [r0, #0]
10004b84:	2500      	movs	r5, #0
10004b86:	66dd      	str	r5, [r3, #108]	@ 0x6c
10004b88:	6803      	ldr	r3, [r0, #0]
10004b8a:	6059      	str	r1, [r3, #4]
10004b8c:	6803      	ldr	r3, [r0, #0]
10004b8e:	2101      	movs	r1, #1
10004b90:	66d9      	str	r1, [r3, #108]	@ 0x6c
10004b92:	46a9      	mov	r9, r5
10004b94:	9502      	str	r5, [sp, #8]
10004b96:	462c      	mov	r4, r5
10004b98:	9203      	str	r2, [sp, #12]
10004b9a:	e027      	b.n	10004bec <i2c_write_blocking_internal+0x80>
10004b9c:	793b      	ldrb	r3, [r7, #4]
10004b9e:	2b00      	cmp	r3, #0
10004ba0:	d032      	beq.n	10004c08 <i2c_write_blocking_internal+0x9c>
10004ba2:	2301      	movs	r3, #1
10004ba4:	e030      	b.n	10004c08 <i2c_write_blocking_internal+0x9c>
10004ba6:	9a03      	ldr	r2, [sp, #12]
10004ba8:	b10a      	cbz	r2, 10004bae <i2c_write_blocking_internal+0x42>
10004baa:	2200      	movs	r2, #0
10004bac:	e030      	b.n	10004c10 <i2c_write_blocking_internal+0xa4>
10004bae:	2201      	movs	r2, #1
10004bb0:	e02e      	b.n	10004c10 <i2c_write_blocking_internal+0xa4>
10004bb2:	b960      	cbnz	r0, 10004bce <i2c_write_blocking_internal+0x62>
10004bb4:	683b      	ldr	r3, [r7, #0]
10004bb6:	6b5b      	ldr	r3, [r3, #52]	@ 0x34
10004bb8:	f013 0f10 	tst.w	r3, #16
10004bbc:	d107      	bne.n	10004bce <i2c_write_blocking_internal+0x62>
10004bbe:	2e00      	cmp	r6, #0
10004bc0:	d0f7      	beq.n	10004bb2 <i2c_write_blocking_internal+0x46>
10004bc2:	2100      	movs	r1, #0
10004bc4:	4640      	mov	r0, r8
10004bc6:	47b0      	blx	r6
10004bc8:	4305      	orrs	r5, r0
10004bca:	b2ed      	uxtb	r5, r5
10004bcc:	e7f1      	b.n	10004bb2 <i2c_write_blocking_internal+0x46>
10004bce:	4604      	mov	r4, r0
10004bd0:	b940      	cbnz	r0, 10004be4 <i2c_write_blocking_internal+0x78>
10004bd2:	683b      	ldr	r3, [r7, #0]
10004bd4:	f8d3 2080 	ldr.w	r2, [r3, #128]	@ 0x80
10004bd8:	9202      	str	r2, [sp, #8]
10004bda:	bb12      	cbnz	r2, 10004c22 <i2c_write_blocking_internal+0xb6>
10004bdc:	2d00      	cmp	r5, #0
10004bde:	d132      	bne.n	10004c46 <i2c_write_blocking_internal+0xda>
10004be0:	45cb      	cmp	fp, r9
10004be2:	d021      	beq.n	10004c28 <i2c_write_blocking_internal+0xbc>
10004be4:	2d00      	cmp	r5, #0
10004be6:	d137      	bne.n	10004c58 <i2c_write_blocking_internal+0xec>
10004be8:	f109 0901 	add.w	r9, r9, #1
10004bec:	9b01      	ldr	r3, [sp, #4]
10004bee:	4599      	cmp	r9, r3
10004bf0:	da32      	bge.n	10004c58 <i2c_write_blocking_internal+0xec>
10004bf2:	9b01      	ldr	r3, [sp, #4]
10004bf4:	f103 3bff 	add.w	fp, r3, #4294967295
10004bf8:	b116      	cbz	r6, 10004c00 <i2c_write_blocking_internal+0x94>
10004bfa:	2101      	movs	r1, #1
10004bfc:	4640      	mov	r0, r8
10004bfe:	47b0      	blx	r6
10004c00:	f1b9 0f00 	cmp.w	r9, #0
10004c04:	d0ca      	beq.n	10004b9c <i2c_write_blocking_internal+0x30>
10004c06:	2300      	movs	r3, #0
10004c08:	029b      	lsls	r3, r3, #10
10004c0a:	45cb      	cmp	fp, r9
10004c0c:	d0cb      	beq.n	10004ba6 <i2c_write_blocking_internal+0x3a>
10004c0e:	2200      	movs	r2, #0
10004c10:	ea43 2342 	orr.w	r3, r3, r2, lsl #9
10004c14:	f81a 1b01 	ldrb.w	r1, [sl], #1
10004c18:	683a      	ldr	r2, [r7, #0]
10004c1a:	430b      	orrs	r3, r1
10004c1c:	6113      	str	r3, [r2, #16]
10004c1e:	4620      	mov	r0, r4
10004c20:	e7cd      	b.n	10004bbe <i2c_write_blocking_internal+0x52>
10004c22:	6d5b      	ldr	r3, [r3, #84]	@ 0x54
10004c24:	2501      	movs	r5, #1
10004c26:	e00e      	b.n	10004c46 <i2c_write_blocking_internal+0xda>
10004c28:	9b03      	ldr	r3, [sp, #12]
10004c2a:	2b00      	cmp	r3, #0
10004c2c:	d1da      	bne.n	10004be4 <i2c_write_blocking_internal+0x78>
10004c2e:	e00a      	b.n	10004c46 <i2c_write_blocking_internal+0xda>
10004c30:	2100      	movs	r1, #0
10004c32:	4640      	mov	r0, r8
10004c34:	47b0      	blx	r6
10004c36:	4305      	orrs	r5, r0
10004c38:	b2ed      	uxtb	r5, r5
10004c3a:	b938      	cbnz	r0, 10004c4c <i2c_write_blocking_internal+0xe0>
10004c3c:	683b      	ldr	r3, [r7, #0]
10004c3e:	6b5b      	ldr	r3, [r3, #52]	@ 0x34
10004c40:	f413 7f00 	tst.w	r3, #512	@ 0x200
10004c44:	d102      	bne.n	10004c4c <i2c_write_blocking_internal+0xe0>
10004c46:	2e00      	cmp	r6, #0
10004c48:	d1f2      	bne.n	10004c30 <i2c_write_blocking_internal+0xc4>
10004c4a:	e7f6      	b.n	10004c3a <i2c_write_blocking_internal+0xce>
10004c4c:	4604      	mov	r4, r0
10004c4e:	2800      	cmp	r0, #0
10004c50:	d1c8      	bne.n	10004be4 <i2c_write_blocking_internal+0x78>
10004c52:	683b      	ldr	r3, [r7, #0]
10004c54:	6e1b      	ldr	r3, [r3, #96]	@ 0x60
10004c56:	e7c5      	b.n	10004be4 <i2c_write_blocking_internal+0x78>
10004c58:	9a03      	ldr	r2, [sp, #12]
10004c5a:	b145      	cbz	r5, 10004c6e <i2c_write_blocking_internal+0x102>
10004c5c:	b964      	cbnz	r4, 10004c78 <i2c_write_blocking_internal+0x10c>
10004c5e:	9b02      	ldr	r3, [sp, #8]
10004c60:	b16b      	cbz	r3, 10004c7e <i2c_write_blocking_internal+0x112>
10004c62:	f013 0f01 	tst.w	r3, #1
10004c66:	d10d      	bne.n	10004c84 <i2c_write_blocking_internal+0x118>
10004c68:	f013 0f08 	tst.w	r3, #8
10004c6c:	d00d      	beq.n	10004c8a <i2c_write_blocking_internal+0x11e>
10004c6e:	713a      	strb	r2, [r7, #4]
10004c70:	4648      	mov	r0, r9
10004c72:	b005      	add	sp, #20
10004c74:	e8bd 8ff0 	ldmia.w	sp!, {r4, r5, r6, r7, r8, r9, sl, fp, pc}
10004c78:	f06f 0901 	mvn.w	r9, #1
10004c7c:	e7f7      	b.n	10004c6e <i2c_write_blocking_internal+0x102>
10004c7e:	f04f 39ff 	mov.w	r9, #4294967295
10004c82:	e7f4      	b.n	10004c6e <i2c_write_blocking_internal+0x102>
10004c84:	f04f 39ff 	mov.w	r9, #4294967295
10004c88:	e7f1      	b.n	10004c6e <i2c_write_blocking_internal+0x102>
10004c8a:	f04f 39ff 	mov.w	r9, #4294967295
10004c8e:	e7ee      	b.n	10004c6e <i2c_write_blocking_internal+0x102>

10004c90 <i2c_read_blocking_internal>:
10004c90:	e92d 4ff0 	stmdb	sp!, {r4, r5, r6, r7, r8, r9, sl, fp, lr}
10004c94:	b083      	sub	sp, #12
10004c96:	4605      	mov	r5, r0
10004c98:	9200      	str	r2, [sp, #0]
10004c9a:	469a      	mov	sl, r3
10004c9c:	f89d 3030 	ldrb.w	r3, [sp, #48]	@ 0x30
10004ca0:	9301      	str	r3, [sp, #4]
10004ca2:	9f0d      	ldr	r7, [sp, #52]	@ 0x34
10004ca4:	f8dd 8038 	ldr.w	r8, [sp, #56]	@ 0x38
10004ca8:	6803      	ldr	r3, [r0, #0]
10004caa:	2400      	movs	r4, #0
10004cac:	66dc      	str	r4, [r3, #108]	@ 0x6c
10004cae:	6803      	ldr	r3, [r0, #0]
10004cb0:	6059      	str	r1, [r3, #4]
10004cb2:	6803      	ldr	r3, [r0, #0]
10004cb4:	2201      	movs	r2, #1
10004cb6:	66da      	str	r2, [r3, #108]	@ 0x6c
10004cb8:	46a1      	mov	r9, r4
10004cba:	4626      	mov	r6, r4
10004cbc:	45d1      	cmp	r9, sl
10004cbe:	da3f      	bge.n	10004d40 <i2c_read_blocking_internal+0xb0>
10004cc0:	f10a 3bff 	add.w	fp, sl, #4294967295
10004cc4:	b117      	cbz	r7, 10004ccc <i2c_read_blocking_internal+0x3c>
10004cc6:	2101      	movs	r1, #1
10004cc8:	4640      	mov	r0, r8
10004cca:	47b8      	blx	r7
10004ccc:	682b      	ldr	r3, [r5, #0]
10004cce:	6f5a      	ldr	r2, [r3, #116]	@ 0x74
10004cd0:	2a10      	cmp	r2, #16
10004cd2:	d0fb      	beq.n	10004ccc <i2c_read_blocking_internal+0x3c>
10004cd4:	f1b9 0f00 	cmp.w	r9, #0
10004cd8:	d00a      	beq.n	10004cf0 <i2c_read_blocking_internal+0x60>
10004cda:	2200      	movs	r2, #0
10004cdc:	0292      	lsls	r2, r2, #10
10004cde:	45cb      	cmp	fp, r9
10004ce0:	d00b      	beq.n	10004cfa <i2c_read_blocking_internal+0x6a>
10004ce2:	2100      	movs	r1, #0
10004ce4:	ea42 2241 	orr.w	r2, r2, r1, lsl #9
10004ce8:	f442 7280 	orr.w	r2, r2, #256	@ 0x100
10004cec:	611a      	str	r2, [r3, #16]
10004cee:	e015      	b.n	10004d1c <i2c_read_blocking_internal+0x8c>
10004cf0:	792a      	ldrb	r2, [r5, #4]
10004cf2:	2a00      	cmp	r2, #0
10004cf4:	d0f2      	beq.n	10004cdc <i2c_read_blocking_internal+0x4c>
10004cf6:	2201      	movs	r2, #1
10004cf8:	e7f0      	b.n	10004cdc <i2c_read_blocking_internal+0x4c>
10004cfa:	9901      	ldr	r1, [sp, #4]
10004cfc:	b109      	cbz	r1, 10004d02 <i2c_read_blocking_internal+0x72>
10004cfe:	2100      	movs	r1, #0
10004d00:	e7f0      	b.n	10004ce4 <i2c_read_blocking_internal+0x54>
10004d02:	2101      	movs	r1, #1
10004d04:	e7ee      	b.n	10004ce4 <i2c_read_blocking_internal+0x54>
10004d06:	b12f      	cbz	r7, 10004d14 <i2c_read_blocking_internal+0x84>
10004d08:	2100      	movs	r1, #0
10004d0a:	4640      	mov	r0, r8
10004d0c:	47b8      	blx	r7
10004d0e:	4606      	mov	r6, r0
10004d10:	4304      	orrs	r4, r0
10004d12:	b2e4      	uxtb	r4, r4
10004d14:	b9a4      	cbnz	r4, 10004d40 <i2c_read_blocking_internal+0xb0>
10004d16:	682b      	ldr	r3, [r5, #0]
10004d18:	6f9a      	ldr	r2, [r3, #120]	@ 0x78
10004d1a:	b94a      	cbnz	r2, 10004d30 <i2c_read_blocking_internal+0xa0>
10004d1c:	682b      	ldr	r3, [r5, #0]
10004d1e:	f8d3 2080 	ldr.w	r2, [r3, #128]	@ 0x80
10004d22:	6b5a      	ldr	r2, [r3, #52]	@ 0x34
10004d24:	f012 0f40 	tst.w	r2, #64	@ 0x40
10004d28:	d0ed      	beq.n	10004d06 <i2c_read_blocking_internal+0x76>
10004d2a:	6d5b      	ldr	r3, [r3, #84]	@ 0x54
10004d2c:	2401      	movs	r4, #1
10004d2e:	e7ea      	b.n	10004d06 <i2c_read_blocking_internal+0x76>
10004d30:	691a      	ldr	r2, [r3, #16]
10004d32:	9b00      	ldr	r3, [sp, #0]
10004d34:	f803 2b01 	strb.w	r2, [r3], #1
10004d38:	f109 0901 	add.w	r9, r9, #1
10004d3c:	9300      	str	r3, [sp, #0]
10004d3e:	e7bd      	b.n	10004cbc <i2c_read_blocking_internal+0x2c>
10004d40:	b114      	cbz	r4, 10004d48 <i2c_read_blocking_internal+0xb8>
10004d42:	b13e      	cbz	r6, 10004d54 <i2c_read_blocking_internal+0xc4>
10004d44:	f06f 0901 	mvn.w	r9, #1
10004d48:	9b01      	ldr	r3, [sp, #4]
10004d4a:	712b      	strb	r3, [r5, #4]
10004d4c:	4648      	mov	r0, r9
10004d4e:	b003      	add	sp, #12
10004d50:	e8bd 8ff0 	ldmia.w	sp!, {r4, r5, r6, r7, r8, r9, sl, fp, pc}
10004d54:	f04f 39ff 	mov.w	r9, #4294967295
10004d58:	e7f6      	b.n	10004d48 <i2c_read_blocking_internal+0xb8>
	...

10004d5c <i2c_set_baudrate>:
10004d5c:	b5f8      	push	{r3, r4, r5, r6, r7, lr}
10004d5e:	4604      	mov	r4, r0
10004d60:	460d      	mov	r5, r1
10004d62:	2005      	movs	r0, #5
10004d64:	f7fe fc8a 	bl	1000367c <clock_get_hz>
10004d68:	eb00 0255 	add.w	r2, r0, r5, lsr #1
10004d6c:	fbb2 f2f5 	udiv	r2, r2, r5
10004d70:	eb02 0c42 	add.w	ip, r2, r2, lsl #1
10004d74:	4b24      	ldr	r3, [pc, #144]	@ (10004e08 <i2c_set_baudrate+0xac>)
10004d76:	fba3 130c 	umull	r1, r3, r3, ip
10004d7a:	089f      	lsrs	r7, r3, #2
10004d7c:	eba2 0693 	sub.w	r6, r2, r3, lsr #2
10004d80:	4b22      	ldr	r3, [pc, #136]	@ (10004e0c <i2c_set_baudrate+0xb0>)
10004d82:	429d      	cmp	r5, r3
10004d84:	d830      	bhi.n	10004de8 <i2c_set_baudrate+0x8c>
10004d86:	eb00 0340 	add.w	r3, r0, r0, lsl #1
10004d8a:	4921      	ldr	r1, [pc, #132]	@ (10004e10 <i2c_set_baudrate+0xb4>)
10004d8c:	fba1 1303 	umull	r1, r3, r1, r3
10004d90:	0d9b      	lsrs	r3, r3, #22
10004d92:	3301      	adds	r3, #1
10004d94:	1eb9      	subs	r1, r7, #2
10004d96:	4299      	cmp	r1, r3
10004d98:	d32e      	bcc.n	10004df8 <i2c_set_baudrate+0x9c>
10004d9a:	6821      	ldr	r1, [r4, #0]
10004d9c:	2500      	movs	r5, #0
10004d9e:	66cd      	str	r5, [r1, #108]	@ 0x6c
10004da0:	6821      	ldr	r1, [r4, #0]
10004da2:	680d      	ldr	r5, [r1, #0]
10004da4:	f085 0504 	eor.w	r5, r5, #4
10004da8:	f005 0506 	and.w	r5, r5, #6
10004dac:	f501 5180 	add.w	r1, r1, #4096	@ 0x1000
10004db0:	600d      	str	r5, [r1, #0]
10004db2:	6821      	ldr	r1, [r4, #0]
10004db4:	61ce      	str	r6, [r1, #28]
10004db6:	6821      	ldr	r1, [r4, #0]
10004db8:	620f      	str	r7, [r1, #32]
10004dba:	f1bc 0f4f 	cmp.w	ip, #79	@ 0x4f
10004dbe:	d921      	bls.n	10004e04 <i2c_set_baudrate+0xa8>
10004dc0:	4911      	ldr	r1, [pc, #68]	@ (10004e08 <i2c_set_baudrate+0xac>)
10004dc2:	fba1 510c 	umull	r5, r1, r1, ip
10004dc6:	0989      	lsrs	r1, r1, #6
10004dc8:	6825      	ldr	r5, [r4, #0]
10004dca:	f8c5 10a0 	str.w	r1, [r5, #160]	@ 0xa0
10004dce:	6821      	ldr	r1, [r4, #0]
10004dd0:	6fcd      	ldr	r5, [r1, #124]	@ 0x7c
10004dd2:	406b      	eors	r3, r5
10004dd4:	b29b      	uxth	r3, r3
10004dd6:	f501 5183 	add.w	r1, r1, #4192	@ 0x1060
10004dda:	61cb      	str	r3, [r1, #28]
10004ddc:	6823      	ldr	r3, [r4, #0]
10004dde:	2101      	movs	r1, #1
10004de0:	66d9      	str	r1, [r3, #108]	@ 0x6c
10004de2:	fbb0 f0f2 	udiv	r0, r0, r2
10004de6:	bdf8      	pop	{r3, r4, r5, r6, r7, pc}
10004de8:	eb00 0340 	add.w	r3, r0, r0, lsl #1
10004dec:	4909      	ldr	r1, [pc, #36]	@ (10004e14 <i2c_set_baudrate+0xb8>)
10004dee:	fba1 1303 	umull	r1, r3, r1, r3
10004df2:	0ddb      	lsrs	r3, r3, #23
10004df4:	3301      	adds	r3, #1
10004df6:	e7cd      	b.n	10004d94 <i2c_set_baudrate+0x38>
10004df8:	4b07      	ldr	r3, [pc, #28]	@ (10004e18 <i2c_set_baudrate+0xbc>)
10004dfa:	4a08      	ldr	r2, [pc, #32]	@ (10004e1c <i2c_set_baudrate+0xc0>)
10004dfc:	215d      	movs	r1, #93	@ 0x5d
10004dfe:	4808      	ldr	r0, [pc, #32]	@ (10004e20 <i2c_set_baudrate+0xc4>)
10004e00:	f002 fd16 	bl	10007830 <__assert_func>
10004e04:	2101      	movs	r1, #1
10004e06:	e7df      	b.n	10004dc8 <i2c_set_baudrate+0x6c>
10004e08:	cccccccd 	.word	0xcccccccd
10004e0c:	000f423f 	.word	0x000f423f
10004e10:	6b5fca6b 	.word	0x6b5fca6b
10004e14:	55e63b89 	.word	0x55e63b89
10004e18:	1000a740 	.word	0x1000a740
10004e1c:	1000ad14 	.word	0x1000ad14
10004e20:	1000a760 	.word	0x1000a760

10004e24 <i2c_init>:
10004e24:	b538      	push	{r3, r4, r5, lr}
10004e26:	4604      	mov	r4, r0
10004e28:	460d      	mov	r5, r1
10004e2a:	4b11      	ldr	r3, [pc, #68]	@ (10004e70 <i2c_init+0x4c>)
10004e2c:	4298      	cmp	r0, r3
10004e2e:	d01c      	beq.n	10004e6a <i2c_init+0x46>
10004e30:	2205      	movs	r2, #5
10004e32:	2301      	movs	r3, #1
10004e34:	4093      	lsls	r3, r2
10004e36:	4a0f      	ldr	r2, [pc, #60]	@ (10004e74 <i2c_init+0x50>)
10004e38:	6013      	str	r3, [r2, #0]
10004e3a:	4620      	mov	r0, r4
10004e3c:	f7ff fe80 	bl	10004b40 <i2c_unreset>
10004e40:	2300      	movs	r3, #0
10004e42:	7123      	strb	r3, [r4, #4]
10004e44:	6822      	ldr	r2, [r4, #0]
10004e46:	66d3      	str	r3, [r2, #108]	@ 0x6c
10004e48:	6822      	ldr	r2, [r4, #0]
10004e4a:	f240 1165 	movw	r1, #357	@ 0x165
10004e4e:	6011      	str	r1, [r2, #0]
10004e50:	6822      	ldr	r2, [r4, #0]
10004e52:	63d3      	str	r3, [r2, #60]	@ 0x3c
10004e54:	6822      	ldr	r2, [r4, #0]
10004e56:	6393      	str	r3, [r2, #56]	@ 0x38
10004e58:	6823      	ldr	r3, [r4, #0]
10004e5a:	2203      	movs	r2, #3
10004e5c:	f8c3 2088 	str.w	r2, [r3, #136]	@ 0x88
10004e60:	4629      	mov	r1, r5
10004e62:	4620      	mov	r0, r4
10004e64:	f7ff ff7a 	bl	10004d5c <i2c_set_baudrate>
10004e68:	bd38      	pop	{r3, r4, r5, pc}
10004e6a:	2204      	movs	r2, #4
10004e6c:	e7e1      	b.n	10004e32 <i2c_init+0xe>
10004e6e:	bf00      	nop
10004e70:	20000ae4 	.word	0x20000ae4
10004e74:	40022000 	.word	0x40022000

10004e78 <i2c_write_blocking>:
10004e78:	b510      	push	{r4, lr}
10004e7a:	b084      	sub	sp, #16
10004e7c:	2400      	movs	r4, #0
10004e7e:	9402      	str	r4, [sp, #8]
10004e80:	9401      	str	r4, [sp, #4]
10004e82:	f89d 4018 	ldrb.w	r4, [sp, #24]
10004e86:	9400      	str	r4, [sp, #0]
10004e88:	f7ff fe70 	bl	10004b6c <i2c_write_blocking_internal>
10004e8c:	b004      	add	sp, #16
10004e8e:	bd10      	pop	{r4, pc}

10004e90 <i2c_read_blocking>:
10004e90:	b510      	push	{r4, lr}
10004e92:	b084      	sub	sp, #16
10004e94:	2400      	movs	r4, #0
10004e96:	9402      	str	r4, [sp, #8]
10004e98:	9401      	str	r4, [sp, #4]
10004e9a:	f89d 4018 	ldrb.w	r4, [sp, #24]
10004e9e:	9400      	str	r4, [sp, #0]
10004ea0:	f7ff fef6 	bl	10004c90 <i2c_read_blocking_internal>
10004ea4:	b004      	add	sp, #16
10004ea6:	bd10      	pop	{r4, pc}

10004ea8 <uart_unreset>:
10004ea8:	4b07      	ldr	r3, [pc, #28]	@ (10004ec8 <uart_unreset+0x20>)
10004eaa:	4298      	cmp	r0, r3
10004eac:	d00a      	beq.n	10004ec4 <uart_unreset+0x1c>
10004eae:	231a      	movs	r3, #26
10004eb0:	2201      	movs	r2, #1
10004eb2:	409a      	lsls	r2, r3
10004eb4:	4b05      	ldr	r3, [pc, #20]	@ (10004ecc <uart_unreset+0x24>)
10004eb6:	601a      	str	r2, [r3, #0]
10004eb8:	4b05      	ldr	r3, [pc, #20]	@ (10004ed0 <uart_unreset+0x28>)
10004eba:	689b      	ldr	r3, [r3, #8]
10004ebc:	ea32 0303 	bics.w	r3, r2, r3
10004ec0:	d1fa      	bne.n	10004eb8 <uart_unreset+0x10>
10004ec2:	4770      	bx	lr
10004ec4:	231b      	movs	r3, #27
10004ec6:	e7f3      	b.n	10004eb0 <uart_unreset+0x8>
10004ec8:	40078000 	.word	0x40078000
10004ecc:	40023000 	.word	0x40023000
10004ed0:	40020000 	.word	0x40020000

10004ed4 <uart_disable_before_lcr_write>:
10004ed4:	b538      	push	{r3, r4, r5, lr}
10004ed6:	6b04      	ldr	r4, [r0, #48]	@ 0x30
10004ed8:	f014 0f01 	tst.w	r4, #1
10004edc:	d101      	bne.n	10004ee2 <uart_disable_before_lcr_write+0xe>
10004ede:	4620      	mov	r0, r4
10004ee0:	bd38      	pop	{r3, r4, r5, pc}
10004ee2:	f500 5340 	add.w	r3, r0, #12288	@ 0x3000
10004ee6:	f240 3201 	movw	r2, #769	@ 0x301
10004eea:	631a      	str	r2, [r3, #48]	@ 0x30
10004eec:	6a43      	ldr	r3, [r0, #36]	@ 0x24
10004eee:	6a85      	ldr	r5, [r0, #40]	@ 0x28
10004ef0:	eb05 1583 	add.w	r5, r5, r3, lsl #6
10004ef4:	02ad      	lsls	r5, r5, #10
10004ef6:	2006      	movs	r0, #6
10004ef8:	f7fe fbc0 	bl	1000367c <clock_get_hz>
10004efc:	4b04      	ldr	r3, [pc, #16]	@ (10004f10 <uart_disable_before_lcr_write+0x3c>)
10004efe:	fba3 3000 	umull	r3, r0, r3, r0
10004f02:	0ac0      	lsrs	r0, r0, #11
10004f04:	fbb5 f0f0 	udiv	r0, r5, r0
10004f08:	2100      	movs	r1, #0
10004f0a:	f7ff fc95 	bl	10004838 <busy_wait_us>
10004f0e:	e7e6      	b.n	10004ede <uart_disable_before_lcr_write+0xa>
10004f10:	8f2b7b75 	.word	0x8f2b7b75

10004f14 <uart_write_lcr_bits_masked>:
10004f14:	b570      	push	{r4, r5, r6, lr}
10004f16:	4605      	mov	r5, r0
10004f18:	460c      	mov	r4, r1
10004f1a:	4616      	mov	r6, r2
10004f1c:	f7ff ffda 	bl	10004ed4 <uart_disable_before_lcr_write>
10004f20:	6aeb      	ldr	r3, [r5, #44]	@ 0x2c
10004f22:	405c      	eors	r4, r3
10004f24:	4034      	ands	r4, r6
10004f26:	f505 5381 	add.w	r3, r5, #4128	@ 0x1020
10004f2a:	60dc      	str	r4, [r3, #12]
10004f2c:	6328      	str	r0, [r5, #48]	@ 0x30
10004f2e:	bd70      	pop	{r4, r5, r6, pc}

10004f30 <uart_set_baudrate>:
10004f30:	b570      	push	{r4, r5, r6, lr}
10004f32:	4605      	mov	r5, r0
10004f34:	460c      	mov	r4, r1
10004f36:	2006      	movs	r0, #6
10004f38:	f7fe fba0 	bl	1000367c <clock_get_hz>
10004f3c:	00c3      	lsls	r3, r0, #3
10004f3e:	fbb3 f3f4 	udiv	r3, r3, r4
10004f42:	3301      	adds	r3, #1
10004f44:	09dc      	lsrs	r4, r3, #7
10004f46:	d007      	beq.n	10004f58 <uart_set_baudrate+0x28>
10004f48:	f64f 72fe 	movw	r2, #65534	@ 0xfffe
10004f4c:	4294      	cmp	r4, r2
10004f4e:	d814      	bhi.n	10004f7a <uart_set_baudrate+0x4a>
10004f50:	4626      	mov	r6, r4
10004f52:	f3c3 0445 	ubfx	r4, r3, #1, #6
10004f56:	e000      	b.n	10004f5a <uart_set_baudrate+0x2a>
10004f58:	2601      	movs	r6, #1
10004f5a:	626e      	str	r6, [r5, #36]	@ 0x24
10004f5c:	62ac      	str	r4, [r5, #40]	@ 0x28
10004f5e:	2200      	movs	r2, #0
10004f60:	4611      	mov	r1, r2
10004f62:	4628      	mov	r0, r5
10004f64:	f7ff ffd6 	bl	10004f14 <uart_write_lcr_bits_masked>
10004f68:	2006      	movs	r0, #6
10004f6a:	f7fe fb87 	bl	1000367c <clock_get_hz>
10004f6e:	0080      	lsls	r0, r0, #2
10004f70:	eb04 1486 	add.w	r4, r4, r6, lsl #6
10004f74:	fbb0 f0f4 	udiv	r0, r0, r4
10004f78:	bd70      	pop	{r4, r5, r6, pc}
10004f7a:	2400      	movs	r4, #0
10004f7c:	f64f 76ff 	movw	r6, #65535	@ 0xffff
10004f80:	e7eb      	b.n	10004f5a <uart_set_baudrate+0x2a>
	...

10004f84 <uart_set_translate_crlf>:
10004f84:	b149      	cbz	r1, 10004f9a <uart_set_translate_crlf+0x16>
10004f86:	220a      	movs	r2, #10
10004f88:	4b05      	ldr	r3, [pc, #20]	@ (10004fa0 <uart_set_translate_crlf+0x1c>)
10004f8a:	4298      	cmp	r0, r3
10004f8c:	bf14      	ite	ne
10004f8e:	2000      	movne	r0, #0
10004f90:	2001      	moveq	r0, #1
10004f92:	4b04      	ldr	r3, [pc, #16]	@ (10004fa4 <uart_set_translate_crlf+0x20>)
10004f94:	f823 2010 	strh.w	r2, [r3, r0, lsl #1]
10004f98:	4770      	bx	lr
10004f9a:	f44f 7280 	mov.w	r2, #256	@ 0x100
10004f9e:	e7f3      	b.n	10004f88 <uart_set_translate_crlf+0x4>
10004fa0:	40078000 	.word	0x40078000
10004fa4:	20001278 	.word	0x20001278

10004fa8 <uart_init>:
10004fa8:	b538      	push	{r3, r4, r5, lr}
10004faa:	4604      	mov	r4, r0
10004fac:	460d      	mov	r5, r1
10004fae:	2006      	movs	r0, #6
10004fb0:	f7fe fb64 	bl	1000367c <clock_get_hz>
10004fb4:	b1f8      	cbz	r0, 10004ff6 <uart_init+0x4e>
10004fb6:	4b11      	ldr	r3, [pc, #68]	@ (10004ffc <uart_init+0x54>)
10004fb8:	429c      	cmp	r4, r3
10004fba:	d01d      	beq.n	10004ff8 <uart_init+0x50>
10004fbc:	221a      	movs	r2, #26
10004fbe:	2301      	movs	r3, #1
10004fc0:	4093      	lsls	r3, r2
10004fc2:	4a0f      	ldr	r2, [pc, #60]	@ (10005000 <uart_init+0x58>)
10004fc4:	6013      	str	r3, [r2, #0]
10004fc6:	4620      	mov	r0, r4
10004fc8:	f7ff ff6e 	bl	10004ea8 <uart_unreset>
10004fcc:	2100      	movs	r1, #0
10004fce:	4620      	mov	r0, r4
10004fd0:	f7ff ffd8 	bl	10004f84 <uart_set_translate_crlf>
10004fd4:	4629      	mov	r1, r5
10004fd6:	4620      	mov	r0, r4
10004fd8:	f7ff ffaa 	bl	10004f30 <uart_set_baudrate>
10004fdc:	6ae3      	ldr	r3, [r4, #44]	@ 0x2c
10004fde:	f083 0370 	eor.w	r3, r3, #112	@ 0x70
10004fe2:	f003 037e 	and.w	r3, r3, #126	@ 0x7e
10004fe6:	f504 5281 	add.w	r2, r4, #4128	@ 0x1020
10004fea:	60d3      	str	r3, [r2, #12]
10004fec:	f240 3301 	movw	r3, #769	@ 0x301
10004ff0:	6323      	str	r3, [r4, #48]	@ 0x30
10004ff2:	2303      	movs	r3, #3
10004ff4:	64a3      	str	r3, [r4, #72]	@ 0x48
10004ff6:	bd38      	pop	{r3, r4, r5, pc}
10004ff8:	221b      	movs	r2, #27
10004ffa:	e7e0      	b.n	10004fbe <uart_init+0x16>
10004ffc:	40078000 	.word	0x40078000
10005000:	40022000 	.word	0x40022000

10005004 <runtime_run_initializers_from>:
10005004:	b510      	push	{r4, lr}
10005006:	4604      	mov	r4, r0
10005008:	e002      	b.n	10005010 <runtime_run_initializers_from+0xc>
1000500a:	f854 3b04 	ldr.w	r3, [r4], #4
1000500e:	4798      	blx	r3
10005010:	4b01      	ldr	r3, [pc, #4]	@ (10005018 <runtime_run_initializers_from+0x14>)
10005012:	429c      	cmp	r4, r3
10005014:	d3f9      	bcc.n	1000500a <runtime_run_initializers_from+0x6>
10005016:	bd10      	pop	{r4, pc}
10005018:	10009010 	.word	0x10009010

1000501c <first_per_core_initializer>:
1000501c:	4770      	bx	lr
	...

10005020 <runtime_run_initializers>:
10005020:	b508      	push	{r3, lr}
10005022:	4802      	ldr	r0, [pc, #8]	@ (1000502c <runtime_run_initializers+0xc>)
10005024:	f7ff ffee 	bl	10005004 <runtime_run_initializers_from>
10005028:	bd08      	pop	{r3, pc}
1000502a:	bf00      	nop
1000502c:	10008fd0 	.word	0x10008fd0

10005030 <runtime_init_early_resets>:
10005030:	4b06      	ldr	r3, [pc, #24]	@ (1000504c <runtime_init_early_resets+0x1c>)
10005032:	4a07      	ldr	r2, [pc, #28]	@ (10005050 <runtime_init_early_resets+0x20>)
10005034:	601a      	str	r2, [r3, #0]
10005036:	f503 5380 	add.w	r3, r3, #4096	@ 0x1000
1000503a:	4a06      	ldr	r2, [pc, #24]	@ (10005054 <runtime_init_early_resets+0x24>)
1000503c:	601a      	str	r2, [r3, #0]
1000503e:	4b06      	ldr	r3, [pc, #24]	@ (10005058 <runtime_init_early_resets+0x28>)
10005040:	689a      	ldr	r2, [r3, #8]
10005042:	4b04      	ldr	r3, [pc, #16]	@ (10005054 <runtime_init_early_resets+0x24>)
10005044:	4393      	bics	r3, r2
10005046:	d1fa      	bne.n	1000503e <runtime_init_early_resets+0xe>
10005048:	4770      	bx	lr
1000504a:	bf00      	nop
1000504c:	40022000 	.word	0x40022000
10005050:	efef3b7f 	.word	0xefef3b7f
10005054:	03f3fff6 	.word	0x03f3fff6
10005058:	40020000 	.word	0x40020000

1000505c <runtime_init_usb_power_down>:
1000505c:	4b05      	ldr	r3, [pc, #20]	@ (10005074 <runtime_init_usb_power_down+0x18>)
1000505e:	6cdb      	ldr	r3, [r3, #76]	@ 0x4c
10005060:	f5b3 4f00 	cmp.w	r3, #32768	@ 0x8000
10005064:	d000      	beq.n	10005068 <runtime_init_usb_power_down+0xc>
10005066:	4770      	bx	lr
10005068:	4b03      	ldr	r3, [pc, #12]	@ (10005078 <runtime_init_usb_power_down+0x1c>)
1000506a:	f44f 2280 	mov.w	r2, #262144	@ 0x40000
1000506e:	64da      	str	r2, [r3, #76]	@ 0x4c
10005070:	e7f9      	b.n	10005066 <runtime_init_usb_power_down+0xa>
10005072:	bf00      	nop
10005074:	50110000 	.word	0x50110000
10005078:	50112000 	.word	0x50112000

1000507c <runtime_init_per_core_enable_coprocessors>:
1000507c:	f04f 22e0 	mov.w	r2, #3758153728	@ 0xe000e000
10005080:	f8d2 1d88 	ldr.w	r1, [r2, #3464]	@ 0xd88
10005084:	4b03      	ldr	r3, [pc, #12]	@ (10005094 <runtime_init_per_core_enable_coprocessors+0x18>)
10005086:	430b      	orrs	r3, r1
10005088:	f8c2 3d88 	str.w	r3, [r2, #3464]	@ 0xd88
1000508c:	ee10 0430 			dcp_rcmp r0
10005090:	4770      	bx	lr
10005092:	bf00      	nop
10005094:	00300303 	.word	0x00300303

10005098 <runtime_init_post_clock_resets>:
10005098:	4b05      	ldr	r3, [pc, #20]	@ (100050b0 <runtime_init_post_clock_resets+0x18>)
1000509a:	f06f 4260 	mvn.w	r2, #3758096384	@ 0xe0000000
1000509e:	601a      	str	r2, [r3, #0]
100050a0:	4b04      	ldr	r3, [pc, #16]	@ (100050b4 <runtime_init_post_clock_resets+0x1c>)
100050a2:	689b      	ldr	r3, [r3, #8]
100050a4:	43db      	mvns	r3, r3
100050a6:	f033 4360 	bics.w	r3, r3, #3758096384	@ 0xe0000000
100050aa:	d1f9      	bne.n	100050a0 <runtime_init_post_clock_resets+0x8>
100050ac:	4770      	bx	lr
100050ae:	bf00      	nop
100050b0:	40023000 	.word	0x40023000
100050b4:	40020000 	.word	0x40020000

100050b8 <runtime_init_bootrom_reset>:
100050b8:	b508      	push	{r3, lr}
100050ba:	f245 2053 	movw	r0, #21075	@ 0x5253
100050be:	f7ff fc57 	bl	10004970 <rom_func_lookup>
100050c2:	4603      	mov	r3, r0
100050c4:	2004      	movs	r0, #4
100050c6:	4798      	blx	r3
100050c8:	bd08      	pop	{r3, pc}

100050ca <runtime_init_per_core_bootrom_reset>:
100050ca:	b508      	push	{r3, lr}
100050cc:	f245 2053 	movw	r0, #21075	@ 0x5253
100050d0:	f7ff fc4e 	bl	10004970 <rom_func_lookup>
100050d4:	4603      	mov	r3, r0
100050d6:	2001      	movs	r0, #1
100050d8:	4798      	blx	r3
100050da:	bd08      	pop	{r3, pc}

100050dc <runtime_init_spin_locks_reset>:
100050dc:	b508      	push	{r3, lr}
100050de:	f7fe fb1f 	bl	10003720 <spin_locks_reset>
100050e2:	bd08      	pop	{r3, pc}

100050e4 <runtime_init_install_ram_vector_table>:
100050e4:	b510      	push	{r4, lr}
100050e6:	490c      	ldr	r1, [pc, #48]	@ (10005118 <runtime_init_install_ram_vector_table+0x34>)
100050e8:	4a0c      	ldr	r2, [pc, #48]	@ (1000511c <runtime_init_install_ram_vector_table+0x38>)
100050ea:	1a52      	subs	r2, r2, r1
100050ec:	1092      	asrs	r2, r2, #2
100050ee:	4614      	mov	r4, r2
100050f0:	2a44      	cmp	r2, #68	@ 0x44
100050f2:	bf28      	it	cs
100050f4:	2244      	movcs	r2, #68	@ 0x44
100050f6:	0092      	lsls	r2, r2, #2
100050f8:	4809      	ldr	r0, [pc, #36]	@ (10005120 <runtime_init_install_ram_vector_table+0x3c>)
100050fa:	f003 feab 	bl	10008e54 <memcpy>
100050fe:	e004      	b.n	1000510a <runtime_init_install_ram_vector_table+0x26>
10005100:	4a08      	ldr	r2, [pc, #32]	@ (10005124 <runtime_init_install_ram_vector_table+0x40>)
10005102:	4b07      	ldr	r3, [pc, #28]	@ (10005120 <runtime_init_install_ram_vector_table+0x3c>)
10005104:	f843 2024 	str.w	r2, [r3, r4, lsl #2]
10005108:	3401      	adds	r4, #1
1000510a:	2c43      	cmp	r4, #67	@ 0x43
1000510c:	d9f8      	bls.n	10005100 <runtime_init_install_ram_vector_table+0x1c>
1000510e:	4a04      	ldr	r2, [pc, #16]	@ (10005120 <runtime_init_install_ram_vector_table+0x3c>)
10005110:	4b05      	ldr	r3, [pc, #20]	@ (10005128 <runtime_init_install_ram_vector_table+0x44>)
10005112:	609a      	str	r2, [r3, #8]
10005114:	bd10      	pop	{r4, pc}
10005116:	bf00      	nop
10005118:	10000000 	.word	0x10000000
1000511c:	10000110 	.word	0x10000110
10005120:	20000000 	.word	0x20000000
10005124:	10000111 	.word	0x10000111
10005128:	e000ed00 	.word	0xe000ed00

1000512c <start_all_ticks>:
1000512c:	b538      	push	{r3, r4, r5, lr}
1000512e:	2004      	movs	r0, #4
10005130:	f7fe faa4 	bl	1000367c <clock_get_hz>
10005134:	4b06      	ldr	r3, [pc, #24]	@ (10005150 <start_all_ticks+0x24>)
10005136:	fba3 3500 	umull	r3, r5, r3, r0
1000513a:	0cad      	lsrs	r5, r5, #18
1000513c:	2400      	movs	r4, #0
1000513e:	e004      	b.n	1000514a <start_all_ticks+0x1e>
10005140:	4629      	mov	r1, r5
10005142:	b2e0      	uxtb	r0, r4
10005144:	f7ff fc06 	bl	10004954 <tick_start>
10005148:	3401      	adds	r4, #1
1000514a:	2c05      	cmp	r4, #5
1000514c:	ddf8      	ble.n	10005140 <start_all_ticks+0x14>
1000514e:	bd38      	pop	{r3, r4, r5, pc}
10005150:	431bde83 	.word	0x431bde83

10005154 <runtime_init_clocks>:
10005154:	b530      	push	{r4, r5, lr}
10005156:	b083      	sub	sp, #12
10005158:	4b26      	ldr	r3, [pc, #152]	@ (100051f4 <runtime_init_clocks+0xa0>)
1000515a:	2200      	movs	r2, #0
1000515c:	f8c3 2084 	str.w	r2, [r3, #132]	@ 0x84
10005160:	f7ff fc34 	bl	100049cc <xosc_init>
10005164:	4b24      	ldr	r3, [pc, #144]	@ (100051f8 <runtime_init_clocks+0xa4>)
10005166:	2201      	movs	r2, #1
10005168:	63da      	str	r2, [r3, #60]	@ 0x3c
1000516a:	4b22      	ldr	r3, [pc, #136]	@ (100051f4 <runtime_init_clocks+0xa0>)
1000516c:	6c5b      	ldr	r3, [r3, #68]	@ 0x44
1000516e:	2b01      	cmp	r3, #1
10005170:	d1fb      	bne.n	1000516a <runtime_init_clocks+0x16>
10005172:	4b21      	ldr	r3, [pc, #132]	@ (100051f8 <runtime_init_clocks+0xa4>)
10005174:	2203      	movs	r2, #3
10005176:	631a      	str	r2, [r3, #48]	@ 0x30
10005178:	4b1e      	ldr	r3, [pc, #120]	@ (100051f4 <runtime_init_clocks+0xa0>)
1000517a:	6b9b      	ldr	r3, [r3, #56]	@ 0x38
1000517c:	2b01      	cmp	r3, #1
1000517e:	d1fb      	bne.n	10005178 <runtime_init_clocks+0x24>
10005180:	2402      	movs	r4, #2
10005182:	9400      	str	r4, [sp, #0]
10005184:	2305      	movs	r3, #5
10005186:	4a1d      	ldr	r2, [pc, #116]	@ (100051fc <runtime_init_clocks+0xa8>)
10005188:	2101      	movs	r1, #1
1000518a:	481d      	ldr	r0, [pc, #116]	@ (10005200 <runtime_init_clocks+0xac>)
1000518c:	f7ff fb5e 	bl	1000484c <pll_init>
10005190:	2505      	movs	r5, #5
10005192:	9500      	str	r5, [sp, #0]
10005194:	462b      	mov	r3, r5
10005196:	4a1b      	ldr	r2, [pc, #108]	@ (10005204 <runtime_init_clocks+0xb0>)
10005198:	2101      	movs	r1, #1
1000519a:	481b      	ldr	r0, [pc, #108]	@ (10005208 <runtime_init_clocks+0xb4>)
1000519c:	f7ff fb56 	bl	1000484c <pll_init>
100051a0:	4b1a      	ldr	r3, [pc, #104]	@ (1000520c <runtime_init_clocks+0xb8>)
100051a2:	2200      	movs	r2, #0
100051a4:	4621      	mov	r1, r4
100051a6:	2004      	movs	r0, #4
100051a8:	f7fe fa5e 	bl	10003668 <clock_configure_undivided>
100051ac:	4c18      	ldr	r4, [pc, #96]	@ (10005210 <runtime_init_clocks+0xbc>)
100051ae:	4623      	mov	r3, r4
100051b0:	2200      	movs	r2, #0
100051b2:	2101      	movs	r1, #1
100051b4:	4628      	mov	r0, r5
100051b6:	f7fe fa57 	bl	10003668 <clock_configure_undivided>
100051ba:	4d16      	ldr	r5, [pc, #88]	@ (10005214 <runtime_init_clocks+0xc0>)
100051bc:	462b      	mov	r3, r5
100051be:	2200      	movs	r2, #0
100051c0:	4611      	mov	r1, r2
100051c2:	2008      	movs	r0, #8
100051c4:	f7fe fa50 	bl	10003668 <clock_configure_undivided>
100051c8:	462b      	mov	r3, r5
100051ca:	2200      	movs	r2, #0
100051cc:	4611      	mov	r1, r2
100051ce:	2009      	movs	r0, #9
100051d0:	f7fe fa4a 	bl	10003668 <clock_configure_undivided>
100051d4:	4623      	mov	r3, r4
100051d6:	2200      	movs	r2, #0
100051d8:	4611      	mov	r1, r2
100051da:	2006      	movs	r0, #6
100051dc:	f7fe fa44 	bl	10003668 <clock_configure_undivided>
100051e0:	4623      	mov	r3, r4
100051e2:	2200      	movs	r2, #0
100051e4:	4611      	mov	r1, r2
100051e6:	2007      	movs	r0, #7
100051e8:	f7fe fa3e 	bl	10003668 <clock_configure_undivided>
100051ec:	f7ff ff9e 	bl	1000512c <start_all_ticks>
100051f0:	b003      	add	sp, #12
100051f2:	bd30      	pop	{r4, r5, pc}
100051f4:	40010000 	.word	0x40010000
100051f8:	40013000 	.word	0x40013000
100051fc:	59682f00 	.word	0x59682f00
10005200:	40050000 	.word	0x40050000
10005204:	47868c00 	.word	0x47868c00
10005208:	40058000 	.word	0x40058000
1000520c:	00b71b00 	.word	0x00b71b00
10005210:	08f0d180 	.word	0x08f0d180
10005214:	02dc6c00 	.word	0x02dc6c00

10005218 <generic_save_state>:
10005218:	b086      	sub	sp, #24
1000521a:	b403      	push	{r0, r1}
1000521c:	fc51 0408 	dcp_pxmd r0, r1
10005220:	e9cd 0102 	strd	r0, r1, [sp, #8]
10005224:	fc51 0409 	dcp_pymd r0, r1
10005228:	e9cd 0104 	strd	r0, r1, [sp, #16]
1000522c:	ec51 040a 	dcp_refd r0, r1
10005230:	e9cd 0106 	strd	r0, r1, [sp, #24]
10005234:	bc03      	pop	{r0, r1}
10005236:	47f0      	blx	lr

10005238 <generic_restore_state>:
10005238:	e8bd 5000 	ldmia.w	sp!, {ip, lr}
1000523c:	ec4e c400 	dcp_wxmd ip, lr
10005240:	e8bd 5000 	ldmia.w	sp!, {ip, lr}
10005244:	ec4e c401 	dcp_wymd ip, lr
10005248:	e8bd 5000 	ldmia.w	sp!, {ip, lr}
1000524c:	ec4e c402 	dcp_wefd ip, lr
10005250:	bd00      	pop	{pc}
10005252:	0000      	movs	r0, r0
10005254:	b500      	push	{lr}
10005256:	f7ff ffdf 	bl	10005218 <generic_save_state>
1000525a:	e002      	b.n	10005262 <__wrap___aeabi_dadd+0x6>

1000525c <__wrap___aeabi_dadd>:
1000525c:	fe10 f430 	dcp_pcmp APSR_nzcv
10005260:	d4f8      	bmi.n	10005254 <generic_restore_state+0x1c>
10005262:	ec41 0410 	dcp_wxup r0, r1
10005266:	ec43 2411 	dcp_wyup r2, r3
1000526a:	ee00 0401 			dcp_add0
1000526e:	ee10 0401 			dcp_add1
10005272:	ee80 0420 			dcp_nrdd
10005276:	ec51 0410 	dcp_rdda r0, r1
1000527a:	4770      	bx	lr
1000527c:	b500      	push	{lr}
1000527e:	f7ff ffcb 	bl	10005218 <generic_save_state>
10005282:	e002      	b.n	1000528a <__wrap___aeabi_dsub+0x6>

10005284 <__wrap___aeabi_dsub>:
10005284:	fe10 f430 	dcp_pcmp APSR_nzcv
10005288:	d4f8      	bmi.n	1000527c <__wrap___aeabi_dadd+0x20>
1000528a:	ec41 0410 	dcp_wxup r0, r1
1000528e:	ec43 2411 	dcp_wyup r2, r3
10005292:	ee00 0401 			dcp_add0
10005296:	ee10 0421 			dcp_sub1
1000529a:	ee80 0420 			dcp_nrdd
1000529e:	ec51 0430 	dcp_rdds r0, r1
100052a2:	4770      	bx	lr
100052a4:	b500      	push	{lr}
100052a6:	f7ff ffb7 	bl	10005218 <generic_save_state>
100052aa:	e002      	b.n	100052b2 <__wrap___aeabi_dmul+0x6>

100052ac <__wrap___aeabi_dmul>:
100052ac:	fe10 f430 	dcp_pcmp APSR_nzcv
100052b0:	d4f8      	bmi.n	100052a4 <__wrap___aeabi_dsub+0x20>
100052b2:	b510      	push	{r4, lr}
100052b4:	ec41 0410 	dcp_wxup r0, r1
100052b8:	ec43 2411 	dcp_wyup r2, r3
100052bc:	ec51 0404 	dcp_rxms r0, r1, #0x0
100052c0:	ec53 2405 	dcp_ryms r2, r3, #0x0
100052c4:	fba0 4c02 	umull	r4, ip, r0, r2
100052c8:	f05f 0e00 	movs.w	lr, #0
100052cc:	fbe0 ce03 	umlal	ip, lr, r0, r3
100052d0:	fbe1 ce02 	umlal	ip, lr, r1, r2
100052d4:	ec4c 4420 	dcp_wxms r4, ip
100052d8:	2400      	movs	r4, #0
100052da:	fbe1 e403 	umlal	lr, r4, r1, r3
100052de:	ec44 e430 	dcp_wxmo lr, r4
100052e2:	ee80 0420 			dcp_nrdd
100052e6:	ec51 0450 	dcp_rddm r0, r1
100052ea:	e8bd 4010 	ldmia.w	sp!, {r4, lr}
100052ee:	4770      	bx	lr
100052f0:	b500      	push	{lr}
100052f2:	f7ff ff91 	bl	10005218 <generic_save_state>
100052f6:	e002      	b.n	100052fe <__wrap___aeabi_ddiv+0x6>

100052f8 <__wrap___aeabi_ddiv>:
100052f8:	fe10 f430 	dcp_pcmp APSR_nzcv
100052fc:	d4f8      	bmi.n	100052f0 <__wrap___aeabi_dmul+0x44>
100052fe:	ec41 0410 	dcp_wxup r0, r1
10005302:	ec43 2411 	dcp_wyup r2, r3
10005306:	ec51 0421 	dcp_rymr r0, r1
1000530a:	fba0 1201 	umull	r1, r2, r0, r1
1000530e:	ea6f 0282 	mvn.w	r2, r2, lsl #2
10005312:	fb52 0010 	smmlar	r0, r2, r0, r0
10005316:	fb52 f212 	smmulr	r2, r2, r2
1000531a:	fb52 0010 	smmlar	r0, r2, r0, r0
1000531e:	eba0 7cd0 	sub.w	ip, r0, r0, lsr #31
10005322:	ec53 2404 	dcp_rxms r2, r3, #0x0
10005326:	fb5c f113 	smmulr	r1, ip, r3
1000532a:	ec53 2415 	dcp_ryms r2, r3, #0x1
1000532e:	fba1 2002 	umull	r2, r0, r1, r2
10005332:	fb01 0003 	mla	r0, r1, r3, r0
10005336:	ec53 2444 	dcp_rxms r2, r3, #0x4
1000533a:	eba2 0000 	sub.w	r0, r2, r0
1000533e:	fb50 f21c 	smmulr	r2, r0, ip
10005342:	ea4f 1311 	mov.w	r3, r1, lsr #4
10005346:	eb12 7001 	adds.w	r0, r2, r1, lsl #28
1000534a:	eb43 71e2 	adc.w	r1, r3, r2, asr #31
1000534e:	ea40 5051 	orr.w	r0, r0, r1, lsr #21
10005352:	ea20 5091 	bic.w	r0, r0, r1, lsr #22
10005356:	f020 0007 	bic.w	r0, r0, #7
1000535a:	ec53 2475 	dcp_ryms r2, r3, #0x7
1000535e:	fba0 3c02 	umull	r3, ip, r0, r2
10005362:	ec53 2475 	dcp_ryms r2, r3, #0x7
10005366:	fb00 cc03 	mla	ip, r0, r3, ip
1000536a:	fb01 cc02 	mla	ip, r1, r2, ip
1000536e:	ec53 2404 	dcp_rxms r2, r3, #0x0
10005372:	ebac 4c82 	sub.w	ip, ip, r2, lsl #18
10005376:	ea40 705c 	orr.w	r0, r0, ip, lsr #29
1000537a:	f1a0 0001 	sub.w	r0, r0, #1
1000537e:	ec41 0440 	dcp_wxdd r0, r1
10005382:	ee80 0420 			dcp_nrdd
10005386:	ec51 0470 	dcp_rddd r0, r1
1000538a:	4770      	bx	lr
1000538c:	b500      	push	{lr}
1000538e:	f7ff ff43 	bl	10005218 <generic_save_state>
10005392:	e002      	b.n	1000539a <__wrap___aeabi_d2f+0x6>

10005394 <__wrap___aeabi_d2f>:
10005394:	fe10 f430 	dcp_pcmp APSR_nzcv
10005398:	d4f8      	bmi.n	1000538c <__wrap___aeabi_ddiv+0x94>
1000539a:	ec41 0410 	dcp_wxup r0, r1
1000539e:	ee80 0422 			dcp_nrdf
100053a2:	ee10 04b2 			dcp_rdfg r0
100053a6:	4770      	bx	lr
100053a8:	b500      	push	{lr}
100053aa:	f7ff ff35 	bl	10005218 <generic_save_state>
100053ae:	e002      	b.n	100053b6 <__wrap___aeabi_i2d+0x6>

100053b0 <__wrap___aeabi_i2d>:
100053b0:	fe10 f430 	dcp_pcmp APSR_nzcv
100053b4:	d4f8      	bmi.n	100053a8 <__wrap___aeabi_d2f+0x14>
100053b6:	ec40 0470 	dcp_wxic r0, r0
100053ba:	ee00 0401 			dcp_add0
100053be:	ee10 0421 			dcp_sub1
100053c2:	ee80 0420 			dcp_nrdd
100053c6:	ec51 0430 	dcp_rdds r0, r1
100053ca:	4770      	bx	lr
100053cc:	b500      	push	{lr}
100053ce:	f7ff ff23 	bl	10005218 <generic_save_state>
100053d2:	e002      	b.n	100053da <__wrap___aeabi_ui2d+0x6>

100053d4 <__wrap___aeabi_ui2d>:
100053d4:	fe10 f430 	dcp_pcmp APSR_nzcv
100053d8:	d4f8      	bmi.n	100053cc <__wrap___aeabi_i2d+0x1c>
100053da:	ec40 0460 	dcp_wxuc r0, r0
100053de:	ee00 0401 			dcp_add0
100053e2:	ee10 0421 			dcp_sub1
100053e6:	ee80 0420 			dcp_nrdd
100053ea:	ec51 0430 	dcp_rdds r0, r1
100053ee:	4770      	bx	lr
100053f0:	b500      	push	{lr}
100053f2:	f7ff ff11 	bl	10005218 <generic_save_state>
100053f6:	e002      	b.n	100053fe <double2int_z_entry>

100053f8 <__wrap___aeabi_d2iz>:
100053f8:	fe10 f430 	dcp_pcmp APSR_nzcv
100053fc:	d4f8      	bmi.n	100053f0 <__wrap___aeabi_ui2d+0x1c>

100053fe <double2int_z_entry>:
100053fe:	ec41 0480 	dcp_wxdc r0, r1
10005402:	ee00 0401 			dcp_add0
10005406:	ee10 0401 			dcp_add1
1000540a:	ee80 0440 			dcp_ntdc
1000540e:	ee10 0413 			dcp_rdic r0
10005412:	4770      	bx	lr
10005414:	b500      	push	{lr}
10005416:	f7ff feff 	bl	10005218 <generic_save_state>
1000541a:	e002      	b.n	10005422 <double2uint_z_entry>

1000541c <__wrap___aeabi_d2uiz>:
1000541c:	fe10 f430 	dcp_pcmp APSR_nzcv
10005420:	d4f8      	bmi.n	10005414 <double2int_z_entry+0x16>

10005422 <double2uint_z_entry>:
10005422:	ec41 0480 	dcp_wxdc r0, r1
10005426:	ee00 0401 			dcp_add0
1000542a:	ee10 0401 			dcp_add1
1000542e:	ee80 0440 			dcp_ntdc
10005432:	ee10 0433 			dcp_rduc r0
10005436:	4770      	bx	lr
10005438:	b500      	push	{lr}
1000543a:	f7ff feed 	bl	10005218 <generic_save_state>
1000543e:	e002      	b.n	10005446 <__wrap___aeabi_dcmpun+0x6>

10005440 <__wrap___aeabi_dcmpun>:
10005440:	fe10 f430 	dcp_pcmp APSR_nzcv
10005444:	d4f8      	bmi.n	10005438 <double2uint_z_entry+0x16>
10005446:	ec41 0410 	dcp_wxup r0, r1
1000544a:	ec43 2411 	dcp_wyup r2, r3
1000544e:	ee00 0401 			dcp_add0
10005452:	ee10 0430 			dcp_rcmp r0
10005456:	f3c0 7000 	ubfx	r0, r0, #28, #1
1000545a:	4770      	bx	lr
1000545c:	b500      	push	{lr}
1000545e:	f7ff fedb 	bl	10005218 <generic_save_state>
10005462:	e002      	b.n	1000546a <__wrap___aeabi_dcmplt+0x6>

10005464 <__wrap___aeabi_dcmplt>:
10005464:	fe10 f430 	dcp_pcmp APSR_nzcv
10005468:	d4f8      	bmi.n	1000545c <__wrap___aeabi_dcmpun+0x1c>
1000546a:	ec43 2410 	dcp_wxup r2, r3
1000546e:	ec41 0411 	dcp_wyup r0, r1
10005472:	ee00 0401 			dcp_add0
10005476:	ee10 f430 			dcp_rcmp APSR_nzcv
1000547a:	bf8c      	ite	hi
1000547c:	2001      	movhi	r0, #1
1000547e:	2000      	movls	r0, #0
10005480:	4770      	bx	lr
10005482:	bf00      	nop
10005484:	b500      	push	{lr}
10005486:	f7ff fec7 	bl	10005218 <generic_save_state>
1000548a:	e002      	b.n	10005492 <__wrap___aeabi_dcmple+0x6>

1000548c <__wrap___aeabi_dcmple>:
1000548c:	fe10 f430 	dcp_pcmp APSR_nzcv
10005490:	d4f8      	bmi.n	10005484 <__wrap___aeabi_dcmplt+0x20>
10005492:	ec43 2410 	dcp_wxup r2, r3
10005496:	ec41 0411 	dcp_wyup r0, r1
1000549a:	ee00 0401 			dcp_add0
1000549e:	ee10 f430 			dcp_rcmp APSR_nzcv
100054a2:	bf2c      	ite	cs
100054a4:	2001      	movcs	r0, #1
100054a6:	2000      	movcc	r0, #0
100054a8:	4770      	bx	lr
100054aa:	bf00      	nop
100054ac:	b500      	push	{lr}
100054ae:	f7ff feb3 	bl	10005218 <generic_save_state>
100054b2:	e002      	b.n	100054ba <__wrap___aeabi_dcmpge+0x6>

100054b4 <__wrap___aeabi_dcmpge>:
100054b4:	fe10 f430 	dcp_pcmp APSR_nzcv
100054b8:	d4f8      	bmi.n	100054ac <__wrap___aeabi_dcmple+0x20>
100054ba:	ec41 0410 	dcp_wxup r0, r1
100054be:	ec43 2411 	dcp_wyup r2, r3
100054c2:	ee00 0401 			dcp_add0
100054c6:	ee10 f430 			dcp_rcmp APSR_nzcv
100054ca:	bf2c      	ite	cs
100054cc:	2001      	movcs	r0, #1
100054ce:	2000      	movcc	r0, #0
100054d0:	4770      	bx	lr
100054d2:	bf00      	nop
100054d4:	b500      	push	{lr}
100054d6:	f7ff fe9f 	bl	10005218 <generic_save_state>
100054da:	e002      	b.n	100054e2 <__wrap___aeabi_dcmpgt+0x6>

100054dc <__wrap___aeabi_dcmpgt>:
100054dc:	fe10 f430 	dcp_pcmp APSR_nzcv
100054e0:	d4f8      	bmi.n	100054d4 <__wrap___aeabi_dcmpge+0x20>
100054e2:	ec41 0410 	dcp_wxup r0, r1
100054e6:	ec43 2411 	dcp_wyup r2, r3
100054ea:	ee00 0401 			dcp_add0
100054ee:	ee10 f430 			dcp_rcmp APSR_nzcv
100054f2:	bf8c      	ite	hi
100054f4:	2001      	movhi	r0, #1
100054f6:	2000      	movls	r0, #0
100054f8:	4770      	bx	lr
100054fa:	bf00      	nop

100054fc <dnegpack_q63>:
100054fc:	4240      	negs	r0, r0
100054fe:	eb61 0141 	sbc.w	r1, r1, r1, lsl #1

10005502 <dpack_q63>:
10005502:	f240 34f3 	movw	r4, #1011	@ 0x3f3

10005506 <dpack_q>:
10005506:	fab1 f281 	clz	r2, r1
1000550a:	2a0c      	cmp	r2, #12
1000550c:	d20c      	bcs.n	10005528 <dpack_q+0x22>
1000550e:	3215      	adds	r2, #21
10005510:	fa11 f302 	lsls.w	r3, r1, r2
10005514:	f1c2 0220 	rsb	r2, r2, #32
10005518:	40d0      	lsrs	r0, r2
1000551a:	fa21 f102 	lsr.w	r1, r1, r2
1000551e:	4422      	add	r2, r4
10005520:	4158      	adcs	r0, r3
10005522:	eb41 5102 	adc.w	r1, r1, r2, lsl #20
10005526:	4770      	bx	lr
10005528:	b169      	cbz	r1, 10005546 <dpack_q+0x40>
1000552a:	f1c2 022b 	rsb	r2, r2, #43	@ 0x2b
1000552e:	fa30 f302 	lsrs.w	r3, r0, r2
10005532:	f1c2 0220 	rsb	r2, r2, #32
10005536:	4091      	lsls	r1, r2
10005538:	4090      	lsls	r0, r2
1000553a:	4319      	orrs	r1, r3
1000553c:	eba4 0202 	sub.w	r2, r4, r2
10005540:	eb01 5102 	add.w	r1, r1, r2, lsl #20
10005544:	4770      	bx	lr
10005546:	0001      	movs	r1, r0
10005548:	f04f 0000 	mov.w	r0, #0
1000554c:	f1a4 0420 	sub.w	r4, r4, #32
10005550:	d1d9      	bne.n	10005506 <dpack_q>
10005552:	4770      	bx	lr

10005554 <dreduce>:
10005554:	2701      	movs	r7, #1
10005556:	f367 511f 	bfi	r1, r7, #20, #12
1000555a:	fa17 f803 	lsls.w	r8, r7, r3
1000555e:	d017      	beq.n	10005590 <dreduce+0x3c>
10005560:	fba0 0708 	umull	r0, r7, r0, r8
10005564:	fb01 7108 	mla	r1, r1, r8, r7
10005568:	fba1 7806 	umull	r7, r8, r1, r6
1000556c:	ea5f 46d8 	movs.w	r6, r8, lsr #19
10005570:	1992      	adds	r2, r2, r6
10005572:	fba6 7804 	umull	r7, r8, r6, r4
10005576:	fb06 8805 	mla	r8, r6, r5, r8
1000557a:	0309      	lsls	r1, r1, #12
1000557c:	ea51 5110 	orrs.w	r1, r1, r0, lsr #20
10005580:	ebd7 3000 	rsbs	r0, r7, r0, lsl #12
10005584:	eb61 0108 	sbc.w	r1, r1, r8
10005588:	42a9      	cmp	r1, r5
1000558a:	bf38      	it	cc
1000558c:	4770      	bxcc	lr
1000558e:	e00b      	b.n	100055a8 <dreduce+0x54>
10005590:	330c      	adds	r3, #12
10005592:	2701      	movs	r7, #1
10005594:	fa17 f803 	lsls.w	r8, r7, r3
10005598:	d00f      	beq.n	100055ba <dreduce+0x66>
1000559a:	fba0 0708 	umull	r0, r7, r0, r8
1000559e:	fb01 7108 	mla	r1, r1, r8, r7
100055a2:	42a9      	cmp	r1, r5
100055a4:	bf38      	it	cc
100055a6:	4770      	bxcc	lr
100055a8:	bf08      	it	eq
100055aa:	42a0      	cmpeq	r0, r4
100055ac:	bf38      	it	cc
100055ae:	4770      	bxcc	lr
100055b0:	1b00      	subs	r0, r0, r4
100055b2:	eb61 0105 	sbc.w	r1, r1, r5
100055b6:	3201      	adds	r2, #1
100055b8:	4770      	bx	lr
100055ba:	f103 0320 	add.w	r3, r3, #32
100055be:	fa11 f603 	lsls.w	r6, r1, r3
100055c2:	f1d3 0320 	rsbs	r3, r3, #32
100055c6:	40d8      	lsrs	r0, r3
100055c8:	40d9      	lsrs	r1, r3
100055ca:	4330      	orrs	r0, r6
100055cc:	4770      	bx	lr
	...

100055d0 <exptab0>:
	...
100055d8:	08b15304 	.word	0x08b15304
100055dc:	0f851860 	.word	0x0f851860
100055e0:	2af2e5c8 	.word	0x2af2e5c8
100055e4:	1e27076e 	.word	0x1e27076e
100055e8:	21b2120d 	.word	0x21b2120d
100055ec:	2f571204 	.word	0x2f571204
100055f0:	bc7c5512 	.word	0xbc7c5512
100055f4:	3f7230da 	.word	0x3f7230da
100055f8:	a517a717 	.word	0xa517a717
100055fc:	4e993155 	.word	0x4e993155
10005600:	0abf0d9d 	.word	0x0abf0d9d
10005604:	5fabe0ee 	.word	0x5fabe0ee
10005608:	9c6defe3 	.word	0x9c6defe3
1000560c:	6fad3676 	.word	0x6fad3676
10005610:	e3cc7b69 	.word	0xe3cc7b69
10005614:	7ebd623d 	.word	0x7ebd623d
10005618:	820681f0 	.word	0x820681f0
1000561c:	8f42faf3 	.word	0x8f42faf3
10005620:	8ab7d537 	.word	0x8ab7d537
10005624:	9ec81353 	.word	0x9ec81353
10005628:	20b3ab7f 	.word	0x20b3ab7f
1000562c:	af701549 	.word	0xaf701549

10005630 <exptab1>:
	...
10005638:	15885e02 	.word	0x15885e02
1000563c:	00ff8055 	.word	0x00ff8055
10005640:	b1067890 	.word	0xb1067890
10005644:	01fe02a6 	.word	0x01fe02a6
10005648:	f0214edc 	.word	0xf0214edc
1000564c:	02fb88eb 	.word	0x02fb88eb
10005650:	1f807c7a 	.word	0x1f807c7a
10005654:	03f81516 	.word	0x03f81516
10005658:	d1a95d3c 	.word	0xd1a95d3c
1000565c:	04f3a910 	.word	0x04f3a910
10005660:	f56c46aa 	.word	0xf56c46aa
10005664:	05ee46c1 	.word	0x05ee46c1
10005668:	ebe465ff 	.word	0xebe465ff
1000566c:	06e7f009 	.word	0x06e7f009
10005670:	9e0cc013 	.word	0x9e0cc013
10005674:	07e0a6c3 	.word	0x07e0a6c3
10005678:	91ecbfe1 	.word	0x91ecbfe1
1000567c:	08d86cc4 	.word	0x08d86cc4
10005680:	ff5eafd5 	.word	0xff5eafd5
10005684:	09cf43dc 	.word	0x09cf43dc
10005688:	e4726a46 	.word	0xe4726a46
1000568c:	0ac52dd7 	.word	0x0ac52dd7
10005690:	196e7e23 	.word	0x196e7e23
10005694:	0bba2c7b 	.word	0x0bba2c7b
10005698:	6471f5bf 	.word	0x6471f5bf
1000569c:	0cae4187 	.word	0x0cae4187
100056a0:	8cb8df61 	.word	0x8cb8df61
100056a4:	0da16eb8 	.word	0x0da16eb8
100056a8:	6d85a909 	.word	0x6d85a909
100056ac:	0e93b5c5 	.word	0x0e93b5c5
100056b0:	08b15331 	.word	0x08b15331
100056b4:	0f851860 	.word	0x0f851860
100056b8:	98e47130 	.word	0x98e47130
100056bc:	10759835 	.word	0x10759835

100056c0 <exptab2>:
100056c0:	05551559 	.word	0x05551559
100056c4:	000fff80 	.word	0x000fff80
100056c8:	8febc309 	.word	0x8febc309
100056cc:	002ffb80 	.word	0x002ffb80
100056d0:	9a0e91b1 	.word	0x9a0e91b1
100056d4:	004ff382 	.word	0x004ff382
100056d8:	22fde71f 	.word	0x22fde71f
100056dc:	006fe787 	.word	0x006fe787
100056e0:	299aa0c3 	.word	0x299aa0c3
100056e4:	008fd78f 	.word	0x008fd78f
100056e8:	ac66434f 	.word	0xac66434f
100056ec:	00afc39b 	.word	0x00afc39b
100056f0:	a9832a41 	.word	0xa9832a41
100056f4:	00cfabad 	.word	0x00cfabad
100056f8:	1eb4b74f 	.word	0x1eb4b74f
100056fc:	00ef8fc6 	.word	0x00ef8fc6
10005700:	095f81b6 	.word	0x095f81b6
10005704:	010f6fe6 	.word	0x010f6fe6
10005708:	66898567 	.word	0x66898567
1000570c:	012f4c0e 	.word	0x012f4c0e
10005710:	32da521a 	.word	0x32da521a
10005714:	014f2440 	.word	0x014f2440
10005718:	6a9b3a48 	.word	0x6a9b3a48
1000571c:	016ef87c 	.word	0x016ef87c
10005720:	09b781ff 	.word	0x09b781ff
10005724:	018ec8c4 	.word	0x018ec8c4
10005728:	0bbc8d9c 	.word	0x0bbc8d9c
1000572c:	01ae9518 	.word	0x01ae9518
10005730:	6bda1070 	.word	0x6bda1070
10005734:	01ce5d79 	.word	0x01ce5d79
10005738:	24e23b3a 	.word	0x24e23b3a
1000573c:	01ee21e9 	.word	0x01ee21e9

10005740 <logtab0>:
10005740:	33957338 	.word	0x33957338
10005744:	a0ec7f42 	.word	0xa0ec7f42
10005748:	f5fa1431 	.word	0xf5fa1431
1000574c:	918986bd 	.word	0x918986bd
10005750:	e6fa026b 	.word	0xe6fa026b
10005754:	8391f2e0 	.word	0x8391f2e0
10005758:	071282e6 	.word	0x071282e6
1000575c:	7751a813 	.word	0x7751a813
10005760:	68212621 	.word	0x68212621
10005764:	6a73b26a 	.word	0x6a73b26a
10005768:	0abf0d9d 	.word	0x0abf0d9d
1000576c:	5fabe0ee 	.word	0x5fabe0ee
10005770:	b7e0b419 	.word	0xb7e0b419
10005774:	546ab61c 	.word	0x546ab61c
10005778:	3de59695 	.word	0x3de59695
1000577c:	48a507ef 	.word	0x48a507ef
10005780:	55e5cbd1 	.word	0x55e5cbd1
10005784:	3c4e0edc 	.word	0x3c4e0edc
10005788:	e8ad68ce 	.word	0xe8ad68ce
1000578c:	32a4b539 	.word	0x32a4b539
10005790:	96fa3ccb 	.word	0x96fa3ccb
10005794:	289a56d9 	.word	0x289a56d9
10005798:	a11cb2c9 	.word	0xa11cb2c9
1000579c:	21aefcf9 	.word	0x21aefcf9
100057a0:	e56b4b86 	.word	0xe56b4b86
100057a4:	16f0d28a 	.word	0x16f0d28a
100057a8:	08b15304 	.word	0x08b15304
100057ac:	0f851860 	.word	0x0f851860
100057b0:	9e0cc002 	.word	0x9e0cc002
100057b4:	07e0a6c3 	.word	0x07e0a6c3
	...

100057c0 <exprrdata>:
100057c0:	d1cf79ac 	.word	0xd1cf79ac
100057c4:	b17217f7 	.word	0xb17217f7
100057c8:	b8aa3b29 	.word	0xb8aa3b29
100057cc:	ea4f 20c1 	mov.w	r0, r1, lsl #11
100057d0:	f040 4000 	orr.w	r0, r0, #2147483648	@ 0x80000000
100057d4:	0049      	lsls	r1, r1, #1
100057d6:	f143 0320 	adc.w	r3, r3, #32
100057da:	f240 0100 	movw	r1, #0
100057de:	f6c3 71f0 	movt	r1, #16368	@ 0x3ff0
100057e2:	f1c3 030b 	rsb	r3, r3, #11
100057e6:	fa20 f003 	lsr.w	r0, r0, r3
100057ea:	bf38      	it	cc
100057ec:	4770      	bxcc	lr
100057ee:	4240      	negs	r0, r0
100057f0:	f161 0100 	sbc.w	r1, r1, #0
100057f4:	4770      	bx	lr

100057f6 <__wrap_exp>:
100057f6:	ea5f 7cd1 	movs.w	ip, r1, lsr #31
100057fa:	f3c1 530a 	ubfx	r3, r1, #20, #11
100057fe:	f2a3 33ff 	subw	r3, r3, #1023	@ 0x3ff
10005802:	2b0c      	cmp	r3, #12
10005804:	da62      	bge.n	100058cc <__wrap_exp+0xd6>
10005806:	f113 0f20 	cmn.w	r3, #32
1000580a:	dddf      	ble.n	100057cc <exprrdata+0xc>
1000580c:	e92d 41f0 	stmdb	sp!, {r4, r5, r6, r7, r8, lr}
10005810:	4c3c      	ldr	r4, [pc, #240]	@ (10005904 <__wrap_exp+0x10e>)
10005812:	cc70      	ldmia	r4, {r4, r5, r6}
10005814:	f04f 0200 	mov.w	r2, #0
10005818:	f7ff fe9c 	bl	10005554 <dreduce>
1000581c:	f01c 0f01 	tst.w	ip, #1
10005820:	d004      	beq.n	1000582c <__wrap_exp+0x36>
10005822:	ea6f 0202 	mvn.w	r2, r2
10005826:	1a20      	subs	r0, r4, r0
10005828:	eb65 0101 	sbc.w	r1, r5, r1
1000582c:	f202 3cfe 	addw	ip, r2, #1022	@ 0x3fe
10005830:	f240 73fe 	movw	r3, #2046	@ 0x7fe
10005834:	459c      	cmp	ip, r3
10005836:	d25c      	bcs.n	100058f2 <__wrap_exp+0xfc>
10005838:	0f0a      	lsrs	r2, r1, #28
1000583a:	4b33      	ldr	r3, [pc, #204]	@ (10005908 <__wrap_exp+0x112>)
1000583c:	eb03 03c2 	add.w	r3, r3, r2, lsl #3
10005840:	cb0c      	ldmia	r3, {r2, r3}
10005842:	f002 053f 	and.w	r5, r2, #63	@ 0x3f
10005846:	f045 0540 	orr.w	r5, r5, #64	@ 0x40
1000584a:	1a80      	subs	r0, r0, r2
1000584c:	4199      	sbcs	r1, r3
1000584e:	0e0a      	lsrs	r2, r1, #24
10005850:	4b2e      	ldr	r3, [pc, #184]	@ (1000590c <__wrap_exp+0x116>)
10005852:	eb03 03c2 	add.w	r3, r3, r2, lsl #3
10005856:	cb18      	ldmia	r3, {r3, r4}
10005858:	f502 7280 	add.w	r2, r2, #256	@ 0x100
1000585c:	4355      	muls	r5, r2
1000585e:	1ac0      	subs	r0, r0, r3
10005860:	41a1      	sbcs	r1, r4
10005862:	0d4a      	lsrs	r2, r1, #21
10005864:	4b2a      	ldr	r3, [pc, #168]	@ (10005910 <__wrap_exp+0x11a>)
10005866:	eb03 03c2 	add.w	r3, r3, r2, lsl #3
1000586a:	cb18      	ldmia	r3, {r3, r4}
1000586c:	4412      	add	r2, r2
1000586e:	f502 5280 	add.w	r2, r2, #4096	@ 0x1000
10005872:	fb05 5502 	mla	r5, r5, r2, r5
10005876:	1ac0      	subs	r0, r0, r3
10005878:	41a1      	sbcs	r1, r4
1000587a:	028a      	lsls	r2, r1, #10
1000587c:	ea52 5290 	orrs.w	r2, r2, r0, lsr #22
10005880:	f142 0200 	adc.w	r2, r2, #0
10005884:	fb82 3402 	smull	r3, r4, r2, r2
10005888:	0d5b      	lsrs	r3, r3, #21
1000588a:	ea53 23c4 	orrs.w	r3, r3, r4, lsl #11
1000588e:	18c0      	adds	r0, r0, r3
10005890:	eb41 5154 	adc.w	r1, r1, r4, lsr #21
10005894:	fb84 3402 	smull	r3, r4, r4, r2
10005898:	f04f 3355 	mov.w	r3, #1431655765	@ 0x55555555
1000589c:	fb83 3404 	smull	r3, r4, r3, r4
100058a0:	fb54 f311 	smmulr	r3, r4, r1
100058a4:	eb04 0493 	add.w	r4, r4, r3, lsr #2
100058a8:	eb10 0244 	adds.w	r2, r0, r4, lsl #1
100058ac:	eb41 73e4 	adc.w	r3, r1, r4, asr #31
100058b0:	00e9      	lsls	r1, r5, #3
100058b2:	fba1 4002 	umull	r4, r0, r1, r2
100058b6:	fbc1 0103 	smlal	r0, r1, r1, r3
100058ba:	0a40      	lsrs	r0, r0, #9
100058bc:	eb50 50c1 	adcs.w	r0, r0, r1, lsl #23
100058c0:	ea4f 2151 	mov.w	r1, r1, lsr #9
100058c4:	eb51 510c 	adcs.w	r1, r1, ip, lsl #20
100058c8:	e8bd 81f0 	ldmia.w	sp!, {r4, r5, r6, r7, r8, pc}
100058cc:	f5b3 6f80 	cmp.w	r3, #1024	@ 0x400
100058d0:	d107      	bne.n	100058e2 <__wrap_exp+0xec>
100058d2:	ea50 3201 	orrs.w	r2, r0, r1, lsl #12
100058d6:	bf0c      	ite	eq
100058d8:	ea21 71e1 	biceq.w	r1, r1, r1, asr #31
100058dc:	f441 2100 	orrne.w	r1, r1, #524288	@ 0x80000
100058e0:	4770      	bx	lr
100058e2:	2000      	movs	r0, #0
100058e4:	2100      	movs	r1, #0
100058e6:	f01c 0f01 	tst.w	ip, #1
100058ea:	bf08      	it	eq
100058ec:	f6c7 71f0 	movteq	r1, #32752	@ 0x7ff0
100058f0:	4770      	bx	lr
100058f2:	f04f 0000 	mov.w	r0, #0
100058f6:	f04f 0100 	mov.w	r1, #0
100058fa:	bfa8      	it	ge
100058fc:	f6c7 71f0 	movtge	r1, #32752	@ 0x7ff0
10005900:	e8bd 81f0 	ldmia.w	sp!, {r4, r5, r6, r7, r8, pc}
10005904:	100057c0 	.word	0x100057c0
10005908:	100055d0 	.word	0x100055d0
1000590c:	10005630 	.word	0x10005630
10005910:	100056c0 	.word	0x100056c0
10005914:	f240 0100 	movw	r1, #0
10005918:	f6cf 71f0 	movt	r1, #65520	@ 0xfff0
1000591c:	2000      	movs	r0, #0
1000591e:	4770      	bx	lr
10005920:	ea50 3201 	orrs.w	r2, r0, r1, lsl #12
10005924:	bf18      	it	ne
10005926:	f441 2100 	orrne.w	r1, r1, #524288	@ 0x80000
1000592a:	4770      	bx	lr
1000592c:	ea7f 55a6 	mvns.w	r5, r6, asr #22
10005930:	f040 8119 	bne.w	10005b66 <__wrap_log+0x74>
10005934:	f44f 5480 	mov.w	r4, #4096	@ 0x1000
10005938:	e120      	b.n	10005b7c <__wrap_log+0x8a>
1000593a:	ea8c 3311 	eor.w	r3, ip, r1, lsr #12
1000593e:	061b      	lsls	r3, r3, #24
10005940:	f040 80ee 	bne.w	10005b20 <__wrap_log+0x2e>
10005944:	f1bc 0f00 	cmp.w	ip, #0
10005948:	d167      	bne.n	10005a1a <__wrap_exp+0x224>
1000594a:	04c9      	lsls	r1, r1, #19
1000594c:	ea51 3150 	orrs.w	r1, r1, r0, lsr #13
10005950:	04c0      	lsls	r0, r0, #19
10005952:	fab1 f481 	clz	r4, r1
10005956:	2c20      	cmp	r4, #32
10005958:	d24b      	bcs.n	100059f2 <__wrap_exp+0x1fc>
1000595a:	2501      	movs	r5, #1
1000595c:	40a5      	lsls	r5, r4
1000595e:	fba0 2305 	umull	r2, r3, r0, r5
10005962:	fb01 3305 	mla	r3, r1, r5, r3
10005966:	fba0 c503 	umull	ip, r5, r0, r3
1000596a:	fba1 c602 	umull	ip, r6, r1, r2
1000596e:	fbe1 5663 	umaal	r5, r6, r1, r3
10005972:	ebb2 2215 	subs.w	r2, r2, r5, lsr #8
10005976:	f163 0300 	sbc.w	r3, r3, #0
1000597a:	ebb2 6206 	subs.w	r2, r2, r6, lsl #24
1000597e:	eb73 2316 	sbcs.w	r3, r3, r6, lsr #8
10005982:	fba0 c706 	umull	ip, r7, r0, r6
10005986:	fba1 c805 	umull	ip, r8, r1, r5
1000598a:	fbe1 7866 	umaal	r7, r8, r1, r6
1000598e:	f04f 3555 	mov.w	r5, #1431655765	@ 0x55555555
10005992:	fba7 c605 	umull	ip, r6, r7, r5
10005996:	f05f 0c00 	movs.w	ip, #0
1000599a:	fbe8 6c05 	umlal	r6, ip, r8, r5
1000599e:	eb16 060c 	adds.w	r6, r6, ip
100059a2:	f14c 0c00 	adc.w	ip, ip, #0
100059a6:	eb12 3296 	adds.w	r2, r2, r6, lsr #14
100059aa:	f143 0300 	adc.w	r3, r3, #0
100059ae:	eb12 428c 	adds.w	r2, r2, ip, lsl #18
100059b2:	eb43 339c 	adc.w	r3, r3, ip, lsr #14
100059b6:	fb58 f511 	smmulr	r5, r8, r1
100059ba:	f05f 3733 	movs.w	r7, #858993459	@ 0x33333333
100059be:	fb55 f611 	smmulr	r6, r5, r1
100059c2:	fb56 f817 	smmulr	r8, r6, r7
100059c6:	eba5 1758 	sub.w	r7, r5, r8, lsr #5
100059ca:	fb56 f511 	smmulr	r5, r6, r1
100059ce:	f6c2 2680 	movt	r6, #10880	@ 0x2a80
100059d2:	fb56 f515 	smmulr	r5, r6, r5
100059d6:	eb07 3715 	add.w	r7, r7, r5, lsr #12
100059da:	ebb2 2047 	subs.w	r0, r2, r7, lsl #9
100059de:	eb63 51d7 	sbc.w	r1, r3, r7, lsr #23
100059e2:	f5c4 6480 	rsb	r4, r4, #1024	@ 0x400
100059e6:	f1a4 0415 	sub.w	r4, r4, #21
100059ea:	f7ff fd8c 	bl	10005506 <dpack_q>
100059ee:	e8bd 81f0 	ldmia.w	sp!, {r4, r5, r6, r7, r8, pc}
100059f2:	fab0 f480 	clz	r4, r0
100059f6:	fa10 f104 	lsls.w	r1, r0, r4
100059fa:	fba0 2301 	umull	r2, r3, r0, r1
100059fe:	f04f 0000 	mov.w	r0, #0
10005a02:	ebb0 2013 	subs.w	r0, r0, r3, lsr #8
10005a06:	f161 0100 	sbc.w	r1, r1, #0
10005a0a:	f5c4 6480 	rsb	r4, r4, #1024	@ 0x400
10005a0e:	f1a4 0435 	sub.w	r4, r4, #53	@ 0x35
10005a12:	f7ff fd78 	bl	10005506 <dpack_q>
10005a16:	e8bd 81f0 	ldmia.w	sp!, {r4, r5, r6, r7, r8, pc}
10005a1a:	0489      	lsls	r1, r1, #18
10005a1c:	ea51 3190 	orrs.w	r1, r1, r0, lsr #14
10005a20:	0480      	lsls	r0, r0, #18
10005a22:	4240      	negs	r0, r0
10005a24:	eb61 0141 	sbc.w	r1, r1, r1, lsl #1
10005a28:	fab1 f481 	clz	r4, r1
10005a2c:	2c20      	cmp	r4, #32
10005a2e:	d24e      	bcs.n	10005ace <__wrap_exp+0x2d8>
10005a30:	3c01      	subs	r4, #1
10005a32:	2501      	movs	r5, #1
10005a34:	40a5      	lsls	r5, r4
10005a36:	fba0 2305 	umull	r2, r3, r0, r5
10005a3a:	fb01 3305 	mla	r3, r1, r5, r3
10005a3e:	fba0 c503 	umull	ip, r5, r0, r3
10005a42:	fba1 c602 	umull	ip, r6, r1, r2
10005a46:	fbe1 5663 	umaal	r5, r6, r1, r3
10005a4a:	eb12 2215 	adds.w	r2, r2, r5, lsr #8
10005a4e:	f143 0300 	adc.w	r3, r3, #0
10005a52:	eb12 6206 	adds.w	r2, r2, r6, lsl #24
10005a56:	eb53 2316 	adcs.w	r3, r3, r6, lsr #8
10005a5a:	fba0 c706 	umull	ip, r7, r0, r6
10005a5e:	fba1 c805 	umull	ip, r8, r1, r5
10005a62:	fbe1 7866 	umaal	r7, r8, r1, r6
10005a66:	f04f 3555 	mov.w	r5, #1431655765	@ 0x55555555
10005a6a:	fba7 c605 	umull	ip, r6, r7, r5
10005a6e:	f05f 0c00 	movs.w	ip, #0
10005a72:	fbe8 6c05 	umlal	r6, ip, r8, r5
10005a76:	eb16 060c 	adds.w	r6, r6, ip
10005a7a:	f14c 0c00 	adc.w	ip, ip, #0
10005a7e:	eb12 3296 	adds.w	r2, r2, r6, lsr #14
10005a82:	f143 0300 	adc.w	r3, r3, #0
10005a86:	eb12 428c 	adds.w	r2, r2, ip, lsl #18
10005a8a:	eb43 339c 	adc.w	r3, r3, ip, lsr #14
10005a8e:	fb58 f511 	smmulr	r5, r8, r1
10005a92:	f05f 3733 	movs.w	r7, #858993459	@ 0x33333333
10005a96:	fb55 f611 	smmulr	r6, r5, r1
10005a9a:	fb56 f817 	smmulr	r8, r6, r7
10005a9e:	eb05 1758 	add.w	r7, r5, r8, lsr #5
10005aa2:	fb56 f511 	smmulr	r5, r6, r1
10005aa6:	f6c2 2680 	movt	r6, #10880	@ 0x2a80
10005aaa:	fb56 f515 	smmulr	r5, r6, r5
10005aae:	eb07 3715 	add.w	r7, r7, r5, lsr #12
10005ab2:	eb12 2047 	adds.w	r0, r2, r7, lsl #9
10005ab6:	eb43 51d7 	adc.w	r1, r3, r7, lsr #23
10005aba:	f5c4 6480 	rsb	r4, r4, #1024	@ 0x400
10005abe:	f1a4 0415 	sub.w	r4, r4, #21
10005ac2:	f7ff fd20 	bl	10005506 <dpack_q>
10005ac6:	f041 4100 	orr.w	r1, r1, #2147483648	@ 0x80000000
10005aca:	e8bd 81f0 	ldmia.w	sp!, {r4, r5, r6, r7, r8, pc}
10005ace:	fab0 f480 	clz	r4, r0
10005ad2:	fa10 f104 	lsls.w	r1, r0, r4
10005ad6:	fba0 2301 	umull	r2, r3, r0, r1
10005ada:	ea4f 2013 	mov.w	r0, r3, lsr #8
10005ade:	f5c4 6480 	rsb	r4, r4, #1024	@ 0x400
10005ae2:	f1a4 0435 	sub.w	r4, r4, #53	@ 0x35
10005ae6:	f7ff fd0e 	bl	10005506 <dpack_q>
10005aea:	f091 4100 	eors.w	r1, r1, #2147483648	@ 0x80000000
10005aee:	e8bd 81f0 	ldmia.w	sp!, {r4, r5, r6, r7, r8, pc}

10005af2 <__wrap_log>:
10005af2:	ea5f 0c41 	movs.w	ip, r1, lsl #1
10005af6:	f4bf af0d 	bcs.w	10005914 <__wrap_exp+0x11e>
10005afa:	ea5f 5c5c 	movs.w	ip, ip, lsr #21
10005afe:	f43f af09 	beq.w	10005914 <__wrap_exp+0x11e>
10005b02:	f2ac 3cff 	subw	ip, ip, #1023	@ 0x3ff
10005b06:	f5bc 6f80 	cmp.w	ip, #1024	@ 0x400
10005b0a:	f43f af09 	beq.w	10005920 <__wrap_exp+0x12a>
10005b0e:	2201      	movs	r2, #1
10005b10:	f362 511f 	bfi	r1, r2, #20, #12
10005b14:	e92d 41f0 	stmdb	sp!, {r4, r5, r6, r7, r8, lr}
10005b18:	ebbc 7fec 	cmp.w	ip, ip, asr #31
10005b1c:	f43f af0d 	beq.w	1000593a <__wrap_exp+0x144>
10005b20:	0c0c      	lsrs	r4, r1, #16
10005b22:	4d4e      	ldr	r5, [pc, #312]	@ (10005c5c <__wrap_log+0x16a>)
10005b24:	eb05 05c4 	add.w	r5, r5, r4, lsl #3
10005b28:	e895 000c 	ldmia.w	r5, {r2, r3}
10005b2c:	f002 053f 	and.w	r5, r2, #63	@ 0x3f
10005b30:	f105 0540 	add.w	r5, r5, #64	@ 0x40
10005b34:	fba5 0600 	umull	r0, r6, r5, r0
10005b38:	fb05 6101 	mla	r1, r5, r1, r6
10005b3c:	ea6f 44e1 	mvn.w	r4, r1, asr #19
10005b40:	f004 041f 	and.w	r4, r4, #31
10005b44:	4d46      	ldr	r5, [pc, #280]	@ (10005c60 <__wrap_log+0x16e>)
10005b46:	eb05 05c4 	add.w	r5, r5, r4, lsl #3
10005b4a:	cd60      	ldmia	r5, {r5, r6}
10005b4c:	1952      	adds	r2, r2, r5
10005b4e:	eb43 0306 	adc.w	r3, r3, r6
10005b52:	f504 7480 	add.w	r4, r4, #256	@ 0x100
10005b56:	fba4 0600 	umull	r0, r6, r4, r0
10005b5a:	fb04 6601 	mla	r6, r4, r1, r6
10005b5e:	ea7f 6426 	mvns.w	r4, r6, asr #24
10005b62:	f43f aee3 	beq.w	1000592c <__wrap_exp+0x136>
10005b66:	4d3f      	ldr	r5, [pc, #252]	@ (10005c64 <__wrap_log+0x172>)
10005b68:	eb05 05c4 	add.w	r5, r5, r4, lsl #3
10005b6c:	cd22      	ldmia	r5, {r1, r5}
10005b6e:	1852      	adds	r2, r2, r1
10005b70:	eb43 0305 	adc.w	r3, r3, r5
10005b74:	f241 0501 	movw	r5, #4097	@ 0x1001
10005b78:	eb05 0444 	add.w	r4, r5, r4, lsl #1
10005b7c:	0464      	lsls	r4, r4, #17
10005b7e:	fba4 5000 	umull	r5, r0, r4, r0
10005b82:	ebc4 01c4 	rsb	r1, r4, r4, lsl #3
10005b86:	fbe4 0106 	umlal	r0, r1, r4, r6
10005b8a:	ea80 74e1 	eor.w	r4, r0, r1, asr #31
10005b8e:	ea81 75e1 	eor.w	r5, r1, r1, asr #31
10005b92:	fba5 6705 	umull	r6, r7, r5, r5
10005b96:	fba4 4805 	umull	r4, r8, r4, r5
10005b9a:	087f      	lsrs	r7, r7, #1
10005b9c:	ea4f 0636 	mov.w	r6, r6, rrx
10005ba0:	eb16 0608 	adds.w	r6, r6, r8
10005ba4:	f147 0700 	adc.w	r7, r7, #0
10005ba8:	028c      	lsls	r4, r1, #10
10005baa:	ea54 5490 	orrs.w	r4, r4, r0, lsr #22
10005bae:	f144 0400 	adc.w	r4, r4, #0
10005bb2:	1b80      	subs	r0, r0, r6
10005bb4:	eb61 0107 	sbc.w	r1, r1, r7
10005bb8:	fb54 f514 	smmulr	r5, r4, r4
10005bbc:	fb55 f614 	smmulr	r6, r5, r4
10005bc0:	fb55 f715 	smmulr	r7, r5, r5
10005bc4:	f04f 3455 	mov.w	r4, #1431655765	@ 0x55555555
10005bc8:	fb56 f614 	smmulr	r6, r6, r4
10005bcc:	ebb6 3617 	subs.w	r6, r6, r7, lsr #12
10005bd0:	eb10 0086 	adds.w	r0, r0, r6, lsl #2
10005bd4:	eb41 71a6 	adc.w	r1, r1, r6, asr #30
10005bd8:	1a10      	subs	r0, r2, r0
10005bda:	eb63 0101 	sbc.w	r1, r3, r1
10005bde:	4a22      	ldr	r2, [pc, #136]	@ (10005c68 <__wrap_log+0x176>)
10005be0:	ca24      	ldmia	r2, {r2, r5}
10005be2:	f11c 0c01 	adds.w	ip, ip, #1
10005be6:	dd0b      	ble.n	10005c00 <__wrap_log+0x10e>
10005be8:	fba2 230c 	umull	r2, r3, r2, ip
10005bec:	2400      	movs	r4, #0
10005bee:	fbe5 340c 	umlal	r3, r4, r5, ip
10005bf2:	1a12      	subs	r2, r2, r0
10005bf4:	418b      	sbcs	r3, r1
10005bf6:	f164 0400 	sbc.w	r4, r4, #0
10005bfa:	f05f 4180 	movs.w	r1, #1073741824	@ 0x40000000
10005bfe:	e00c      	b.n	10005c1a <__wrap_log+0x128>
10005c00:	f1dc 0c00 	rsbs	ip, ip, #0
10005c04:	fba2 230c 	umull	r2, r3, r2, ip
10005c08:	2400      	movs	r4, #0
10005c0a:	fbe5 340c 	umlal	r3, r4, r5, ip
10005c0e:	1882      	adds	r2, r0, r2
10005c10:	414b      	adcs	r3, r1
10005c12:	f144 0400 	adc.w	r4, r4, #0
10005c16:	f05f 4140 	movs.w	r1, #3221225472	@ 0xc0000000
10005c1a:	b94c      	cbnz	r4, 10005c30 <__wrap_log+0x13e>
10005c1c:	001c      	movs	r4, r3
10005c1e:	0013      	movs	r3, r2
10005c20:	2200      	movs	r2, #0
10005c22:	f1b1 7100 	subs.w	r1, r1, #33554432	@ 0x2000000
10005c26:	b91c      	cbnz	r4, 10005c30 <__wrap_log+0x13e>
10005c28:	001c      	movs	r4, r3
10005c2a:	2300      	movs	r3, #0
10005c2c:	f1b1 7100 	subs.w	r1, r1, #33554432	@ 0x2000000
10005c30:	fab4 f584 	clz	r5, r4
10005c34:	f1a5 061d 	sub.w	r6, r5, #29
10005c38:	eba1 5106 	sub.w	r1, r1, r6, lsl #20
10005c3c:	40ac      	lsls	r4, r5
10005c3e:	fa13 f005 	lsls.w	r0, r3, r5
10005c42:	f1c5 0520 	rsb	r5, r5, #32
10005c46:	40eb      	lsrs	r3, r5
10005c48:	431c      	orrs	r4, r3
10005c4a:	40ea      	lsrs	r2, r5
10005c4c:	4310      	orrs	r0, r2
10005c4e:	0ac0      	lsrs	r0, r0, #11
10005c50:	eb50 5044 	adcs.w	r0, r0, r4, lsl #21
10005c54:	eb41 21d4 	adc.w	r1, r1, r4, lsr #11
10005c58:	e8bd 81f0 	ldmia.w	sp!, {r4, r5, r6, r7, r8, pc}
10005c5c:	100056c0 	.word	0x100056c0
10005c60:	10005630 	.word	0x10005630
10005c64:	100056c0 	.word	0x100056c0
10005c68:	100057c0 	.word	0x100057c0

10005c6c <fisint>:
10005c6c:	f3c0 53c7 	ubfx	r3, r0, #23, #8
10005c70:	b16b      	cbz	r3, 10005c8e <fisint+0x22>
10005c72:	3b7f      	subs	r3, #127	@ 0x7f
10005c74:	d40d      	bmi.n	10005c92 <fisint+0x26>
10005c76:	f1c3 0317 	rsb	r3, r3, #23
10005c7a:	2b00      	cmp	r3, #0
10005c7c:	dd0b      	ble.n	10005c96 <fisint+0x2a>
10005c7e:	2201      	movs	r2, #1
10005c80:	fa02 f303 	lsl.w	r3, r2, r3
10005c84:	3b01      	subs	r3, #1
10005c86:	4203      	tst	r3, r0
10005c88:	d107      	bne.n	10005c9a <fisint+0x2e>
10005c8a:	4610      	mov	r0, r2
10005c8c:	4770      	bx	lr
10005c8e:	2001      	movs	r0, #1
10005c90:	4770      	bx	lr
10005c92:	2000      	movs	r0, #0
10005c94:	4770      	bx	lr
10005c96:	2001      	movs	r0, #1
10005c98:	4770      	bx	lr
10005c9a:	2000      	movs	r0, #0
10005c9c:	4770      	bx	lr

10005c9e <fisoddint>:
10005c9e:	f3c0 53c7 	ubfx	r3, r0, #23, #8
10005ca2:	3b7f      	subs	r3, #127	@ 0x7f
10005ca4:	d40d      	bmi.n	10005cc2 <fisoddint+0x24>
10005ca6:	f1d3 0317 	rsbs	r3, r3, #23
10005caa:	d40c      	bmi.n	10005cc6 <fisoddint+0x28>
10005cac:	2201      	movs	r2, #1
10005cae:	409a      	lsls	r2, r3
10005cb0:	3a01      	subs	r2, #1
10005cb2:	4202      	tst	r2, r0
10005cb4:	d109      	bne.n	10005cca <fisoddint+0x2c>
10005cb6:	2b17      	cmp	r3, #23
10005cb8:	d009      	beq.n	10005cce <fisoddint+0x30>
10005cba:	40d8      	lsrs	r0, r3
10005cbc:	f000 0001 	and.w	r0, r0, #1
10005cc0:	4770      	bx	lr
10005cc2:	2000      	movs	r0, #0
10005cc4:	4770      	bx	lr
10005cc6:	2000      	movs	r0, #0
10005cc8:	4770      	bx	lr
10005cca:	2000      	movs	r0, #0
10005ccc:	4770      	bx	lr
10005cce:	2001      	movs	r0, #1
10005cd0:	4770      	bx	lr

10005cd2 <fispo2>:
10005cd2:	f010 43ff 	ands.w	r3, r0, #2139095040	@ 0x7f800000
10005cd6:	d008      	beq.n	10005cea <fispo2+0x18>
10005cd8:	f1b3 4fff 	cmp.w	r3, #2139095040	@ 0x7f800000
10005cdc:	d007      	beq.n	10005cee <fispo2+0x1c>
10005cde:	f3c0 0016 	ubfx	r0, r0, #0, #23
10005ce2:	fab0 f080 	clz	r0, r0
10005ce6:	0940      	lsrs	r0, r0, #5
10005ce8:	4770      	bx	lr
10005cea:	2000      	movs	r0, #0
10005cec:	4770      	bx	lr
10005cee:	2000      	movs	r0, #0
10005cf0:	4770      	bx	lr

10005cf2 <fpow_int2>:
10005cf2:	b538      	push	{r3, r4, r5, lr}
10005cf4:	4605      	mov	r5, r0
10005cf6:	2901      	cmp	r1, #1
10005cf8:	d011      	beq.n	10005d1e <fpow_int2+0x2c>
10005cfa:	460c      	mov	r4, r1
10005cfc:	eb01 71d1 	add.w	r1, r1, r1, lsr #31
10005d00:	1049      	asrs	r1, r1, #1
10005d02:	f7ff fff6 	bl	10005cf2 <fpow_int2>
10005d06:	ee07 0a90 	vmov	s15, r0
10005d0a:	ee67 7aa7 	vmul.f32	s15, s15, s15
10005d0e:	f014 0f01 	tst.w	r4, #1
10005d12:	d006      	beq.n	10005d22 <fpow_int2+0x30>
10005d14:	ee07 5a10 	vmov	s14, r5
10005d18:	ee67 7a87 	vmul.f32	s15, s15, s14
10005d1c:	e001      	b.n	10005d22 <fpow_int2+0x30>
10005d1e:	ee07 0a90 	vmov	s15, r0
10005d22:	ee17 0a90 	vmov	r0, s15
10005d26:	bd38      	pop	{r3, r4, r5, pc}

10005d28 <fpowint_1>:
10005d28:	b508      	push	{r3, lr}
10005d2a:	2900      	cmp	r1, #0
10005d2c:	db02      	blt.n	10005d34 <fpowint_1+0xc>
10005d2e:	f7ff ffe0 	bl	10005cf2 <fpow_int2>
10005d32:	bd08      	pop	{r3, pc}
10005d34:	eef7 7a00 	vmov.f32	s15, #112	@ 0x3f800000  1.0
10005d38:	ee07 0a10 	vmov	s14, r0
10005d3c:	eec7 7a87 	vdiv.f32	s15, s15, s14
10005d40:	ee17 0a90 	vmov	r0, s15
10005d44:	4249      	negs	r1, r1
10005d46:	e7f2      	b.n	10005d2e <fpowint_1+0x6>

10005d48 <fpow_1>:
10005d48:	b570      	push	{r4, r5, r6, lr}
10005d4a:	460e      	mov	r6, r1
10005d4c:	f003 f928 	bl	10008fa0 <____aeabi_f2d_veneer>
10005d50:	f7ff fecf 	bl	10005af2 <__wrap_log>
10005d54:	4604      	mov	r4, r0
10005d56:	460d      	mov	r5, r1
10005d58:	4630      	mov	r0, r6
10005d5a:	f003 f921 	bl	10008fa0 <____aeabi_f2d_veneer>
10005d5e:	4602      	mov	r2, r0
10005d60:	460b      	mov	r3, r1
10005d62:	4620      	mov	r0, r4
10005d64:	4629      	mov	r1, r5
10005d66:	f7ff faa1 	bl	100052ac <__wrap___aeabi_dmul>
10005d6a:	f7ff fd44 	bl	100057f6 <__wrap_exp>
10005d6e:	f7ff fb11 	bl	10005394 <__wrap___aeabi_d2f>
10005d72:	bd70      	pop	{r4, r5, r6, pc}

10005d74 <fpow_0>:
10005d74:	e92d 41f0 	stmdb	sp!, {r4, r5, r6, r7, r8, lr}
10005d78:	460f      	mov	r7, r1
10005d7a:	4604      	mov	r4, r0
10005d7c:	0fc6      	lsrs	r6, r0, #31
10005d7e:	d012      	beq.n	10005da6 <fpow_0+0x32>
10005d80:	4608      	mov	r0, r1
10005d82:	f7ff ff8c 	bl	10005c9e <fisoddint>
10005d86:	b140      	cbz	r0, 10005d9a <fpow_0+0x26>
10005d88:	4639      	mov	r1, r7
10005d8a:	f104 4000 	add.w	r0, r4, #2147483648	@ 0x80000000
10005d8e:	f7ff fff1 	bl	10005d74 <fpow_0>
10005d92:	f100 4000 	add.w	r0, r0, #2147483648	@ 0x80000000
10005d96:	e8bd 81f0 	ldmia.w	sp!, {r4, r5, r6, r7, r8, pc}
10005d9a:	4639      	mov	r1, r7
10005d9c:	f104 4000 	add.w	r0, r4, #2147483648	@ 0x80000000
10005da0:	f7ff ffe8 	bl	10005d74 <fpow_0>
10005da4:	e7f7      	b.n	10005d96 <fpow_0+0x22>
10005da6:	ee07 1a90 	vmov	s15, r1
10005daa:	eefd 7ae7 	vcvt.s32.f32	s15, s15
10005dae:	ee17 8a90 	vmov	r8, s15
10005db2:	f7ff ff8e 	bl	10005cd2 <fispo2>
10005db6:	b958      	cbnz	r0, 10005dd0 <fpow_0+0x5c>
10005db8:	f1b8 0f00 	cmp.w	r8, #0
10005dbc:	d02b      	beq.n	10005e16 <fpow_0+0xa2>
10005dbe:	f108 0320 	add.w	r3, r8, #32
10005dc2:	2b40      	cmp	r3, #64	@ 0x40
10005dc4:	d922      	bls.n	10005e0c <fpow_0+0x98>
10005dc6:	4639      	mov	r1, r7
10005dc8:	4620      	mov	r0, r4
10005dca:	f7ff ffbd 	bl	10005d48 <fpow_1>
10005dce:	e7e2      	b.n	10005d96 <fpow_0+0x22>
10005dd0:	f3c4 54c7 	ubfx	r4, r4, #23, #8
10005dd4:	3c7f      	subs	r4, #127	@ 0x7f
10005dd6:	f1b8 0fff 	cmp.w	r8, #255	@ 0xff
10005dda:	dc05      	bgt.n	10005de8 <fpow_0+0x74>
10005ddc:	f518 7f80 	cmn.w	r8, #256	@ 0x100
10005de0:	da04      	bge.n	10005dec <fpow_0+0x78>
10005de2:	f06f 08ff 	mvn.w	r8, #255	@ 0xff
10005de6:	e001      	b.n	10005dec <fpow_0+0x78>
10005de8:	f04f 08ff 	mov.w	r8, #255	@ 0xff
10005dec:	fb04 f408 	mul.w	r4, r4, r8
10005df0:	f104 037f 	add.w	r3, r4, #127	@ 0x7f
10005df4:	2b00      	cmp	r3, #0
10005df6:	dd07      	ble.n	10005e08 <fpow_0+0x94>
10005df8:	2bfe      	cmp	r3, #254	@ 0xfe
10005dfa:	dc03      	bgt.n	10005e04 <fpow_0+0x90>
10005dfc:	05e4      	lsls	r4, r4, #23
10005dfe:	f104 567e 	add.w	r6, r4, #1065353216	@ 0x3f800000
10005e02:	e001      	b.n	10005e08 <fpow_0+0x94>
10005e04:	f04f 46ff 	mov.w	r6, #2139095040	@ 0x7f800000
10005e08:	4630      	mov	r0, r6
10005e0a:	e7c4      	b.n	10005d96 <fpow_0+0x22>
10005e0c:	4641      	mov	r1, r8
10005e0e:	4620      	mov	r0, r4
10005e10:	f7ff ff8a 	bl	10005d28 <fpowint_1>
10005e14:	e7bf      	b.n	10005d96 <fpow_0+0x22>
10005e16:	f04f 507e 	mov.w	r0, #1065353216	@ 0x3f800000
10005e1a:	e7bc      	b.n	10005d96 <fpow_0+0x22>

10005e1c <__wrap_asinf>:
10005e1c:	b508      	push	{r3, lr}
10005e1e:	ed2d 8b02 	vpush	{d8}
10005e22:	ee08 0a10 	vmov	s16, r0
10005e26:	eef7 7a00 	vmov.f32	s15, #112	@ 0x3f800000  1.0
10005e2a:	ee37 7ac8 	vsub.f32	s14, s15, s16
10005e2e:	ee78 7a27 	vadd.f32	s15, s16, s15
10005e32:	ee67 7a27 	vmul.f32	s15, s14, s15
10005e36:	ee17 0a90 	vmov	r0, s15
10005e3a:	f010 4fff 	tst.w	r0, #2139095040	@ 0x7f800000
10005e3e:	d001      	beq.n	10005e44 <__wrap_asinf+0x28>
10005e40:	2800      	cmp	r0, #0
10005e42:	db09      	blt.n	10005e58 <__wrap_asinf+0x3c>
10005e44:	f003 f8c0 	bl	10008fc8 <__sqrtf_veneer>
10005e48:	4601      	mov	r1, r0
10005e4a:	ee18 0a10 	vmov	r0, s16
10005e4e:	f000 fab5 	bl	100063bc <__wrap_atan2f>
10005e52:	ecbd 8b02 	vpop	{d8}
10005e56:	bd08      	pop	{r3, pc}
10005e58:	f04f 40ff 	mov.w	r0, #2139095040	@ 0x7f800000
10005e5c:	e7f9      	b.n	10005e52 <__wrap_asinf+0x36>
	...

10005e60 <__wrap_powf>:
10005e60:	b538      	push	{r3, r4, r5, lr}
10005e62:	ed2d 8b02 	vpush	{d8}
10005e66:	ee08 0a10 	vmov	s16, r0
10005e6a:	eef7 7a00 	vmov.f32	s15, #112	@ 0x3f800000  1.0
10005e6e:	eeb4 8a67 	vcmp.f32	s16, s15
10005e72:	eef1 fa10 	vmrs	APSR_nzcv, fpscr
10005e76:	d01d      	beq.n	10005eb4 <__wrap_powf+0x54>
10005e78:	460c      	mov	r4, r1
10005e7a:	460b      	mov	r3, r1
10005e7c:	f011 42ff 	ands.w	r2, r1, #2139095040	@ 0x7f800000
10005e80:	d018      	beq.n	10005eb4 <__wrap_powf+0x54>
10005e82:	eeff 7a00 	vmov.f32	s15, #240	@ 0xbf800000 -1.0
10005e86:	eeb4 8a67 	vcmp.f32	s16, s15
10005e8a:	eef1 fa10 	vmrs	APSR_nzcv, fpscr
10005e8e:	d102      	bne.n	10005e96 <__wrap_powf+0x36>
10005e90:	f1b2 4fff 	cmp.w	r2, #2139095040	@ 0x7f800000
10005e94:	d05e      	beq.n	10005f54 <__wrap_powf+0xf4>
10005e96:	ee18 5a10 	vmov	r5, s16
10005e9a:	f015 4fff 	tst.w	r5, #2139095040	@ 0x7f800000
10005e9e:	d118      	bne.n	10005ed2 <__wrap_powf+0x72>
10005ea0:	2b00      	cmp	r3, #0
10005ea2:	db0c      	blt.n	10005ebe <__wrap_powf+0x5e>
10005ea4:	4620      	mov	r0, r4
10005ea6:	f7ff fefa 	bl	10005c9e <fisoddint>
10005eaa:	2800      	cmp	r0, #0
10005eac:	d055      	beq.n	10005f5a <__wrap_powf+0xfa>
10005eae:	ee18 0a10 	vmov	r0, s16
10005eb2:	e001      	b.n	10005eb8 <__wrap_powf+0x58>
10005eb4:	f04f 507e 	mov.w	r0, #1065353216	@ 0x3f800000
10005eb8:	ecbd 8b02 	vpop	{d8}
10005ebc:	bd38      	pop	{r3, r4, r5, pc}
10005ebe:	4620      	mov	r0, r4
10005ec0:	f7ff feed 	bl	10005c9e <fisoddint>
10005ec4:	2800      	cmp	r0, #0
10005ec6:	d04a      	beq.n	10005f5e <__wrap_powf+0xfe>
10005ec8:	f005 4000 	and.w	r0, r5, #2147483648	@ 0x80000000
10005ecc:	f040 40ff 	orr.w	r0, r0, #2139095040	@ 0x7f800000
10005ed0:	e7f2      	b.n	10005eb8 <__wrap_powf+0x58>
10005ed2:	0dea      	lsrs	r2, r5, #23
10005ed4:	2aff      	cmp	r2, #255	@ 0xff
10005ed6:	d013      	beq.n	10005f00 <__wrap_powf+0xa0>
10005ed8:	f240 11ff 	movw	r1, #511	@ 0x1ff
10005edc:	428a      	cmp	r2, r1
10005ede:	d013      	beq.n	10005f08 <__wrap_powf+0xa8>
10005ee0:	0ddb      	lsrs	r3, r3, #23
10005ee2:	2bff      	cmp	r3, #255	@ 0xff
10005ee4:	d01f      	beq.n	10005f26 <__wrap_powf+0xc6>
10005ee6:	f240 11ff 	movw	r1, #511	@ 0x1ff
10005eea:	428b      	cmp	r3, r1
10005eec:	d020      	beq.n	10005f30 <__wrap_powf+0xd0>
10005eee:	4620      	mov	r0, r4
10005ef0:	f7ff febc 	bl	10005c6c <fisint>
10005ef4:	bb10      	cbnz	r0, 10005f3c <__wrap_powf+0xdc>
10005ef6:	2d00      	cmp	r5, #0
10005ef8:	da26      	bge.n	10005f48 <__wrap_powf+0xe8>
10005efa:	f04f 40ff 	mov.w	r0, #2139095040	@ 0x7f800000
10005efe:	e7db      	b.n	10005eb8 <__wrap_powf+0x58>
10005f00:	2b00      	cmp	r3, #0
10005f02:	da2f      	bge.n	10005f64 <__wrap_powf+0x104>
10005f04:	2000      	movs	r0, #0
10005f06:	e7d7      	b.n	10005eb8 <__wrap_powf+0x58>
10005f08:	2b00      	cmp	r3, #0
10005f0a:	db05      	blt.n	10005f18 <__wrap_powf+0xb8>
10005f0c:	4620      	mov	r0, r4
10005f0e:	f7ff fec6 	bl	10005c9e <fisoddint>
10005f12:	b350      	cbz	r0, 10005f6a <__wrap_powf+0x10a>
10005f14:	481a      	ldr	r0, [pc, #104]	@ (10005f80 <__wrap_powf+0x120>)
10005f16:	e7cf      	b.n	10005eb8 <__wrap_powf+0x58>
10005f18:	4620      	mov	r0, r4
10005f1a:	f7ff fec0 	bl	10005c9e <fisoddint>
10005f1e:	b338      	cbz	r0, 10005f70 <__wrap_powf+0x110>
10005f20:	f04f 4000 	mov.w	r0, #2147483648	@ 0x80000000
10005f24:	e7c8      	b.n	10005eb8 <__wrap_powf+0x58>
10005f26:	b2d2      	uxtb	r2, r2
10005f28:	2a7e      	cmp	r2, #126	@ 0x7e
10005f2a:	dc23      	bgt.n	10005f74 <__wrap_powf+0x114>
10005f2c:	2000      	movs	r0, #0
10005f2e:	e7c3      	b.n	10005eb8 <__wrap_powf+0x58>
10005f30:	b2d2      	uxtb	r2, r2
10005f32:	2a7e      	cmp	r2, #126	@ 0x7e
10005f34:	dc21      	bgt.n	10005f7a <__wrap_powf+0x11a>
10005f36:	f04f 40ff 	mov.w	r0, #2139095040	@ 0x7f800000
10005f3a:	e7bd      	b.n	10005eb8 <__wrap_powf+0x58>
10005f3c:	4621      	mov	r1, r4
10005f3e:	ee18 0a10 	vmov	r0, s16
10005f42:	f7ff ff17 	bl	10005d74 <fpow_0>
10005f46:	e7b7      	b.n	10005eb8 <__wrap_powf+0x58>
10005f48:	4621      	mov	r1, r4
10005f4a:	ee18 0a10 	vmov	r0, s16
10005f4e:	f7ff fefb 	bl	10005d48 <fpow_1>
10005f52:	e7b1      	b.n	10005eb8 <__wrap_powf+0x58>
10005f54:	f04f 507e 	mov.w	r0, #1065353216	@ 0x3f800000
10005f58:	e7ae      	b.n	10005eb8 <__wrap_powf+0x58>
10005f5a:	2000      	movs	r0, #0
10005f5c:	e7ac      	b.n	10005eb8 <__wrap_powf+0x58>
10005f5e:	f04f 40ff 	mov.w	r0, #2139095040	@ 0x7f800000
10005f62:	e7a9      	b.n	10005eb8 <__wrap_powf+0x58>
10005f64:	f04f 40ff 	mov.w	r0, #2139095040	@ 0x7f800000
10005f68:	e7a6      	b.n	10005eb8 <__wrap_powf+0x58>
10005f6a:	f04f 40ff 	mov.w	r0, #2139095040	@ 0x7f800000
10005f6e:	e7a3      	b.n	10005eb8 <__wrap_powf+0x58>
10005f70:	2000      	movs	r0, #0
10005f72:	e7a1      	b.n	10005eb8 <__wrap_powf+0x58>
10005f74:	f04f 40ff 	mov.w	r0, #2139095040	@ 0x7f800000
10005f78:	e79e      	b.n	10005eb8 <__wrap_powf+0x58>
10005f7a:	2000      	movs	r0, #0
10005f7c:	e79c      	b.n	10005eb8 <__wrap_powf+0x58>
10005f7e:	bf00      	nop
10005f80:	ff800000 	.word	0xff800000
10005f84:	00000000 	.word	0x00000000

10005f88 <rtwopi>:
	...
10005f90:	28be60db 	.word	0x28be60db
10005f94:	9391054a 	.word	0x9391054a
10005f98:	7f09d5f4 	.word	0x7f09d5f4
10005f9c:	7d4d3770 	.word	0x7d4d3770
10005fa0:	36d8a566 	.word	0x36d8a566
10005fa4:	4f10e410 	.word	0x4f10e410

10005fa8 <frr_core>:
10005fa8:	f2af 0224 	subw	r2, pc, #36	@ 0x24
10005fac:	114b      	asrs	r3, r1, #5
10005fae:	eb02 0283 	add.w	r2, r2, r3, lsl #2
10005fb2:	f001 031f 	and.w	r3, r1, #31
10005fb6:	f04f 0401 	mov.w	r4, #1
10005fba:	409c      	lsls	r4, r3
10005fbc:	fba4 3400 	umull	r3, r4, r4, r0
10005fc0:	68d5      	ldr	r5, [r2, #12]
10005fc2:	fba5 5604 	umull	r5, r6, r5, r4
10005fc6:	6895      	ldr	r5, [r2, #8]
10005fc8:	fb05 6604 	mla	r6, r5, r4, r6
10005fcc:	fbe5 5603 	umlal	r5, r6, r5, r3
10005fd0:	6855      	ldr	r5, [r2, #4]
10005fd2:	fb05 6603 	mla	r6, r5, r3, r6
10005fd6:	4770      	bx	lr
10005fd8:	0241      	lsls	r1, r0, #9
10005fda:	d101      	bne.n	10005fe0 <frr_core+0x38>
10005fdc:	f050 4000 	orrs.w	r0, r0, #2147483648	@ 0x80000000
10005fe0:	f450 0080 	orrs.w	r0, r0, #4194304	@ 0x400000
10005fe4:	4770      	bx	lr
10005fe6:	b5f0      	push	{r4, r5, r6, r7, lr}
10005fe8:	2301      	movs	r3, #1
10005fea:	f363 50df 	bfi	r0, r3, #23, #9
10005fee:	f1c1 0109 	rsb	r1, r1, #9
10005ff2:	f04f 077e 	mov.w	r7, #126	@ 0x7e
10005ff6:	f7ff ffd7 	bl	10005fa8 <frr_core>
10005ffa:	0fb3      	lsrs	r3, r6, #30
10005ffc:	f153 0300 	adcs.w	r3, r3, #0
10006000:	449c      	add	ip, r3
10006002:	ebb6 7683 	subs.w	r6, r6, r3, lsl #30
10006006:	00b2      	lsls	r2, r6, #2
10006008:	bf28      	it	cs
1000600a:	4252      	negcs	r2, r2
1000600c:	f1b2 5f80 	cmp.w	r2, #268435456	@ 0x10000000
10006010:	d20b      	bcs.n	1000602a <frr_core+0x82>
10006012:	3102      	adds	r1, #2
10006014:	f7ff ffc8 	bl	10005fa8 <frr_core>
10006018:	ea96 0226 	eors.w	r2, r6, r6, asr #32
1000601c:	f142 0200 	adc.w	r2, r2, #0
10006020:	f1b2 5f80 	cmp.w	r2, #268435456	@ 0x10000000
10006024:	d201      	bcs.n	1000602a <frr_core+0x82>
10006026:	3f02      	subs	r7, #2
10006028:	d5f3      	bpl.n	10006012 <frr_core+0x6a>
1000602a:	4c0a      	ldr	r4, [pc, #40]	@ (10006054 <frr_core+0xac>)
1000602c:	fba2 2404 	umull	r2, r4, r2, r4
10006030:	fab4 f284 	clz	r2, r4
10006034:	4094      	lsls	r4, r2
10006036:	0a24      	lsrs	r4, r4, #8
10006038:	eba7 0202 	sub.w	r2, r7, r2
1000603c:	eb44 50c2 	adc.w	r0, r4, r2, lsl #23
10006040:	0dc1      	lsrs	r1, r0, #23
10006042:	f1d1 017f 	rsbs	r1, r1, #127	@ 0x7f
10006046:	0ff6      	lsrs	r6, r6, #31
10006048:	eb00 73c6 	add.w	r3, r0, r6, lsl #31
1000604c:	e8bd 40f0 	ldmia.w	sp!, {r4, r5, r6, r7, lr}
10006050:	e073      	b.n	1000613a <__wrap_cosf+0x14>
10006052:	0000      	.short	0x0000
10006054:	c90fdaa2 	.word	0xc90fdaa2
10006058:	f111 0f80 	cmn.w	r1, #128	@ 0x80
1000605c:	d0bc      	beq.n	10005fd8 <frr_core+0x30>
1000605e:	ea30 72cc 	bics.w	r2, r0, ip, lsl #31
10006062:	bf48      	it	mi
10006064:	f10c 0c02 	addmi.w	ip, ip, #2
10006068:	f020 4000 	bic.w	r0, r0, #2147483648	@ 0x80000000
1000606c:	ee00 0a10 	vmov	s0, r0
10006070:	a20d      	add	r2, pc, #52	@ (adr r2, 100060a8 <k_sc4>)
10006072:	ecf2 2a03 	vldmia	r2!, {s5-s7}
10006076:	ee22 2a80 	vmul.f32	s4, s5, s0
1000607a:	f111 0f08 	cmn.w	r1, #8
1000607e:	feb9 2a42 	vrintn.f32	s4, s4
10006082:	ddb0      	ble.n	10005fe6 <frr_core+0x3e>
10006084:	eea2 0a63 	vfms.f32	s0, s4, s7
10006088:	eea2 0a43 	vfms.f32	s0, s4, s6
1000608c:	ee10 3a10 	vmov	r3, s0
10006090:	eefd 1ac2 	vcvt.s32.f32	s3, s4
10006094:	f3c3 52c7 	ubfx	r2, r3, #23, #8
10006098:	2a78      	cmp	r2, #120	@ 0x78
1000609a:	d3a4      	bcc.n	10005fe6 <frr_core+0x3e>
1000609c:	f1d2 017f 	rsbs	r1, r2, #127	@ 0x7f
100060a0:	ee11 2a90 	vmov	r2, s3
100060a4:	4494      	add	ip, r2
100060a6:	e048      	b.n	1000613a <__wrap_cosf+0x14>

100060a8 <k_sc4>:
100060a8:	3f22f983 	.word	0x3f22f983
100060ac:	b695777a 	.word	0xb695777a
100060b0:	3fc91000 	.word	0x3fc91000

100060b4 <__wrap_sincosf>:
100060b4:	b507      	push	{r0, r1, r2, lr}
100060b6:	f3c0 51c7 	ubfx	r1, r0, #23, #8
100060ba:	29ff      	cmp	r1, #255	@ 0xff
100060bc:	d025      	beq.n	1000610a <__wrap_sincosf+0x56>
100060be:	f000 f832 	bl	10006126 <__wrap_cosf>
100060c2:	e8bd 4006 	ldmia.w	sp!, {r1, r2, lr}
100060c6:	f8ce 0000 	str.w	r0, [lr]
100060ca:	d20e      	bcs.n	100060ea <__wrap_sincosf+0x36>
100060cc:	43c9      	mvns	r1, r1
100060ce:	ea8c 7cd1 	eor.w	ip, ip, r1, lsr #31
100060d2:	ee63 2aa0 	vmul.f32	s5, s7, s1
100060d6:	eee1 2a03 	vfma.f32	s5, s2, s6
100060da:	ee73 2a62 	vsub.f32	s5, s6, s5
100060de:	ee12 0a90 	vmov	r0, s5
100060e2:	ea80 70cc 	eor.w	r0, r0, ip, lsl #31
100060e6:	6010      	str	r0, [r2, #0]
100060e8:	bd00      	pop	{pc}
100060ea:	ea8c 7cd1 	eor.w	ip, ip, r1, lsr #31
100060ee:	ee21 2a23 	vmul.f32	s4, s2, s7
100060f2:	eea3 2a60 	vfms.f32	s4, s6, s1
100060f6:	ea8c 71d3 	eor.w	r1, ip, r3, lsr #31
100060fa:	ee33 2ac2 	vsub.f32	s4, s7, s4
100060fe:	ee12 0a10 	vmov	r0, s4
10006102:	ea80 70c1 	eor.w	r0, r0, r1, lsl #31
10006106:	6010      	str	r0, [r2, #0]
10006108:	bd00      	pop	{pc}
1000610a:	0241      	lsls	r1, r0, #9
1000610c:	e8bd 400e 	ldmia.w	sp!, {r1, r2, r3, lr}
10006110:	d101      	bne.n	10006116 <__wrap_sincosf+0x62>
10006112:	f050 4000 	orrs.w	r0, r0, #2147483648	@ 0x80000000
10006116:	f450 0080 	orrs.w	r0, r0, #4194304	@ 0x400000
1000611a:	6010      	str	r0, [r2, #0]
1000611c:	6018      	str	r0, [r3, #0]
1000611e:	4770      	bx	lr

10006120 <__wrap_sinf>:
10006120:	f05f 0c00 	movs.w	ip, #0
10006124:	e001      	b.n	1000612a <__wrap_cosf+0x4>

10006126 <__wrap_cosf>:
10006126:	f05f 0c01 	movs.w	ip, #1
1000612a:	f3c0 51c7 	ubfx	r1, r0, #23, #8
1000612e:	b3a1      	cbz	r1, 1000619a <fsc_sintail+0x1a>
10006130:	f1d1 017f 	rsbs	r1, r1, #127	@ 0x7f
10006134:	d990      	bls.n	10006058 <frr_core+0xb0>
10006136:	ea20 73cc 	bic.w	r3, r0, ip, lsl #31
1000613a:	f023 4000 	bic.w	r0, r3, #2147483648	@ 0x80000000
1000613e:	ee00 0a10 	vmov	s0, r0
10006142:	f3c0 4084 	ubfx	r0, r0, #18, #5
10006146:	3020      	adds	r0, #32
10006148:	fa30 f101 	lsrs.w	r1, r0, r1
1000614c:	4a83      	ldr	r2, [pc, #524]	@ (1000635c <trigtab2+0x18c>)
1000614e:	f151 0100 	adcs.w	r1, r1, #0
10006152:	ecb2 4a02 	vldmia	r2!, {s8-s9}
10006156:	eb02 0281 	add.w	r2, r2, r1, lsl #2
1000615a:	eb02 02c1 	add.w	r2, r2, r1, lsl #3
1000615e:	ecd2 2a03 	vldmia	r2, {s5-s7}
10006162:	ee70 0a62 	vsub.f32	s1, s0, s5
10006166:	ee20 1aa0 	vmul.f32	s2, s1, s1
1000616a:	ea5f 0c5c 	movs.w	ip, ip, lsr #1
1000616e:	ee61 1a20 	vmul.f32	s3, s2, s1
10006172:	d215      	bcs.n	100061a0 <fsc_sintail+0x20>
10006174:	ee21 1a04 	vmul.f32	s2, s2, s8
10006178:	ee61 1aa4 	vmul.f32	s3, s3, s9
1000617c:	ee70 0ae1 	vsub.f32	s1, s1, s3

10006180 <fsc_sintail>:
10006180:	ee21 2a23 	vmul.f32	s4, s2, s7
10006184:	eea3 2a60 	vfms.f32	s4, s6, s1
10006188:	ea8c 71d3 	eor.w	r1, ip, r3, lsr #31
1000618c:	ee33 2ac2 	vsub.f32	s4, s7, s4
10006190:	ee12 0a10 	vmov	r0, s4
10006194:	ea80 70c1 	eor.w	r0, r0, r1, lsl #31
10006198:	4770      	bx	lr
1000619a:	f000 4000 	and.w	r0, r0, #2147483648	@ 0x80000000
1000619e:	e7c7      	b.n	10006130 <__wrap_cosf+0xa>
100061a0:	ee61 1aa4 	vmul.f32	s3, s3, s9
100061a4:	ee70 0ae1 	vsub.f32	s1, s1, s3
100061a8:	ee21 1a04 	vmul.f32	s2, s2, s8

100061ac <fsc_costail>:
100061ac:	ee63 2aa0 	vmul.f32	s5, s7, s1
100061b0:	eee1 2a03 	vfma.f32	s5, s2, s6
100061b4:	ee73 2a62 	vsub.f32	s5, s6, s5
100061b8:	ee12 0a90 	vmov	r0, s5
100061bc:	ea80 70cc 	eor.w	r0, r0, ip, lsl #31
100061c0:	4770      	bx	lr
100061c2:	bf00      	nop
100061c4:	f3af 8000 	nop.w

100061c8 <k_sc3>:
100061c8:	3efffec1 	.word	0x3efffec1
100061cc:	3e2aaa25 	.word	0x3e2aaa25

100061d0 <trigtab2>:
100061d0:	00000000 	.word	0x00000000
100061d4:	3f800000 	.word	0x3f800000
100061d8:	00000000 	.word	0x00000000
100061dc:	3cfcc961 	.word	0x3cfcc961
100061e0:	3f7fe0cd 	.word	0x3f7fe0cd
100061e4:	3cfcbf1c 	.word	0x3cfcbf1c
100061e8:	3d810576 	.word	0x3d810576
100061ec:	3f7f7dfe 	.word	0x3f7f7dfe
100061f0:	3d80ef9e 	.word	0x3d80ef9e
100061f4:	3dbf0c09 	.word	0x3dbf0c09
100061f8:	3f7ee30f 	.word	0x3f7ee30f
100061fc:	3dbec522 	.word	0x3dbec522
10006200:	3dff24b6 	.word	0x3dff24b6
10006204:	3f7e0414 	.word	0x3f7e0414
10006208:	3dfe7be2 	.word	0x3dfe7be2
1000620c:	3e1f0713 	.word	0x3e1f0713
10006210:	3f7ceb48 	.word	0x3f7ceb48
10006214:	3e1e63a0 	.word	0x3e1e63a0
10006218:	3e40306d 	.word	0x3e40306d
1000621c:	3f7b811d 	.word	0x3f7b811d
10006220:	3e3f1015 	.word	0x3e3f1015
10006224:	3e60ada2 	.word	0x3e60ada2
10006228:	3f79dccf 	.word	0x3f79dccf
1000622c:	3e5ee13e 	.word	0x3e5ee13e
10006230:	3e800d7b 	.word	0x3e800d7b
10006234:	3f7808fa 	.word	0x3f7808fa
10006238:	3e7d7196 	.word	0x3e7d7196
1000623c:	3e8f986e 	.word	0x3e8f986e
10006240:	3f75ff65 	.word	0x3f75ff65
10006244:	3e8db868 	.word	0x3e8db868
10006248:	3e9fe1f4 	.word	0x3e9fe1f4
1000624c:	3f739e93 	.word	0x3f739e93
10006250:	3e9d4bfd 	.word	0x3e9d4bfd
10006254:	3eb054c6 	.word	0x3eb054c6
10006258:	3f70f7ae 	.word	0x3f70f7ae
1000625c:	3eacddb3 	.word	0x3eacddb3
10006260:	3ebf89c5 	.word	0x3ebf89c5
10006264:	3f6e4b60 	.word	0x3f6e4b60
10006268:	3ebb1a0a 	.word	0x3ebb1a0a
1000626c:	3ecfc426 	.word	0x3ecfc426
10006270:	3f6b35ca 	.word	0x3f6b35ca
10006274:	3eca1c63 	.word	0x3eca1c63
10006278:	3ee054f2 	.word	0x3ee054f2
1000627c:	3f67d166 	.word	0x3f67d166
10006280:	3ed93907 	.word	0x3ed93907
10006284:	3eeff0dd 	.word	0x3eeff0dd
10006288:	3f64664b 	.word	0x3f64664b
1000628c:	3ee74116 	.word	0x3ee74116
10006290:	3f002b31 	.word	0x3f002b31
10006294:	3f609488 	.word	0x3f609488
10006298:	3ef5c30f 	.word	0x3ef5c30f
1000629c:	3f07e407 	.word	0x3f07e407
100062a0:	3f5cc5a2 	.word	0x3f5cc5a2
100062a4:	3f01992b 	.word	0x3f01992b
100062a8:	3f101fc5 	.word	0x3f101fc5
100062ac:	3f587d8f 	.word	0x3f587d8f
100062b0:	3f08a165 	.word	0x3f08a165
100062b4:	3f17f68a 	.word	0x3f17f68a
100062b8:	3f5434b5 	.word	0x3f5434b5
100062bc:	3f0f31ca 	.word	0x3f0f31ca
100062c0:	3f1fffe2 	.word	0x3f1fffe2
100062c4:	3f4f9b59 	.word	0x3f4f9b59
100062c8:	3f15c8d7 	.word	0x3f15c8d7
100062cc:	3f280646 	.word	0x3f280646
100062d0:	3f4acf6b 	.word	0x3f4acf6b
100062d4:	3f1c37c4 	.word	0x3f1c37c4
100062d8:	3f303041 	.word	0x3f303041
100062dc:	3f45b9e0 	.word	0x3f45b9e0
100062e0:	3f229ae4 	.word	0x3f229ae4
100062e4:	3f381da7 	.word	0x3f381da7
100062e8:	3f4098ca 	.word	0x3f4098ca
100062ec:	3f28a620 	.word	0x3f28a620
100062f0:	3f3fc72f 	.word	0x3f3fc72f
100062f4:	3f3b76ac 	.word	0x3f3b76ac
100062f8:	3f2e564a 	.word	0x3f2e564a
100062fc:	3f4813db 	.word	0x3f4813db
10006300:	3f35b6cc 	.word	0x3f35b6cc
10006304:	3f34526b 	.word	0x3f34526b
10006308:	3f4fc779 	.word	0x3f4fc779
1000630c:	3f30352f 	.word	0x3f30352f
10006310:	3f39b4d0 	.word	0x3f39b4d0
10006314:	3f57dd52 	.word	0x3f57dd52
10006318:	3f2a4170 	.word	0x3f2a4170
1000631c:	3f3f2d91 	.word	0x3f3f2d91
10006320:	3f5fce26 	.word	0x3f5fce26
10006324:	3f243e9f 	.word	0x3f243e9f
10006328:	3f445dc3 	.word	0x3f445dc3
1000632c:	3f6825f1 	.word	0x3f6825f1
10006330:	3f1dc250 	.word	0x3f1dc250
10006334:	3f499d1c 	.word	0x3f499d1c
10006338:	3f703be1 	.word	0x3f703be1
1000633c:	3f175041 	.word	0x3f175041
10006340:	3f4e7ebf 	.word	0x3f4e7ebf
10006344:	3f781078 	.word	0x3f781078
10006348:	3f10ed71 	.word	0x3f10ed71
1000634c:	3f5306af 	.word	0x3f5306af
10006350:	3f7ff4d4 	.word	0x3f7ff4d4
10006354:	3f0a5aa7 	.word	0x3f0a5aa7
10006358:	3f57649b 	.word	0x3f57649b
1000635c:	100061c8 	.word	0x100061c8
10006360:	f451 0080 	orrs.w	r0, r1, #4194304	@ 0x400000
10006364:	4770      	bx	lr
10006366:	d103      	bne.n	10006370 <trigtab2+0x1a0>
10006368:	f1b3 4fff 	cmp.w	r3, #2139095040	@ 0x7f800000
1000636c:	d13c      	bne.n	100063e8 <__wrap_atan2f+0x2c>
1000636e:	e006      	b.n	1000637e <trigtab2+0x1ae>
10006370:	f450 0080 	orrs.w	r0, r0, #4194304	@ 0x400000
10006374:	4770      	bx	lr
10006376:	d1fb      	bne.n	10006370 <trigtab2+0x1a0>
10006378:	f1b3 4fff 	cmp.w	r3, #2139095040	@ 0x7f800000
1000637c:	d149      	bne.n	10006412 <__wrap_atan2f+0x56>
1000637e:	3801      	subs	r0, #1
10006380:	3901      	subs	r1, #1
10006382:	e01b      	b.n	100063bc <__wrap_atan2f>
10006384:	f003 4300 	and.w	r3, r3, #2147483648	@ 0x80000000
10006388:	f5b2 0f00 	cmp.w	r2, #8388608	@ 0x800000
1000638c:	d202      	bcs.n	10006394 <trigtab2+0x1c4>
1000638e:	e00b      	b.n	100063a8 <trigtab2+0x1d8>
10006390:	f002 4200 	and.w	r2, r2, #2147483648	@ 0x80000000
10006394:	ec43 2a10 	vmov	s0, s1, r2, r3
10006398:	ee80 1a20 	vdiv.f32	s2, s0, s1
1000639c:	e01e      	b.n	100063dc <__wrap_atan2f+0x20>
1000639e:	f003 4300 	and.w	r3, r3, #2147483648	@ 0x80000000
100063a2:	f5b2 0f00 	cmp.w	r2, #8388608	@ 0x800000
100063a6:	d204      	bcs.n	100063b2 <trigtab2+0x1e2>
100063a8:	f041 517e 	orr.w	r1, r1, #1065353216	@ 0x3f800000
100063ac:	e006      	b.n	100063bc <__wrap_atan2f>
100063ae:	f002 4200 	and.w	r2, r2, #2147483648	@ 0x80000000
100063b2:	ec43 2a10 	vmov	s0, s1, r2, r3
100063b6:	ee80 1a80 	vdiv.f32	s2, s1, s0
100063ba:	e024      	b.n	10006406 <__wrap_atan2f+0x4a>

100063bc <__wrap_atan2f>:
100063bc:	f020 4200 	bic.w	r2, r0, #2147483648	@ 0x80000000
100063c0:	f021 4300 	bic.w	r3, r1, #2147483648	@ 0x80000000
100063c4:	ec43 2a10 	vmov	s0, s1, r2, r3
100063c8:	429a      	cmp	r2, r3
100063ca:	d814      	bhi.n	100063f6 <__wrap_atan2f+0x3a>
100063cc:	ee80 1a20 	vdiv.f32	s2, s0, s1
100063d0:	f5b3 0f00 	cmp.w	r3, #8388608	@ 0x800000
100063d4:	d3d6      	bcc.n	10006384 <trigtab2+0x1b4>
100063d6:	f5b2 0f00 	cmp.w	r2, #8388608	@ 0x800000
100063da:	d3d9      	bcc.n	10006390 <trigtab2+0x1c0>
100063dc:	f1b3 4fff 	cmp.w	r3, #2139095040	@ 0x7f800000
100063e0:	d8be      	bhi.n	10006360 <trigtab2+0x190>
100063e2:	f1b2 4fff 	cmp.w	r2, #2139095040	@ 0x7f800000
100063e6:	d2be      	bcs.n	10006366 <trigtab2+0x196>
100063e8:	2900      	cmp	r1, #0
100063ea:	bf4c      	ite	mi
100063ec:	f8df c12c 	ldrmi.w	ip, [pc, #300]	@ 1000651c <pi>
100063f0:	f04f 0c00 	movpl.w	ip, #0
100063f4:	e011      	b.n	1000641a <__wrap_atan2f+0x5e>
100063f6:	ee80 1a80 	vdiv.f32	s2, s1, s0
100063fa:	f5b3 0f00 	cmp.w	r3, #8388608	@ 0x800000
100063fe:	d3ce      	bcc.n	1000639e <trigtab2+0x1ce>
10006400:	f5b2 0f00 	cmp.w	r2, #8388608	@ 0x800000
10006404:	d3d3      	bcc.n	100063ae <trigtab2+0x1de>
10006406:	f1b3 4fff 	cmp.w	r3, #2139095040	@ 0x7f800000
1000640a:	d8a9      	bhi.n	10006360 <trigtab2+0x190>
1000640c:	f1b2 4fff 	cmp.w	r2, #2139095040	@ 0x7f800000
10006410:	d2b1      	bcs.n	10006376 <trigtab2+0x1a6>
10006412:	f8df c104 	ldr.w	ip, [pc, #260]	@ 10006518 <piover2>
10006416:	f091 4100 	eors.w	r1, r1, #2147483648	@ 0x80000000
1000641a:	a242      	add	r2, pc, #264	@ (adr r2, 10006524 <trigtab3>)
1000641c:	eef0 1a41 	vmov.f32	s3, s2
10006420:	eeff 1acd 	vcvt.u32.f32	s3, s3, #6
10006424:	ee11 3a90 	vmov	r3, s3
10006428:	085b      	lsrs	r3, r3, #1
1000642a:	f153 0300 	adcs.w	r3, r3, #0
1000642e:	eb02 02c3 	add.w	r2, r2, r3, lsl #3
10006432:	edd2 2a01 	vldr	s5, [r2, #4]
10006436:	ee22 0a81 	vmul.f32	s0, s5, s2
1000643a:	ee71 0a62 	vsub.f32	s1, s2, s5
1000643e:	eef7 2a00 	vmov.f32	s5, #112	@ 0x3f800000  1.0
10006442:	ee32 0a80 	vadd.f32	s0, s5, s0
10006446:	d032      	beq.n	100064ae <__wrap_atan2f+0xf2>
10006448:	ee80 0a80 	vdiv.f32	s0, s1, s0
1000644c:	6812      	ldr	r2, [r2, #0]
1000644e:	2900      	cmp	r1, #0
10006450:	bf48      	it	mi
10006452:	4252      	negmi	r2, r2
10006454:	4462      	add	r2, ip
10006456:	2800      	cmp	r0, #0
10006458:	bf48      	it	mi
1000645a:	4252      	negmi	r2, r2
1000645c:	2a00      	cmp	r2, #0
1000645e:	d507      	bpl.n	10006470 <__wrap_atan2f+0xb4>
10006460:	4252      	negs	r2, r2
10006462:	fab2 f382 	clz	r3, r2
10006466:	409a      	lsls	r2, r3
10006468:	d00b      	beq.n	10006482 <__wrap_atan2f+0xc6>
1000646a:	f5c3 73c0 	rsb	r3, r3, #384	@ 0x180
1000646e:	e005      	b.n	1000647c <__wrap_atan2f+0xc0>
10006470:	fab2 f382 	clz	r3, r2
10006474:	409a      	lsls	r2, r3
10006476:	d004      	beq.n	10006482 <__wrap_atan2f+0xc6>
10006478:	f1c3 0380 	rsb	r3, r3, #128	@ 0x80
1000647c:	0a12      	lsrs	r2, r2, #8
1000647e:	eb42 52c3 	adc.w	r2, r2, r3, lsl #23
10006482:	ee20 1a00 	vmul.f32	s2, s0, s0
10006486:	eddf 1a26 	vldr	s3, [pc, #152]	@ 10006520 <onethird>
1000648a:	ee21 1a00 	vmul.f32	s2, s2, s0
1000648e:	ea90 0f01 	teq	r0, r1
10006492:	ee21 1a21 	vmul.f32	s2, s2, s3
10006496:	ee02 2a10 	vmov	s4, r2
1000649a:	ee30 0a41 	vsub.f32	s0, s0, s2
1000649e:	bf54      	ite	pl
100064a0:	ee32 0a00 	vaddpl.f32	s0, s4, s0
100064a4:	ee32 0a40 	vsubmi.f32	s0, s4, s0
100064a8:	ee10 0a10 	vmov	r0, s0
100064ac:	4770      	bx	lr
100064ae:	ee80 0a80 	vdiv.f32	s0, s1, s0
100064b2:	4662      	mov	r2, ip
100064b4:	2800      	cmp	r0, #0
100064b6:	bf48      	it	mi
100064b8:	4252      	negmi	r2, r2
100064ba:	2a00      	cmp	r2, #0
100064bc:	d507      	bpl.n	100064ce <__wrap_atan2f+0x112>
100064be:	4252      	negs	r2, r2
100064c0:	fab2 f382 	clz	r3, r2
100064c4:	409a      	lsls	r2, r3
100064c6:	d00b      	beq.n	100064e0 <__wrap_atan2f+0x124>
100064c8:	f5c3 73c0 	rsb	r3, r3, #384	@ 0x180
100064cc:	e005      	b.n	100064da <__wrap_atan2f+0x11e>
100064ce:	fab2 f382 	clz	r3, r2
100064d2:	409a      	lsls	r2, r3
100064d4:	d004      	beq.n	100064e0 <__wrap_atan2f+0x124>
100064d6:	f1c3 0380 	rsb	r3, r3, #128	@ 0x80
100064da:	0a12      	lsrs	r2, r2, #8
100064dc:	eb42 52c3 	adc.w	r2, r2, r3, lsl #23
100064e0:	ee20 1a00 	vmul.f32	s2, s0, s0
100064e4:	eddf 1a0e 	vldr	s3, [pc, #56]	@ 10006520 <onethird>
100064e8:	ee21 1a00 	vmul.f32	s2, s2, s0
100064ec:	ea90 0f01 	teq	r0, r1
100064f0:	ee21 1a21 	vmul.f32	s2, s2, s3
100064f4:	ee02 2a10 	vmov	s4, r2
100064f8:	ee30 0a41 	vsub.f32	s0, s0, s2
100064fc:	bf54      	ite	pl
100064fe:	ee32 0a00 	vaddpl.f32	s0, s4, s0
10006502:	ee32 0a40 	vsubmi.f32	s0, s4, s0
10006506:	ee10 0a10 	vmov	r0, s0
1000650a:	f010 4fff 	tst.w	r0, #2139095040	@ 0x7f800000
1000650e:	bf18      	it	ne
10006510:	4770      	bxne	lr
10006512:	f000 4000 	and.w	r0, r0, #2147483648	@ 0x80000000
10006516:	4770      	bx	lr

10006518 <piover2>:
10006518:	3243f6a9 	.word	0x3243f6a9

1000651c <pi>:
1000651c:	6487ed51 	.word	0x6487ed51

10006520 <onethird>:
10006520:	3eaaaaab 	.word	0x3eaaaaab

10006524 <trigtab3>:
	...
1000652c:	00ffee23 	.word	0x00ffee23
10006530:	3d0001bb 	.word	0x3d0001bb
10006534:	01fe88dc 	.word	0x01fe88dc
10006538:	3d7f992a 	.word	0x3d7f992a
1000653c:	02fe0a70 	.word	0x02fe0a70
10006540:	3dc01203 	.word	0x3dc01203
10006544:	03fad228 	.word	0x03fad228
10006548:	3e000368 	.word	0x3e000368
1000654c:	04f5ab70 	.word	0x04f5ab70
10006550:	3e1ffdea 	.word	0x3e1ffdea
10006554:	05ed56f8 	.word	0x05ed56f8
10006558:	3e3fdddc 	.word	0x3e3fdddc
1000655c:	06e4cfa0 	.word	0x06e4cfa0
10006560:	3e601425 	.word	0x3e601425
10006564:	07d8d3e0 	.word	0x07d8d3e0
10006568:	3e80215d 	.word	0x3e80215d
1000656c:	08c60460 	.word	0x08c60460
10006570:	3e9000a5 	.word	0x3e9000a5
10006574:	09b26770 	.word	0x09b26770
10006578:	3ea01492 	.word	0x3ea01492
1000657c:	0a996d50 	.word	0x0a996d50
10006580:	3eb01377 	.word	0x3eb01377
10006584:	0b7a6d10 	.word	0x0b7a6d10
10006588:	3ebff4a0 	.word	0x3ebff4a0
1000658c:	0c593ce0 	.word	0x0c593ce0
10006590:	3ed0019f 	.word	0x3ed0019f
10006594:	0d33ebd0 	.word	0x0d33ebd0
10006598:	3ee01bbc 	.word	0x3ee01bbc
1000659c:	0e087ab0 	.word	0x0e087ab0
100065a0:	3ef01fbd 	.word	0x3ef01fbd
100065a4:	0ed56180 	.word	0x0ed56180
100065a8:	3effef98 	.word	0x3effef98
100065ac:	0fa1de80 	.word	0x0fa1de80
100065b0:	3f080ebf 	.word	0x3f080ebf
100065b4:	10639d00 	.word	0x10639d00
100065b8:	3f0fec31 	.word	0x3f0fec31
100065bc:	112690e0 	.word	0x112690e0
100065c0:	3f180cfd 	.word	0x3f180cfd
100065c4:	11e014c0 	.word	0x11e014c0
100065c8:	3f200065 	.word	0x3f200065
100065cc:	129651e0 	.word	0x129651e0
100065d0:	3f2808be 	.word	0x3f2808be
100065d4:	1346d400 	.word	0x1346d400
100065d8:	3f300a7d 	.word	0x3f300a7d
100065dc:	13efc7c0 	.word	0x13efc7c0
100065e0:	3f37ee2f 	.word	0x3f37ee2f
100065e4:	14988960 	.word	0x14988960
100065e8:	3f400c32 	.word	0x3f400c32
100065ec:	1537a8c0 	.word	0x1537a8c0
100065f0:	3f47ef42 	.word	0x3f47ef42
100065f4:	15d4cc60 	.word	0x15d4cc60
100065f8:	3f4ff630 	.word	0x3f4ff630
100065fc:	166ef280 	.word	0x166ef280
10006600:	3f581534 	.word	0x3f581534
10006604:	16ff75c0 	.word	0x16ff75c0
10006608:	3f5fef1e 	.word	0x3f5fef1e
1000660c:	179116a0 	.word	0x179116a0
10006610:	3f68184d 	.word	0x3f68184d
10006614:	181b5aa0 	.word	0x181b5aa0
10006618:	3f701722 	.word	0x3f701722
1000661c:	18a10560 	.word	0x18a10560
10006620:	3f781071 	.word	0x3f781071
10006624:	19214060 	.word	0x19214060
10006628:	3f7ff451 	.word	0x3f7ff451

1000662c <_out_null>:
1000662c:	4770      	bx	lr

1000662e <_out_fct>:
1000662e:	b120      	cbz	r0, 1000663a <_out_fct+0xc>
10006630:	b508      	push	{r3, lr}
10006632:	680a      	ldr	r2, [r1, #0]
10006634:	6849      	ldr	r1, [r1, #4]
10006636:	4790      	blx	r2
10006638:	bd08      	pop	{r3, pc}
1000663a:	4770      	bx	lr

1000663c <_atoi>:
1000663c:	4601      	mov	r1, r0
1000663e:	2000      	movs	r0, #0
10006640:	e008      	b.n	10006654 <_atoi+0x18>
10006642:	eb00 0080 	add.w	r0, r0, r0, lsl #2
10006646:	1c53      	adds	r3, r2, #1
10006648:	600b      	str	r3, [r1, #0]
1000664a:	7813      	ldrb	r3, [r2, #0]
1000664c:	eb03 0340 	add.w	r3, r3, r0, lsl #1
10006650:	f1a3 0030 	sub.w	r0, r3, #48	@ 0x30
10006654:	680a      	ldr	r2, [r1, #0]
10006656:	7813      	ldrb	r3, [r2, #0]
10006658:	3b30      	subs	r3, #48	@ 0x30
1000665a:	b2db      	uxtb	r3, r3
1000665c:	2b09      	cmp	r3, #9
1000665e:	d9f0      	bls.n	10006642 <_atoi+0x6>
10006660:	4770      	bx	lr

10006662 <_out_rev>:
10006662:	e92d 4ff0 	stmdb	sp!, {r4, r5, r6, r7, r8, r9, sl, fp, lr}
10006666:	b083      	sub	sp, #12
10006668:	4605      	mov	r5, r0
1000666a:	460e      	mov	r6, r1
1000666c:	4693      	mov	fp, r2
1000666e:	461f      	mov	r7, r3
10006670:	f8dd a030 	ldr.w	sl, [sp, #48]	@ 0x30
10006674:	9c0d      	ldr	r4, [sp, #52]	@ 0x34
10006676:	f8dd 9038 	ldr.w	r9, [sp, #56]	@ 0x38
1000667a:	9b0f      	ldr	r3, [sp, #60]	@ 0x3c
1000667c:	f013 0f03 	tst.w	r3, #3
10006680:	d119      	bne.n	100066b6 <_out_rev+0x54>
10006682:	46a0      	mov	r8, r4
10006684:	9201      	str	r2, [sp, #4]
10006686:	e008      	b.n	1000669a <_out_rev+0x38>
10006688:	f102 0b01 	add.w	fp, r2, #1
1000668c:	463b      	mov	r3, r7
1000668e:	4631      	mov	r1, r6
10006690:	2020      	movs	r0, #32
10006692:	47a8      	blx	r5
10006694:	f108 0801 	add.w	r8, r8, #1
10006698:	465a      	mov	r2, fp
1000669a:	45c8      	cmp	r8, r9
1000669c:	d3f4      	bcc.n	10006688 <_out_rev+0x26>
1000669e:	f8dd b004 	ldr.w	fp, [sp, #4]
100066a2:	e008      	b.n	100066b6 <_out_rev+0x54>
100066a4:	3c01      	subs	r4, #1
100066a6:	f102 0801 	add.w	r8, r2, #1
100066aa:	463b      	mov	r3, r7
100066ac:	4631      	mov	r1, r6
100066ae:	f81a 0004 	ldrb.w	r0, [sl, r4]
100066b2:	47a8      	blx	r5
100066b4:	4642      	mov	r2, r8
100066b6:	2c00      	cmp	r4, #0
100066b8:	d1f4      	bne.n	100066a4 <_out_rev+0x42>
100066ba:	9b0f      	ldr	r3, [sp, #60]	@ 0x3c
100066bc:	f013 0f02 	tst.w	r3, #2
100066c0:	d109      	bne.n	100066d6 <_out_rev+0x74>
100066c2:	4610      	mov	r0, r2
100066c4:	b003      	add	sp, #12
100066c6:	e8bd 8ff0 	ldmia.w	sp!, {r4, r5, r6, r7, r8, r9, sl, fp, pc}
100066ca:	1c54      	adds	r4, r2, #1
100066cc:	463b      	mov	r3, r7
100066ce:	4631      	mov	r1, r6
100066d0:	2020      	movs	r0, #32
100066d2:	47a8      	blx	r5
100066d4:	4622      	mov	r2, r4
100066d6:	eba2 030b 	sub.w	r3, r2, fp
100066da:	454b      	cmp	r3, r9
100066dc:	d3f5      	bcc.n	100066ca <_out_rev+0x68>
100066de:	e7f0      	b.n	100066c2 <_out_rev+0x60>

100066e0 <_ntoa_format>:
100066e0:	e92d 43f0 	stmdb	sp!, {r4, r5, r6, r7, r8, r9, lr}
100066e4:	b085      	sub	sp, #20
100066e6:	4699      	mov	r9, r3
100066e8:	9d0c      	ldr	r5, [sp, #48]	@ 0x30
100066ea:	9c0d      	ldr	r4, [sp, #52]	@ 0x34
100066ec:	f89d 8038 	ldrb.w	r8, [sp, #56]	@ 0x38
100066f0:	f8dd e040 	ldr.w	lr, [sp, #64]	@ 0x40
100066f4:	9f11      	ldr	r7, [sp, #68]	@ 0x44
100066f6:	9e12      	ldr	r6, [sp, #72]	@ 0x48
100066f8:	f016 0f02 	tst.w	r6, #2
100066fc:	d121      	bne.n	10006742 <_ntoa_format+0x62>
100066fe:	b17f      	cbz	r7, 10006720 <_ntoa_format+0x40>
10006700:	f016 0f01 	tst.w	r6, #1
10006704:	d00c      	beq.n	10006720 <_ntoa_format+0x40>
10006706:	f1b8 0f00 	cmp.w	r8, #0
1000670a:	d102      	bne.n	10006712 <_ntoa_format+0x32>
1000670c:	f016 0f0c 	tst.w	r6, #12
10006710:	d006      	beq.n	10006720 <_ntoa_format+0x40>
10006712:	3f01      	subs	r7, #1
10006714:	e004      	b.n	10006720 <_ntoa_format+0x40>
10006716:	f04f 0c30 	mov.w	ip, #48	@ 0x30
1000671a:	f805 c004 	strb.w	ip, [r5, r4]
1000671e:	3401      	adds	r4, #1
10006720:	4574      	cmp	r4, lr
10006722:	d201      	bcs.n	10006728 <_ntoa_format+0x48>
10006724:	2c1f      	cmp	r4, #31
10006726:	d9f6      	bls.n	10006716 <_ntoa_format+0x36>
10006728:	f016 0f01 	tst.w	r6, #1
1000672c:	d009      	beq.n	10006742 <_ntoa_format+0x62>
1000672e:	42bc      	cmp	r4, r7
10006730:	d207      	bcs.n	10006742 <_ntoa_format+0x62>
10006732:	2c1f      	cmp	r4, #31
10006734:	d805      	bhi.n	10006742 <_ntoa_format+0x62>
10006736:	f04f 0c30 	mov.w	ip, #48	@ 0x30
1000673a:	f805 c004 	strb.w	ip, [r5, r4]
1000673e:	3401      	adds	r4, #1
10006740:	e7f2      	b.n	10006728 <_ntoa_format+0x48>
10006742:	f016 0f10 	tst.w	r6, #16
10006746:	d014      	beq.n	10006772 <_ntoa_format+0x92>
10006748:	f416 6f80 	tst.w	r6, #1024	@ 0x400
1000674c:	d104      	bne.n	10006758 <_ntoa_format+0x78>
1000674e:	b11c      	cbz	r4, 10006758 <_ntoa_format+0x78>
10006750:	4574      	cmp	r4, lr
10006752:	d022      	beq.n	1000679a <_ntoa_format+0xba>
10006754:	42bc      	cmp	r4, r7
10006756:	d020      	beq.n	1000679a <_ntoa_format+0xba>
10006758:	9b0f      	ldr	r3, [sp, #60]	@ 0x3c
1000675a:	2b10      	cmp	r3, #16
1000675c:	d033      	beq.n	100067c6 <_ntoa_format+0xe6>
1000675e:	9b0f      	ldr	r3, [sp, #60]	@ 0x3c
10006760:	2b02      	cmp	r3, #2
10006762:	d03d      	beq.n	100067e0 <_ntoa_format+0x100>
10006764:	2c1f      	cmp	r4, #31
10006766:	d80e      	bhi.n	10006786 <_ntoa_format+0xa6>
10006768:	f04f 0c30 	mov.w	ip, #48	@ 0x30
1000676c:	f805 c004 	strb.w	ip, [r5, r4]
10006770:	3401      	adds	r4, #1
10006772:	2c1f      	cmp	r4, #31
10006774:	d807      	bhi.n	10006786 <_ntoa_format+0xa6>
10006776:	f1b8 0f00 	cmp.w	r8, #0
1000677a:	d039      	beq.n	100067f0 <_ntoa_format+0x110>
1000677c:	f04f 0c2d 	mov.w	ip, #45	@ 0x2d
10006780:	f805 c004 	strb.w	ip, [r5, r4]
10006784:	3401      	adds	r4, #1
10006786:	9603      	str	r6, [sp, #12]
10006788:	9702      	str	r7, [sp, #8]
1000678a:	9401      	str	r4, [sp, #4]
1000678c:	9500      	str	r5, [sp, #0]
1000678e:	464b      	mov	r3, r9
10006790:	f7ff ff67 	bl	10006662 <_out_rev>
10006794:	b005      	add	sp, #20
10006796:	e8bd 83f0 	ldmia.w	sp!, {r4, r5, r6, r7, r8, r9, pc}
1000679a:	f1b4 0c01 	subs.w	ip, r4, #1
1000679e:	d01d      	beq.n	100067dc <_ntoa_format+0xfc>
100067a0:	9b0f      	ldr	r3, [sp, #60]	@ 0x3c
100067a2:	2b10      	cmp	r3, #16
100067a4:	d00e      	beq.n	100067c4 <_ntoa_format+0xe4>
100067a6:	4664      	mov	r4, ip
100067a8:	9b0f      	ldr	r3, [sp, #60]	@ 0x3c
100067aa:	2b10      	cmp	r3, #16
100067ac:	d1d7      	bne.n	1000675e <_ntoa_format+0x7e>
100067ae:	f016 0f20 	tst.w	r6, #32
100067b2:	d0d4      	beq.n	1000675e <_ntoa_format+0x7e>
100067b4:	2c1f      	cmp	r4, #31
100067b6:	d8d2      	bhi.n	1000675e <_ntoa_format+0x7e>
100067b8:	f04f 0c58 	mov.w	ip, #88	@ 0x58
100067bc:	f805 c004 	strb.w	ip, [r5, r4]
100067c0:	3401      	adds	r4, #1
100067c2:	e7cf      	b.n	10006764 <_ntoa_format+0x84>
100067c4:	3c02      	subs	r4, #2
100067c6:	f016 0f20 	tst.w	r6, #32
100067ca:	d1ed      	bne.n	100067a8 <_ntoa_format+0xc8>
100067cc:	2c1f      	cmp	r4, #31
100067ce:	d8eb      	bhi.n	100067a8 <_ntoa_format+0xc8>
100067d0:	f04f 0c78 	mov.w	ip, #120	@ 0x78
100067d4:	f805 c004 	strb.w	ip, [r5, r4]
100067d8:	3401      	adds	r4, #1
100067da:	e7c3      	b.n	10006764 <_ntoa_format+0x84>
100067dc:	4664      	mov	r4, ip
100067de:	e7bb      	b.n	10006758 <_ntoa_format+0x78>
100067e0:	2c1f      	cmp	r4, #31
100067e2:	d8d0      	bhi.n	10006786 <_ntoa_format+0xa6>
100067e4:	f04f 0c62 	mov.w	ip, #98	@ 0x62
100067e8:	f805 c004 	strb.w	ip, [r5, r4]
100067ec:	3401      	adds	r4, #1
100067ee:	e7b9      	b.n	10006764 <_ntoa_format+0x84>
100067f0:	f016 0f04 	tst.w	r6, #4
100067f4:	d005      	beq.n	10006802 <_ntoa_format+0x122>
100067f6:	f04f 0c2b 	mov.w	ip, #43	@ 0x2b
100067fa:	f805 c004 	strb.w	ip, [r5, r4]
100067fe:	3401      	adds	r4, #1
10006800:	e7c1      	b.n	10006786 <_ntoa_format+0xa6>
10006802:	f016 0f08 	tst.w	r6, #8
10006806:	d0be      	beq.n	10006786 <_ntoa_format+0xa6>
10006808:	f04f 0c20 	mov.w	ip, #32
1000680c:	f805 c004 	strb.w	ip, [r5, r4]
10006810:	3401      	adds	r4, #1
10006812:	e7b8      	b.n	10006786 <_ntoa_format+0xa6>

10006814 <_ntoa_long>:
10006814:	b5f0      	push	{r4, r5, r6, r7, lr}
10006816:	b091      	sub	sp, #68	@ 0x44
10006818:	9c16      	ldr	r4, [sp, #88]	@ 0x58
1000681a:	9d18      	ldr	r5, [sp, #96]	@ 0x60
1000681c:	9e1b      	ldr	r6, [sp, #108]	@ 0x6c
1000681e:	b90c      	cbnz	r4, 10006824 <_ntoa_long+0x10>
10006820:	f026 0610 	bic.w	r6, r6, #16
10006824:	f416 6e80 	ands.w	lr, r6, #1024	@ 0x400
10006828:	d01d      	beq.n	10006866 <_ntoa_long+0x52>
1000682a:	b364      	cbz	r4, 10006886 <_ntoa_long+0x72>
1000682c:	f04f 0e00 	mov.w	lr, #0
10006830:	e019      	b.n	10006866 <_ntoa_long+0x52>
10006832:	f016 0f20 	tst.w	r6, #32
10006836:	d024      	beq.n	10006882 <_ntoa_long+0x6e>
10006838:	2741      	movs	r7, #65	@ 0x41
1000683a:	44bc      	add	ip, r7
1000683c:	fa5f fc8c 	uxtb.w	ip, ip
10006840:	f1ac 0c0a 	sub.w	ip, ip, #10
10006844:	fa5f fc8c 	uxtb.w	ip, ip
10006848:	f10e 0701 	add.w	r7, lr, #1
1000684c:	f10e 0e40 	add.w	lr, lr, #64	@ 0x40
10006850:	44ee      	add	lr, sp
10006852:	f80e cc20 	strb.w	ip, [lr, #-32]
10006856:	fbb4 fcf5 	udiv	ip, r4, r5
1000685a:	42ac      	cmp	r4, r5
1000685c:	d314      	bcc.n	10006888 <_ntoa_long+0x74>
1000685e:	2f1f      	cmp	r7, #31
10006860:	d812      	bhi.n	10006888 <_ntoa_long+0x74>
10006862:	46be      	mov	lr, r7
10006864:	4664      	mov	r4, ip
10006866:	fbb4 fcf5 	udiv	ip, r4, r5
1000686a:	fb05 4c1c 	mls	ip, r5, ip, r4
1000686e:	fa5f fc8c 	uxtb.w	ip, ip
10006872:	f1bc 0f09 	cmp.w	ip, #9
10006876:	d8dc      	bhi.n	10006832 <_ntoa_long+0x1e>
10006878:	f10c 0c30 	add.w	ip, ip, #48	@ 0x30
1000687c:	fa5f fc8c 	uxtb.w	ip, ip
10006880:	e7e2      	b.n	10006848 <_ntoa_long+0x34>
10006882:	2761      	movs	r7, #97	@ 0x61
10006884:	e7d9      	b.n	1000683a <_ntoa_long+0x26>
10006886:	4627      	mov	r7, r4
10006888:	9606      	str	r6, [sp, #24]
1000688a:	9c1a      	ldr	r4, [sp, #104]	@ 0x68
1000688c:	9405      	str	r4, [sp, #20]
1000688e:	9c19      	ldr	r4, [sp, #100]	@ 0x64
10006890:	9404      	str	r4, [sp, #16]
10006892:	9503      	str	r5, [sp, #12]
10006894:	f89d 405c 	ldrb.w	r4, [sp, #92]	@ 0x5c
10006898:	9402      	str	r4, [sp, #8]
1000689a:	9701      	str	r7, [sp, #4]
1000689c:	ac08      	add	r4, sp, #32
1000689e:	9400      	str	r4, [sp, #0]
100068a0:	f7ff ff1e 	bl	100066e0 <_ntoa_format>
100068a4:	b011      	add	sp, #68	@ 0x44
100068a6:	bdf0      	pop	{r4, r5, r6, r7, pc}

100068a8 <_ntoa_long_long>:
100068a8:	e92d 4ff0 	stmdb	sp!, {r4, r5, r6, r7, r8, r9, sl, fp, lr}
100068ac:	b095      	sub	sp, #84	@ 0x54
100068ae:	9009      	str	r0, [sp, #36]	@ 0x24
100068b0:	910a      	str	r1, [sp, #40]	@ 0x28
100068b2:	920b      	str	r2, [sp, #44]	@ 0x2c
100068b4:	4698      	mov	r8, r3
100068b6:	f8dd b078 	ldr.w	fp, [sp, #120]	@ 0x78
100068ba:	f8dd 907c 	ldr.w	r9, [sp, #124]	@ 0x7c
100068be:	9d22      	ldr	r5, [sp, #136]	@ 0x88
100068c0:	9f23      	ldr	r7, [sp, #140]	@ 0x8c
100068c2:	9e26      	ldr	r6, [sp, #152]	@ 0x98
100068c4:	ea5b 0209 	orrs.w	r2, fp, r9
100068c8:	d101      	bne.n	100068ce <_ntoa_long_long+0x26>
100068ca:	f026 0610 	bic.w	r6, r6, #16
100068ce:	f416 6480 	ands.w	r4, r6, #1024	@ 0x400
100068d2:	d024      	beq.n	1000691e <_ntoa_long_long+0x76>
100068d4:	ea5b 0209 	orrs.w	r2, fp, r9
100068d8:	d02f      	beq.n	1000693a <_ntoa_long_long+0x92>
100068da:	2400      	movs	r4, #0
100068dc:	e01f      	b.n	1000691e <_ntoa_long_long+0x76>
100068de:	f016 0f20 	tst.w	r6, #32
100068e2:	d028      	beq.n	10006936 <_ntoa_long_long+0x8e>
100068e4:	2341      	movs	r3, #65	@ 0x41
100068e6:	4413      	add	r3, r2
100068e8:	b2db      	uxtb	r3, r3
100068ea:	3b0a      	subs	r3, #10
100068ec:	b2db      	uxtb	r3, r3
100068ee:	f104 0a01 	add.w	sl, r4, #1
100068f2:	f104 0250 	add.w	r2, r4, #80	@ 0x50
100068f6:	eb0d 0402 	add.w	r4, sp, r2
100068fa:	f804 3c20 	strb.w	r3, [r4, #-32]
100068fe:	462a      	mov	r2, r5
10006900:	463b      	mov	r3, r7
10006902:	4658      	mov	r0, fp
10006904:	4649      	mov	r1, r9
10006906:	f002 fb4f 	bl	10008fa8 <____aeabi_uldivmod_veneer>
1000690a:	45ab      	cmp	fp, r5
1000690c:	eb79 0907 	sbcs.w	r9, r9, r7
10006910:	d315      	bcc.n	1000693e <_ntoa_long_long+0x96>
10006912:	f1ba 0f1f 	cmp.w	sl, #31
10006916:	d812      	bhi.n	1000693e <_ntoa_long_long+0x96>
10006918:	4654      	mov	r4, sl
1000691a:	4683      	mov	fp, r0
1000691c:	4689      	mov	r9, r1
1000691e:	462a      	mov	r2, r5
10006920:	463b      	mov	r3, r7
10006922:	4658      	mov	r0, fp
10006924:	4649      	mov	r1, r9
10006926:	f002 fb3f 	bl	10008fa8 <____aeabi_uldivmod_veneer>
1000692a:	b2d2      	uxtb	r2, r2
1000692c:	2a09      	cmp	r2, #9
1000692e:	d8d6      	bhi.n	100068de <_ntoa_long_long+0x36>
10006930:	3230      	adds	r2, #48	@ 0x30
10006932:	b2d3      	uxtb	r3, r2
10006934:	e7db      	b.n	100068ee <_ntoa_long_long+0x46>
10006936:	2361      	movs	r3, #97	@ 0x61
10006938:	e7d5      	b.n	100068e6 <_ntoa_long_long+0x3e>
1000693a:	f04f 0a00 	mov.w	sl, #0
1000693e:	9606      	str	r6, [sp, #24]
10006940:	9b25      	ldr	r3, [sp, #148]	@ 0x94
10006942:	9305      	str	r3, [sp, #20]
10006944:	9b24      	ldr	r3, [sp, #144]	@ 0x90
10006946:	9304      	str	r3, [sp, #16]
10006948:	9503      	str	r5, [sp, #12]
1000694a:	f89d 3080 	ldrb.w	r3, [sp, #128]	@ 0x80
1000694e:	9302      	str	r3, [sp, #8]
10006950:	f8cd a004 	str.w	sl, [sp, #4]
10006954:	ab0c      	add	r3, sp, #48	@ 0x30
10006956:	9300      	str	r3, [sp, #0]
10006958:	4643      	mov	r3, r8
1000695a:	9a0b      	ldr	r2, [sp, #44]	@ 0x2c
1000695c:	990a      	ldr	r1, [sp, #40]	@ 0x28
1000695e:	9809      	ldr	r0, [sp, #36]	@ 0x24
10006960:	f7ff febe 	bl	100066e0 <_ntoa_format>
10006964:	b015      	add	sp, #84	@ 0x54
10006966:	e8bd 8ff0 	ldmia.w	sp!, {r4, r5, r6, r7, r8, r9, sl, fp, pc}
1000696a:	0000      	movs	r0, r0
1000696c:	0000      	movs	r0, r0
	...

10006970 <_etoa>:
10006970:	e92d 4ff0 	stmdb	sp!, {r4, r5, r6, r7, r8, r9, sl, fp, lr}
10006974:	b093      	sub	sp, #76	@ 0x4c
10006976:	4604      	mov	r4, r0
10006978:	460d      	mov	r5, r1
1000697a:	4617      	mov	r7, r2
1000697c:	461e      	mov	r6, r3
1000697e:	e9dd ab1c 	ldrd	sl, fp, [sp, #112]	@ 0x70
10006982:	4652      	mov	r2, sl
10006984:	465b      	mov	r3, fp
10006986:	4650      	mov	r0, sl
10006988:	4659      	mov	r1, fp
1000698a:	f7fe fd59 	bl	10005440 <__wrap___aeabi_dcmpun>
1000698e:	2800      	cmp	r0, #0
10006990:	f040 80f3 	bne.w	10006b7a <_etoa+0x20a>
10006994:	f04f 32ff 	mov.w	r2, #4294967295
10006998:	4bad      	ldr	r3, [pc, #692]	@ (10006c50 <_etoa+0x2e0>)
1000699a:	4650      	mov	r0, sl
1000699c:	4659      	mov	r1, fp
1000699e:	f7fe fd9d 	bl	100054dc <__wrap___aeabi_dcmpgt>
100069a2:	2800      	cmp	r0, #0
100069a4:	f040 80e9 	bne.w	10006b7a <_etoa+0x20a>
100069a8:	f04f 32ff 	mov.w	r2, #4294967295
100069ac:	f46f 1380 	mvn.w	r3, #1048576	@ 0x100000
100069b0:	4650      	mov	r0, sl
100069b2:	4659      	mov	r1, fp
100069b4:	f7fe fd56 	bl	10005464 <__wrap___aeabi_dcmplt>
100069b8:	2800      	cmp	r0, #0
100069ba:	f040 80de 	bne.w	10006b7a <_etoa+0x20a>
100069be:	2200      	movs	r2, #0
100069c0:	2300      	movs	r3, #0
100069c2:	4650      	mov	r0, sl
100069c4:	4659      	mov	r1, fp
100069c6:	f7fe fd4d 	bl	10005464 <__wrap___aeabi_dcmplt>
100069ca:	2800      	cmp	r0, #0
100069cc:	f040 80e6 	bne.w	10006b9c <_etoa+0x22c>
100069d0:	e9cd ab06 	strd	sl, fp, [sp, #24]
100069d4:	9b20      	ldr	r3, [sp, #128]	@ 0x80
100069d6:	f413 6380 	ands.w	r3, r3, #1024	@ 0x400
100069da:	930f      	str	r3, [sp, #60]	@ 0x3c
100069dc:	d101      	bne.n	100069e2 <_etoa+0x72>
100069de:	2306      	movs	r3, #6
100069e0:	931e      	str	r3, [sp, #120]	@ 0x78
100069e2:	e9dd 2306 	ldrd	r2, r3, [sp, #24]
100069e6:	4610      	mov	r0, r2
100069e8:	4619      	mov	r1, r3
100069ea:	e9cd 010a 	strd	r0, r1, [sp, #40]	@ 0x28
100069ee:	9b07      	ldr	r3, [sp, #28]
100069f0:	ea52 0103 	orrs.w	r1, r2, r3
100069f4:	f000 80dc 	beq.w	10006bb0 <_etoa+0x240>
100069f8:	f3c3 500a 	ubfx	r0, r3, #20, #11
100069fc:	f3c3 0313 	ubfx	r3, r3, #0, #20
10006a00:	4690      	mov	r8, r2
10006a02:	f043 597f 	orr.w	r9, r3, #1069547520	@ 0x3fc00000
10006a06:	f449 1940 	orr.w	r9, r9, #3145728	@ 0x300000
10006a0a:	f2a0 30ff 	subw	r0, r0, #1023	@ 0x3ff
10006a0e:	f7fe fccf 	bl	100053b0 <__wrap___aeabi_i2d>
10006a12:	a37d      	add	r3, pc, #500	@ (adr r3, 10006c08 <_etoa+0x298>)
10006a14:	e9d3 2300 	ldrd	r2, r3, [r3]
10006a18:	f7fe fc48 	bl	100052ac <__wrap___aeabi_dmul>
10006a1c:	a37c      	add	r3, pc, #496	@ (adr r3, 10006c10 <_etoa+0x2a0>)
10006a1e:	e9d3 2300 	ldrd	r2, r3, [r3]
10006a22:	f7fe fc1b 	bl	1000525c <__wrap___aeabi_dadd>
10006a26:	e9cd 0108 	strd	r0, r1, [sp, #32]
10006a2a:	2200      	movs	r2, #0
10006a2c:	4b89      	ldr	r3, [pc, #548]	@ (10006c54 <_etoa+0x2e4>)
10006a2e:	4640      	mov	r0, r8
10006a30:	4649      	mov	r1, r9
10006a32:	f7fe fc27 	bl	10005284 <__wrap___aeabi_dsub>
10006a36:	a378      	add	r3, pc, #480	@ (adr r3, 10006c18 <_etoa+0x2a8>)
10006a38:	e9d3 2300 	ldrd	r2, r3, [r3]
10006a3c:	f7fe fc36 	bl	100052ac <__wrap___aeabi_dmul>
10006a40:	4602      	mov	r2, r0
10006a42:	460b      	mov	r3, r1
10006a44:	e9dd 0108 	ldrd	r0, r1, [sp, #32]
10006a48:	f7fe fc08 	bl	1000525c <__wrap___aeabi_dadd>
10006a4c:	f7fe fcd4 	bl	100053f8 <__wrap___aeabi_d2iz>
10006a50:	9008      	str	r0, [sp, #32]
10006a52:	f7fe fcad 	bl	100053b0 <__wrap___aeabi_i2d>
10006a56:	4680      	mov	r8, r0
10006a58:	4689      	mov	r9, r1
10006a5a:	a371      	add	r3, pc, #452	@ (adr r3, 10006c20 <_etoa+0x2b0>)
10006a5c:	e9d3 2300 	ldrd	r2, r3, [r3]
10006a60:	f7fe fc24 	bl	100052ac <__wrap___aeabi_dmul>
10006a64:	2200      	movs	r2, #0
10006a66:	4b7c      	ldr	r3, [pc, #496]	@ (10006c58 <_etoa+0x2e8>)
10006a68:	f7fe fbf8 	bl	1000525c <__wrap___aeabi_dadd>
10006a6c:	f7fe fcc4 	bl	100053f8 <__wrap___aeabi_d2iz>
10006a70:	900a      	str	r0, [sp, #40]	@ 0x28
10006a72:	a36d      	add	r3, pc, #436	@ (adr r3, 10006c28 <_etoa+0x2b8>)
10006a74:	e9d3 2300 	ldrd	r2, r3, [r3]
10006a78:	4640      	mov	r0, r8
10006a7a:	4649      	mov	r1, r9
10006a7c:	f7fe fc16 	bl	100052ac <__wrap___aeabi_dmul>
10006a80:	4680      	mov	r8, r0
10006a82:	4689      	mov	r9, r1
10006a84:	980a      	ldr	r0, [sp, #40]	@ 0x28
10006a86:	f7fe fc93 	bl	100053b0 <__wrap___aeabi_i2d>
10006a8a:	a369      	add	r3, pc, #420	@ (adr r3, 10006c30 <_etoa+0x2c0>)
10006a8c:	e9d3 2300 	ldrd	r2, r3, [r3]
10006a90:	f7fe fc0c 	bl	100052ac <__wrap___aeabi_dmul>
10006a94:	4602      	mov	r2, r0
10006a96:	460b      	mov	r3, r1
10006a98:	4640      	mov	r0, r8
10006a9a:	4649      	mov	r1, r9
10006a9c:	f7fe fbf2 	bl	10005284 <__wrap___aeabi_dsub>
10006aa0:	4680      	mov	r8, r0
10006aa2:	4689      	mov	r9, r1
10006aa4:	4602      	mov	r2, r0
10006aa6:	460b      	mov	r3, r1
10006aa8:	f7fe fc00 	bl	100052ac <__wrap___aeabi_dmul>
10006aac:	e9cd 010c 	strd	r0, r1, [sp, #48]	@ 0x30
10006ab0:	9b0a      	ldr	r3, [sp, #40]	@ 0x28
10006ab2:	f203 33ff 	addw	r3, r3, #1023	@ 0x3ff
10006ab6:	2100      	movs	r1, #0
10006ab8:	2200      	movs	r2, #0
10006aba:	e9cd 120a 	strd	r1, r2, [sp, #40]	@ 0x28
10006abe:	051b      	lsls	r3, r3, #20
10006ac0:	930b      	str	r3, [sp, #44]	@ 0x2c
10006ac2:	2300      	movs	r3, #0
10006ac4:	930a      	str	r3, [sp, #40]	@ 0x28
10006ac6:	4642      	mov	r2, r8
10006ac8:	464b      	mov	r3, r9
10006aca:	4640      	mov	r0, r8
10006acc:	4649      	mov	r1, r9
10006ace:	f7fe fbc5 	bl	1000525c <__wrap___aeabi_dadd>
10006ad2:	e9cd 0110 	strd	r0, r1, [sp, #64]	@ 0x40
10006ad6:	4642      	mov	r2, r8
10006ad8:	464b      	mov	r3, r9
10006ada:	2000      	movs	r0, #0
10006adc:	f04f 4180 	mov.w	r1, #1073741824	@ 0x40000000
10006ae0:	f7fe fbd0 	bl	10005284 <__wrap___aeabi_dsub>
10006ae4:	4680      	mov	r8, r0
10006ae6:	4689      	mov	r9, r1
10006ae8:	2200      	movs	r2, #0
10006aea:	4b5c      	ldr	r3, [pc, #368]	@ (10006c5c <_etoa+0x2ec>)
10006aec:	e9dd 010c 	ldrd	r0, r1, [sp, #48]	@ 0x30
10006af0:	f7fe fc02 	bl	100052f8 <__wrap___aeabi_ddiv>
10006af4:	2200      	movs	r2, #0
10006af6:	4b5a      	ldr	r3, [pc, #360]	@ (10006c60 <_etoa+0x2f0>)
10006af8:	f7fe fbb0 	bl	1000525c <__wrap___aeabi_dadd>
10006afc:	4602      	mov	r2, r0
10006afe:	460b      	mov	r3, r1
10006b00:	e9dd 010c 	ldrd	r0, r1, [sp, #48]	@ 0x30
10006b04:	f7fe fbf8 	bl	100052f8 <__wrap___aeabi_ddiv>
10006b08:	2200      	movs	r2, #0
10006b0a:	4b56      	ldr	r3, [pc, #344]	@ (10006c64 <_etoa+0x2f4>)
10006b0c:	f7fe fba6 	bl	1000525c <__wrap___aeabi_dadd>
10006b10:	4602      	mov	r2, r0
10006b12:	460b      	mov	r3, r1
10006b14:	e9dd 010c 	ldrd	r0, r1, [sp, #48]	@ 0x30
10006b18:	f7fe fbee 	bl	100052f8 <__wrap___aeabi_ddiv>
10006b1c:	4602      	mov	r2, r0
10006b1e:	460b      	mov	r3, r1
10006b20:	4640      	mov	r0, r8
10006b22:	4649      	mov	r1, r9
10006b24:	f7fe fb9a 	bl	1000525c <__wrap___aeabi_dadd>
10006b28:	4602      	mov	r2, r0
10006b2a:	460b      	mov	r3, r1
10006b2c:	e9dd 0110 	ldrd	r0, r1, [sp, #64]	@ 0x40
10006b30:	f7fe fbe2 	bl	100052f8 <__wrap___aeabi_ddiv>
10006b34:	2200      	movs	r2, #0
10006b36:	4b4c      	ldr	r3, [pc, #304]	@ (10006c68 <_etoa+0x2f8>)
10006b38:	f7fe fb90 	bl	1000525c <__wrap___aeabi_dadd>
10006b3c:	e9dd 230a 	ldrd	r2, r3, [sp, #40]	@ 0x28
10006b40:	f7fe fbb4 	bl	100052ac <__wrap___aeabi_dmul>
10006b44:	4680      	mov	r8, r0
10006b46:	4689      	mov	r9, r1
10006b48:	e9cd 890a 	strd	r8, r9, [sp, #40]	@ 0x28
10006b4c:	e9dd 2306 	ldrd	r2, r3, [sp, #24]
10006b50:	f7fe fcc4 	bl	100054dc <__wrap___aeabi_dcmpgt>
10006b54:	b150      	cbz	r0, 10006b6c <_etoa+0x1fc>
10006b56:	9b08      	ldr	r3, [sp, #32]
10006b58:	3b01      	subs	r3, #1
10006b5a:	9308      	str	r3, [sp, #32]
10006b5c:	2200      	movs	r2, #0
10006b5e:	4b40      	ldr	r3, [pc, #256]	@ (10006c60 <_etoa+0x2f0>)
10006b60:	4640      	mov	r0, r8
10006b62:	4649      	mov	r1, r9
10006b64:	f7fe fbc8 	bl	100052f8 <__wrap___aeabi_ddiv>
10006b68:	e9cd 010a 	strd	r0, r1, [sp, #40]	@ 0x28
10006b6c:	9b08      	ldr	r3, [sp, #32]
10006b6e:	3363      	adds	r3, #99	@ 0x63
10006b70:	2bc6      	cmp	r3, #198	@ 0xc6
10006b72:	d846      	bhi.n	10006c02 <_etoa+0x292>
10006b74:	f04f 0804 	mov.w	r8, #4
10006b78:	e01e      	b.n	10006bb8 <_etoa+0x248>
10006b7a:	9b20      	ldr	r3, [sp, #128]	@ 0x80
10006b7c:	9304      	str	r3, [sp, #16]
10006b7e:	9b1f      	ldr	r3, [sp, #124]	@ 0x7c
10006b80:	9303      	str	r3, [sp, #12]
10006b82:	9b1e      	ldr	r3, [sp, #120]	@ 0x78
10006b84:	9302      	str	r3, [sp, #8]
10006b86:	e9cd ab00 	strd	sl, fp, [sp]
10006b8a:	4633      	mov	r3, r6
10006b8c:	463a      	mov	r2, r7
10006b8e:	4629      	mov	r1, r5
10006b90:	4620      	mov	r0, r4
10006b92:	f000 f8fd 	bl	10006d90 <_ftoa>
10006b96:	b013      	add	sp, #76	@ 0x4c
10006b98:	e8bd 8ff0 	ldmia.w	sp!, {r4, r5, r6, r7, r8, r9, sl, fp, pc}
10006b9c:	ed9f 7b26 	vldr	d7, [pc, #152]	@ 10006c38 <_etoa+0x2c8>
10006ba0:	ed8d 7b06 	vstr	d7, [sp, #24]
10006ba4:	f8cd a018 	str.w	sl, [sp, #24]
10006ba8:	f10b 4300 	add.w	r3, fp, #2147483648	@ 0x80000000
10006bac:	9307      	str	r3, [sp, #28]
10006bae:	e711      	b.n	100069d4 <_etoa+0x64>
10006bb0:	2300      	movs	r3, #0
10006bb2:	9308      	str	r3, [sp, #32]
10006bb4:	f04f 0804 	mov.w	r8, #4
10006bb8:	9b20      	ldr	r3, [sp, #128]	@ 0x80
10006bba:	f413 6f00 	tst.w	r3, #2048	@ 0x800
10006bbe:	d05f      	beq.n	10006c80 <_etoa+0x310>
10006bc0:	e9dd 120a 	ldrd	r1, r2, [sp, #40]	@ 0x28
10006bc4:	4613      	mov	r3, r2
10006bc6:	430b      	orrs	r3, r1
10006bc8:	d013      	beq.n	10006bf2 <_etoa+0x282>
10006bca:	a31d      	add	r3, pc, #116	@ (adr r3, 10006c40 <_etoa+0x2d0>)
10006bcc:	e9d3 2300 	ldrd	r2, r3, [r3]
10006bd0:	e9dd 0106 	ldrd	r0, r1, [sp, #24]
10006bd4:	f7fe fc6e 	bl	100054b4 <__wrap___aeabi_dcmpge>
10006bd8:	2800      	cmp	r0, #0
10006bda:	f000 80b4 	beq.w	10006d46 <_etoa+0x3d6>
10006bde:	a31a      	add	r3, pc, #104	@ (adr r3, 10006c48 <_etoa+0x2d8>)
10006be0:	e9d3 2300 	ldrd	r2, r3, [r3]
10006be4:	e9dd 0106 	ldrd	r0, r1, [sp, #24]
10006be8:	f7fe fc3c 	bl	10005464 <__wrap___aeabi_dcmplt>
10006bec:	2800      	cmp	r0, #0
10006bee:	f000 80aa 	beq.w	10006d46 <_etoa+0x3d6>
10006bf2:	9a1e      	ldr	r2, [sp, #120]	@ 0x78
10006bf4:	9b08      	ldr	r3, [sp, #32]
10006bf6:	429a      	cmp	r2, r3
10006bf8:	dd38      	ble.n	10006c6c <_etoa+0x2fc>
10006bfa:	1ad3      	subs	r3, r2, r3
10006bfc:	3b01      	subs	r3, #1
10006bfe:	931e      	str	r3, [sp, #120]	@ 0x78
10006c00:	e036      	b.n	10006c70 <_etoa+0x300>
10006c02:	f04f 0805 	mov.w	r8, #5
10006c06:	e7d7      	b.n	10006bb8 <_etoa+0x248>
10006c08:	509f79fb 	.word	0x509f79fb
10006c0c:	3fd34413 	.word	0x3fd34413
10006c10:	8b60c8b3 	.word	0x8b60c8b3
10006c14:	3fc68a28 	.word	0x3fc68a28
10006c18:	636f4361 	.word	0x636f4361
10006c1c:	3fd287a7 	.word	0x3fd287a7
10006c20:	0979a371 	.word	0x0979a371
10006c24:	400a934f 	.word	0x400a934f
10006c28:	bbb55516 	.word	0xbbb55516
10006c2c:	40026bb1 	.word	0x40026bb1
10006c30:	fefa39ef 	.word	0xfefa39ef
10006c34:	3fe62e42 	.word	0x3fe62e42
	...
10006c40:	eb1c432d 	.word	0xeb1c432d
10006c44:	3f1a36e2 	.word	0x3f1a36e2
10006c48:	00000000 	.word	0x00000000
10006c4c:	412e8480 	.word	0x412e8480
10006c50:	7fefffff 	.word	0x7fefffff
10006c54:	3ff80000 	.word	0x3ff80000
10006c58:	3fe00000 	.word	0x3fe00000
10006c5c:	402c0000 	.word	0x402c0000
10006c60:	40240000 	.word	0x40240000
10006c64:	40180000 	.word	0x40180000
10006c68:	3ff00000 	.word	0x3ff00000
10006c6c:	2300      	movs	r3, #0
10006c6e:	931e      	str	r3, [sp, #120]	@ 0x78
10006c70:	9b20      	ldr	r3, [sp, #128]	@ 0x80
10006c72:	f443 6380 	orr.w	r3, r3, #1024	@ 0x400
10006c76:	9320      	str	r3, [sp, #128]	@ 0x80
10006c78:	f04f 0800 	mov.w	r8, #0
10006c7c:	f8cd 8020 	str.w	r8, [sp, #32]
10006c80:	9b1f      	ldr	r3, [sp, #124]	@ 0x7c
10006c82:	4598      	cmp	r8, r3
10006c84:	d269      	bcs.n	10006d5a <_etoa+0x3ea>
10006c86:	eba3 0908 	sub.w	r9, r3, r8
10006c8a:	9b20      	ldr	r3, [sp, #128]	@ 0x80
10006c8c:	f013 0302 	ands.w	r3, r3, #2
10006c90:	930c      	str	r3, [sp, #48]	@ 0x30
10006c92:	d004      	beq.n	10006c9e <_etoa+0x32e>
10006c94:	f1b8 0f00 	cmp.w	r8, #0
10006c98:	d001      	beq.n	10006c9e <_etoa+0x32e>
10006c9a:	f04f 0900 	mov.w	r9, #0
10006c9e:	9b08      	ldr	r3, [sp, #32]
10006ca0:	b13b      	cbz	r3, 10006cb2 <_etoa+0x342>
10006ca2:	e9dd 230a 	ldrd	r2, r3, [sp, #40]	@ 0x28
10006ca6:	e9dd 0106 	ldrd	r0, r1, [sp, #24]
10006caa:	f7fe fb25 	bl	100052f8 <__wrap___aeabi_ddiv>
10006cae:	e9cd 0106 	strd	r0, r1, [sp, #24]
10006cb2:	2200      	movs	r2, #0
10006cb4:	2300      	movs	r3, #0
10006cb6:	4650      	mov	r0, sl
10006cb8:	4659      	mov	r1, fp
10006cba:	f7fe fbd3 	bl	10005464 <__wrap___aeabi_dcmplt>
10006cbe:	2800      	cmp	r0, #0
10006cc0:	d14e      	bne.n	10006d60 <_etoa+0x3f0>
10006cc2:	9b20      	ldr	r3, [sp, #128]	@ 0x80
10006cc4:	f423 6300 	bic.w	r3, r3, #2048	@ 0x800
10006cc8:	9304      	str	r3, [sp, #16]
10006cca:	f8cd 900c 	str.w	r9, [sp, #12]
10006cce:	9b1e      	ldr	r3, [sp, #120]	@ 0x78
10006cd0:	9302      	str	r3, [sp, #8]
10006cd2:	ed9d 7b06 	vldr	d7, [sp, #24]
10006cd6:	ed8d 7b00 	vstr	d7, [sp]
10006cda:	4633      	mov	r3, r6
10006cdc:	463a      	mov	r2, r7
10006cde:	4629      	mov	r1, r5
10006ce0:	4620      	mov	r0, r4
10006ce2:	f000 f855 	bl	10006d90 <_ftoa>
10006ce6:	f1b8 0f00 	cmp.w	r8, #0
10006cea:	f43f af54 	beq.w	10006b96 <_etoa+0x226>
10006cee:	9b20      	ldr	r3, [sp, #128]	@ 0x80
10006cf0:	f013 0f20 	tst.w	r3, #32
10006cf4:	d03c      	beq.n	10006d70 <_etoa+0x400>
10006cf6:	f04f 0c45 	mov.w	ip, #69	@ 0x45
10006cfa:	f100 0901 	add.w	r9, r0, #1
10006cfe:	4633      	mov	r3, r6
10006d00:	4602      	mov	r2, r0
10006d02:	4629      	mov	r1, r5
10006d04:	4660      	mov	r0, ip
10006d06:	47a0      	blx	r4
10006d08:	9908      	ldr	r1, [sp, #32]
10006d0a:	ea81 72e1 	eor.w	r2, r1, r1, asr #31
10006d0e:	eba2 72e1 	sub.w	r2, r2, r1, asr #31
10006d12:	2305      	movs	r3, #5
10006d14:	9305      	str	r3, [sp, #20]
10006d16:	f108 33ff 	add.w	r3, r8, #4294967295
10006d1a:	9304      	str	r3, [sp, #16]
10006d1c:	2300      	movs	r3, #0
10006d1e:	9303      	str	r3, [sp, #12]
10006d20:	230a      	movs	r3, #10
10006d22:	9302      	str	r3, [sp, #8]
10006d24:	0fcb      	lsrs	r3, r1, #31
10006d26:	9301      	str	r3, [sp, #4]
10006d28:	9200      	str	r2, [sp, #0]
10006d2a:	4633      	mov	r3, r6
10006d2c:	464a      	mov	r2, r9
10006d2e:	4629      	mov	r1, r5
10006d30:	4620      	mov	r0, r4
10006d32:	f7ff fd6f 	bl	10006814 <_ntoa_long>
10006d36:	9b0c      	ldr	r3, [sp, #48]	@ 0x30
10006d38:	2b00      	cmp	r3, #0
10006d3a:	f43f af2c 	beq.w	10006b96 <_etoa+0x226>
10006d3e:	4602      	mov	r2, r0
10006d40:	f8dd 907c 	ldr.w	r9, [sp, #124]	@ 0x7c
10006d44:	e01e      	b.n	10006d84 <_etoa+0x414>
10006d46:	9b1e      	ldr	r3, [sp, #120]	@ 0x78
10006d48:	2b00      	cmp	r3, #0
10006d4a:	d099      	beq.n	10006c80 <_etoa+0x310>
10006d4c:	9b0f      	ldr	r3, [sp, #60]	@ 0x3c
10006d4e:	2b00      	cmp	r3, #0
10006d50:	d096      	beq.n	10006c80 <_etoa+0x310>
10006d52:	9b1e      	ldr	r3, [sp, #120]	@ 0x78
10006d54:	3b01      	subs	r3, #1
10006d56:	931e      	str	r3, [sp, #120]	@ 0x78
10006d58:	e792      	b.n	10006c80 <_etoa+0x310>
10006d5a:	f04f 0900 	mov.w	r9, #0
10006d5e:	e794      	b.n	10006c8a <_etoa+0x31a>
10006d60:	e9dd 0106 	ldrd	r0, r1, [sp, #24]
10006d64:	4602      	mov	r2, r0
10006d66:	f101 4300 	add.w	r3, r1, #2147483648	@ 0x80000000
10006d6a:	e9cd 2306 	strd	r2, r3, [sp, #24]
10006d6e:	e7a8      	b.n	10006cc2 <_etoa+0x352>
10006d70:	f04f 0c65 	mov.w	ip, #101	@ 0x65
10006d74:	e7c1      	b.n	10006cfa <_etoa+0x38a>
10006d76:	f102 0801 	add.w	r8, r2, #1
10006d7a:	4633      	mov	r3, r6
10006d7c:	4629      	mov	r1, r5
10006d7e:	2020      	movs	r0, #32
10006d80:	47a0      	blx	r4
10006d82:	4642      	mov	r2, r8
10006d84:	1bd3      	subs	r3, r2, r7
10006d86:	454b      	cmp	r3, r9
10006d88:	d3f5      	bcc.n	10006d76 <_etoa+0x406>
10006d8a:	4610      	mov	r0, r2
10006d8c:	e703      	b.n	10006b96 <_etoa+0x226>
10006d8e:	bf00      	nop

10006d90 <_ftoa>:
10006d90:	e92d 4ff0 	stmdb	sp!, {r4, r5, r6, r7, r8, r9, sl, fp, lr}
10006d94:	ed2d 8b02 	vpush	{d8}
10006d98:	b095      	sub	sp, #84	@ 0x54
10006d9a:	9007      	str	r0, [sp, #28]
10006d9c:	910a      	str	r1, [sp, #40]	@ 0x28
10006d9e:	4692      	mov	sl, r2
10006da0:	469b      	mov	fp, r3
10006da2:	e9dd 8920 	ldrd	r8, r9, [sp, #128]	@ 0x80
10006da6:	9d22      	ldr	r5, [sp, #136]	@ 0x88
10006da8:	4642      	mov	r2, r8
10006daa:	464b      	mov	r3, r9
10006dac:	4640      	mov	r0, r8
10006dae:	4649      	mov	r1, r9
10006db0:	f7fe fb46 	bl	10005440 <__wrap___aeabi_dcmpun>
10006db4:	2800      	cmp	r0, #0
10006db6:	d135      	bne.n	10006e24 <_ftoa+0x94>
10006db8:	f04f 32ff 	mov.w	r2, #4294967295
10006dbc:	f46f 1380 	mvn.w	r3, #1048576	@ 0x100000
10006dc0:	4640      	mov	r0, r8
10006dc2:	4649      	mov	r1, r9
10006dc4:	f7fe fb4e 	bl	10005464 <__wrap___aeabi_dcmplt>
10006dc8:	2800      	cmp	r0, #0
10006dca:	d13a      	bne.n	10006e42 <_ftoa+0xb2>
10006dcc:	f04f 32ff 	mov.w	r2, #4294967295
10006dd0:	4bb1      	ldr	r3, [pc, #708]	@ (10007098 <_ftoa+0x308>)
10006dd2:	4640      	mov	r0, r8
10006dd4:	4649      	mov	r1, r9
10006dd6:	f7fe fb81 	bl	100054dc <__wrap___aeabi_dcmpgt>
10006dda:	2800      	cmp	r0, #0
10006ddc:	d140      	bne.n	10006e60 <_ftoa+0xd0>
10006dde:	a3aa      	add	r3, pc, #680	@ (adr r3, 10007088 <_ftoa+0x2f8>)
10006de0:	e9d3 2300 	ldrd	r2, r3, [r3]
10006de4:	4640      	mov	r0, r8
10006de6:	4649      	mov	r1, r9
10006de8:	f7fe fb78 	bl	100054dc <__wrap___aeabi_dcmpgt>
10006dec:	2800      	cmp	r0, #0
10006dee:	d14d      	bne.n	10006e8c <_ftoa+0xfc>
10006df0:	a3a7      	add	r3, pc, #668	@ (adr r3, 10007090 <_ftoa+0x300>)
10006df2:	e9d3 2300 	ldrd	r2, r3, [r3]
10006df6:	4640      	mov	r0, r8
10006df8:	4649      	mov	r1, r9
10006dfa:	f7fe fb33 	bl	10005464 <__wrap___aeabi_dcmplt>
10006dfe:	2800      	cmp	r0, #0
10006e00:	d144      	bne.n	10006e8c <_ftoa+0xfc>
10006e02:	2200      	movs	r2, #0
10006e04:	2300      	movs	r3, #0
10006e06:	4640      	mov	r0, r8
10006e08:	4649      	mov	r1, r9
10006e0a:	f7fe fb2b 	bl	10005464 <__wrap___aeabi_dcmplt>
10006e0e:	2800      	cmp	r0, #0
10006e10:	d14a      	bne.n	10006ea8 <_ftoa+0x118>
10006e12:	2300      	movs	r3, #0
10006e14:	930b      	str	r3, [sp, #44]	@ 0x2c
10006e16:	9b24      	ldr	r3, [sp, #144]	@ 0x90
10006e18:	f413 6f80 	tst.w	r3, #1024	@ 0x400
10006e1c:	f000 80b5 	beq.w	10006f8a <_ftoa+0x1fa>
10006e20:	2400      	movs	r4, #0
10006e22:	e054      	b.n	10006ece <_ftoa+0x13e>
10006e24:	9b24      	ldr	r3, [sp, #144]	@ 0x90
10006e26:	9303      	str	r3, [sp, #12]
10006e28:	9b23      	ldr	r3, [sp, #140]	@ 0x8c
10006e2a:	9302      	str	r3, [sp, #8]
10006e2c:	2303      	movs	r3, #3
10006e2e:	9301      	str	r3, [sp, #4]
10006e30:	4b9a      	ldr	r3, [pc, #616]	@ (1000709c <_ftoa+0x30c>)
10006e32:	9300      	str	r3, [sp, #0]
10006e34:	465b      	mov	r3, fp
10006e36:	4652      	mov	r2, sl
10006e38:	990a      	ldr	r1, [sp, #40]	@ 0x28
10006e3a:	9807      	ldr	r0, [sp, #28]
10006e3c:	f7ff fc11 	bl	10006662 <_out_rev>
10006e40:	e11b      	b.n	1000707a <_ftoa+0x2ea>
10006e42:	9b24      	ldr	r3, [sp, #144]	@ 0x90
10006e44:	9303      	str	r3, [sp, #12]
10006e46:	9b23      	ldr	r3, [sp, #140]	@ 0x8c
10006e48:	9302      	str	r3, [sp, #8]
10006e4a:	2304      	movs	r3, #4
10006e4c:	9301      	str	r3, [sp, #4]
10006e4e:	4b94      	ldr	r3, [pc, #592]	@ (100070a0 <_ftoa+0x310>)
10006e50:	9300      	str	r3, [sp, #0]
10006e52:	465b      	mov	r3, fp
10006e54:	4652      	mov	r2, sl
10006e56:	990a      	ldr	r1, [sp, #40]	@ 0x28
10006e58:	9807      	ldr	r0, [sp, #28]
10006e5a:	f7ff fc02 	bl	10006662 <_out_rev>
10006e5e:	e10c      	b.n	1000707a <_ftoa+0x2ea>
10006e60:	9b24      	ldr	r3, [sp, #144]	@ 0x90
10006e62:	f013 0f04 	tst.w	r3, #4
10006e66:	d00e      	beq.n	10006e86 <_ftoa+0xf6>
10006e68:	4b8e      	ldr	r3, [pc, #568]	@ (100070a4 <_ftoa+0x314>)
10006e6a:	2204      	movs	r2, #4
10006e6c:	9924      	ldr	r1, [sp, #144]	@ 0x90
10006e6e:	9103      	str	r1, [sp, #12]
10006e70:	9923      	ldr	r1, [sp, #140]	@ 0x8c
10006e72:	9102      	str	r1, [sp, #8]
10006e74:	9201      	str	r2, [sp, #4]
10006e76:	9300      	str	r3, [sp, #0]
10006e78:	465b      	mov	r3, fp
10006e7a:	4652      	mov	r2, sl
10006e7c:	990a      	ldr	r1, [sp, #40]	@ 0x28
10006e7e:	9807      	ldr	r0, [sp, #28]
10006e80:	f7ff fbef 	bl	10006662 <_out_rev>
10006e84:	e0f9      	b.n	1000707a <_ftoa+0x2ea>
10006e86:	4b88      	ldr	r3, [pc, #544]	@ (100070a8 <_ftoa+0x318>)
10006e88:	2203      	movs	r2, #3
10006e8a:	e7ef      	b.n	10006e6c <_ftoa+0xdc>
10006e8c:	9b24      	ldr	r3, [sp, #144]	@ 0x90
10006e8e:	9304      	str	r3, [sp, #16]
10006e90:	9b23      	ldr	r3, [sp, #140]	@ 0x8c
10006e92:	9303      	str	r3, [sp, #12]
10006e94:	9502      	str	r5, [sp, #8]
10006e96:	e9cd 8900 	strd	r8, r9, [sp]
10006e9a:	465b      	mov	r3, fp
10006e9c:	4652      	mov	r2, sl
10006e9e:	990a      	ldr	r1, [sp, #40]	@ 0x28
10006ea0:	9807      	ldr	r0, [sp, #28]
10006ea2:	f7ff fd65 	bl	10006970 <_etoa>
10006ea6:	e0e8      	b.n	1000707a <_ftoa+0x2ea>
10006ea8:	4642      	mov	r2, r8
10006eaa:	464b      	mov	r3, r9
10006eac:	2000      	movs	r0, #0
10006eae:	2100      	movs	r1, #0
10006eb0:	f7fe f9e8 	bl	10005284 <__wrap___aeabi_dsub>
10006eb4:	4680      	mov	r8, r0
10006eb6:	4689      	mov	r9, r1
10006eb8:	2301      	movs	r3, #1
10006eba:	930b      	str	r3, [sp, #44]	@ 0x2c
10006ebc:	e7ab      	b.n	10006e16 <_ftoa+0x86>
10006ebe:	f104 0350 	add.w	r3, r4, #80	@ 0x50
10006ec2:	446b      	add	r3, sp
10006ec4:	2230      	movs	r2, #48	@ 0x30
10006ec6:	f803 2c20 	strb.w	r2, [r3, #-32]
10006eca:	3d01      	subs	r5, #1
10006ecc:	3401      	adds	r4, #1
10006ece:	2c1f      	cmp	r4, #31
10006ed0:	d801      	bhi.n	10006ed6 <_ftoa+0x146>
10006ed2:	2d09      	cmp	r5, #9
10006ed4:	d8f3      	bhi.n	10006ebe <_ftoa+0x12e>
10006ed6:	4640      	mov	r0, r8
10006ed8:	4649      	mov	r1, r9
10006eda:	f7fe fa8d 	bl	100053f8 <__wrap___aeabi_d2iz>
10006ede:	4606      	mov	r6, r0
10006ee0:	f7fe fa66 	bl	100053b0 <__wrap___aeabi_i2d>
10006ee4:	4602      	mov	r2, r0
10006ee6:	460b      	mov	r3, r1
10006ee8:	4640      	mov	r0, r8
10006eea:	4649      	mov	r1, r9
10006eec:	f7fe f9ca 	bl	10005284 <__wrap___aeabi_dsub>
10006ef0:	4b6e      	ldr	r3, [pc, #440]	@ (100070ac <_ftoa+0x31c>)
10006ef2:	eb03 03c5 	add.w	r3, r3, r5, lsl #3
10006ef6:	ed93 8b00 	vldr	d8, [r3]
10006efa:	ec53 2b18 	vmov	r2, r3, d8
10006efe:	f7fe f9d5 	bl	100052ac <__wrap___aeabi_dmul>
10006f02:	4602      	mov	r2, r0
10006f04:	460b      	mov	r3, r1
10006f06:	e9cd 2308 	strd	r2, r3, [sp, #32]
10006f0a:	f7fe fa87 	bl	1000541c <__wrap___aeabi_d2uiz>
10006f0e:	4607      	mov	r7, r0
10006f10:	f7fe fa60 	bl	100053d4 <__wrap___aeabi_ui2d>
10006f14:	4602      	mov	r2, r0
10006f16:	460b      	mov	r3, r1
10006f18:	e9dd 0108 	ldrd	r0, r1, [sp, #32]
10006f1c:	f7fe f9b2 	bl	10005284 <__wrap___aeabi_dsub>
10006f20:	4602      	mov	r2, r0
10006f22:	460b      	mov	r3, r1
10006f24:	e9cd 2308 	strd	r2, r3, [sp, #32]
10006f28:	2200      	movs	r2, #0
10006f2a:	4b61      	ldr	r3, [pc, #388]	@ (100070b0 <_ftoa+0x320>)
10006f2c:	f7fe fad6 	bl	100054dc <__wrap___aeabi_dcmpgt>
10006f30:	b368      	cbz	r0, 10006f8e <_ftoa+0x1fe>
10006f32:	3701      	adds	r7, #1
10006f34:	4638      	mov	r0, r7
10006f36:	f7fe fa4d 	bl	100053d4 <__wrap___aeabi_ui2d>
10006f3a:	4602      	mov	r2, r0
10006f3c:	460b      	mov	r3, r1
10006f3e:	ec51 0b18 	vmov	r0, r1, d8
10006f42:	f7fe faa3 	bl	1000548c <__wrap___aeabi_dcmple>
10006f46:	b108      	cbz	r0, 10006f4c <_ftoa+0x1bc>
10006f48:	3601      	adds	r6, #1
10006f4a:	2700      	movs	r7, #0
10006f4c:	bb6d      	cbnz	r5, 10006faa <_ftoa+0x21a>
10006f4e:	4630      	mov	r0, r6
10006f50:	f7fe fa2e 	bl	100053b0 <__wrap___aeabi_i2d>
10006f54:	4602      	mov	r2, r0
10006f56:	460b      	mov	r3, r1
10006f58:	4640      	mov	r0, r8
10006f5a:	4649      	mov	r1, r9
10006f5c:	f7fe f992 	bl	10005284 <__wrap___aeabi_dsub>
10006f60:	4607      	mov	r7, r0
10006f62:	4688      	mov	r8, r1
10006f64:	2200      	movs	r2, #0
10006f66:	4b52      	ldr	r3, [pc, #328]	@ (100070b0 <_ftoa+0x320>)
10006f68:	f7fe fa7c 	bl	10005464 <__wrap___aeabi_dcmplt>
10006f6c:	2800      	cmp	r0, #0
10006f6e:	d14c      	bne.n	1000700a <_ftoa+0x27a>
10006f70:	2200      	movs	r2, #0
10006f72:	4b4f      	ldr	r3, [pc, #316]	@ (100070b0 <_ftoa+0x320>)
10006f74:	4638      	mov	r0, r7
10006f76:	4641      	mov	r1, r8
10006f78:	f7fe fab0 	bl	100054dc <__wrap___aeabi_dcmpgt>
10006f7c:	2800      	cmp	r0, #0
10006f7e:	d144      	bne.n	1000700a <_ftoa+0x27a>
10006f80:	f016 0f01 	tst.w	r6, #1
10006f84:	d041      	beq.n	1000700a <_ftoa+0x27a>
10006f86:	3601      	adds	r6, #1
10006f88:	e03f      	b.n	1000700a <_ftoa+0x27a>
10006f8a:	2506      	movs	r5, #6
10006f8c:	e748      	b.n	10006e20 <_ftoa+0x90>
10006f8e:	2200      	movs	r2, #0
10006f90:	4b47      	ldr	r3, [pc, #284]	@ (100070b0 <_ftoa+0x320>)
10006f92:	e9dd 0108 	ldrd	r0, r1, [sp, #32]
10006f96:	f7fe fa65 	bl	10005464 <__wrap___aeabi_dcmplt>
10006f9a:	2800      	cmp	r0, #0
10006f9c:	d1d6      	bne.n	10006f4c <_ftoa+0x1bc>
10006f9e:	b117      	cbz	r7, 10006fa6 <_ftoa+0x216>
10006fa0:	f017 0f01 	tst.w	r7, #1
10006fa4:	d0d2      	beq.n	10006f4c <_ftoa+0x1bc>
10006fa6:	3701      	adds	r7, #1
10006fa8:	e7d0      	b.n	10006f4c <_ftoa+0x1bc>
10006faa:	2c1f      	cmp	r4, #31
10006fac:	d817      	bhi.n	10006fde <_ftoa+0x24e>
10006fae:	3d01      	subs	r5, #1
10006fb0:	4b40      	ldr	r3, [pc, #256]	@ (100070b4 <_ftoa+0x324>)
10006fb2:	fba3 2307 	umull	r2, r3, r3, r7
10006fb6:	08db      	lsrs	r3, r3, #3
10006fb8:	4619      	mov	r1, r3
10006fba:	eb03 0383 	add.w	r3, r3, r3, lsl #2
10006fbe:	eba7 0343 	sub.w	r3, r7, r3, lsl #1
10006fc2:	1c62      	adds	r2, r4, #1
10006fc4:	3330      	adds	r3, #48	@ 0x30
10006fc6:	f104 0050 	add.w	r0, r4, #80	@ 0x50
10006fca:	eb0d 0400 	add.w	r4, sp, r0
10006fce:	f804 3c20 	strb.w	r3, [r4, #-32]
10006fd2:	2f09      	cmp	r7, #9
10006fd4:	d902      	bls.n	10006fdc <_ftoa+0x24c>
10006fd6:	460f      	mov	r7, r1
10006fd8:	4614      	mov	r4, r2
10006fda:	e7e6      	b.n	10006faa <_ftoa+0x21a>
10006fdc:	4614      	mov	r4, r2
10006fde:	2c1f      	cmp	r4, #31
10006fe0:	d80a      	bhi.n	10006ff8 <_ftoa+0x268>
10006fe2:	1e6b      	subs	r3, r5, #1
10006fe4:	b145      	cbz	r5, 10006ff8 <_ftoa+0x268>
10006fe6:	f104 0250 	add.w	r2, r4, #80	@ 0x50
10006fea:	446a      	add	r2, sp
10006fec:	2130      	movs	r1, #48	@ 0x30
10006fee:	f802 1c20 	strb.w	r1, [r2, #-32]
10006ff2:	461d      	mov	r5, r3
10006ff4:	3401      	adds	r4, #1
10006ff6:	e7f2      	b.n	10006fde <_ftoa+0x24e>
10006ff8:	2c1f      	cmp	r4, #31
10006ffa:	d806      	bhi.n	1000700a <_ftoa+0x27a>
10006ffc:	f104 0350 	add.w	r3, r4, #80	@ 0x50
10007000:	446b      	add	r3, sp
10007002:	222e      	movs	r2, #46	@ 0x2e
10007004:	f803 2c20 	strb.w	r2, [r3, #-32]
10007008:	3401      	adds	r4, #1
1000700a:	2c1f      	cmp	r4, #31
1000700c:	d817      	bhi.n	1000703e <_ftoa+0x2ae>
1000700e:	4a2a      	ldr	r2, [pc, #168]	@ (100070b8 <_ftoa+0x328>)
10007010:	fb82 3206 	smull	r3, r2, r2, r6
10007014:	17f3      	asrs	r3, r6, #31
10007016:	ebc3 03a2 	rsb	r3, r3, r2, asr #2
1000701a:	461a      	mov	r2, r3
1000701c:	eb03 0383 	add.w	r3, r3, r3, lsl #2
10007020:	eba6 0343 	sub.w	r3, r6, r3, lsl #1
10007024:	1c61      	adds	r1, r4, #1
10007026:	3330      	adds	r3, #48	@ 0x30
10007028:	f104 0050 	add.w	r0, r4, #80	@ 0x50
1000702c:	eb0d 0400 	add.w	r4, sp, r0
10007030:	f804 3c20 	strb.w	r3, [r4, #-32]
10007034:	4616      	mov	r6, r2
10007036:	b10a      	cbz	r2, 1000703c <_ftoa+0x2ac>
10007038:	460c      	mov	r4, r1
1000703a:	e7e6      	b.n	1000700a <_ftoa+0x27a>
1000703c:	460c      	mov	r4, r1
1000703e:	9b24      	ldr	r3, [sp, #144]	@ 0x90
10007040:	f003 0303 	and.w	r3, r3, #3
10007044:	2b01      	cmp	r3, #1
10007046:	d039      	beq.n	100070bc <_ftoa+0x32c>
10007048:	2c1f      	cmp	r4, #31
1000704a:	d809      	bhi.n	10007060 <_ftoa+0x2d0>
1000704c:	9b0b      	ldr	r3, [sp, #44]	@ 0x2c
1000704e:	2b00      	cmp	r3, #0
10007050:	d051      	beq.n	100070f6 <_ftoa+0x366>
10007052:	f104 0350 	add.w	r3, r4, #80	@ 0x50
10007056:	446b      	add	r3, sp
10007058:	222d      	movs	r2, #45	@ 0x2d
1000705a:	f803 2c20 	strb.w	r2, [r3, #-32]
1000705e:	3401      	adds	r4, #1
10007060:	9b24      	ldr	r3, [sp, #144]	@ 0x90
10007062:	9303      	str	r3, [sp, #12]
10007064:	9b23      	ldr	r3, [sp, #140]	@ 0x8c
10007066:	9302      	str	r3, [sp, #8]
10007068:	9401      	str	r4, [sp, #4]
1000706a:	ab0c      	add	r3, sp, #48	@ 0x30
1000706c:	9300      	str	r3, [sp, #0]
1000706e:	465b      	mov	r3, fp
10007070:	4652      	mov	r2, sl
10007072:	990a      	ldr	r1, [sp, #40]	@ 0x28
10007074:	9807      	ldr	r0, [sp, #28]
10007076:	f7ff faf4 	bl	10006662 <_out_rev>
1000707a:	b015      	add	sp, #84	@ 0x54
1000707c:	ecbd 8b02 	vpop	{d8}
10007080:	e8bd 8ff0 	ldmia.w	sp!, {r4, r5, r6, r7, r8, r9, sl, fp, pc}
10007084:	f3af 8000 	nop.w
10007088:	00000000 	.word	0x00000000
1000708c:	41cdcd65 	.word	0x41cdcd65
10007090:	00000000 	.word	0x00000000
10007094:	c1cdcd65 	.word	0xc1cdcd65
10007098:	7fefffff 	.word	0x7fefffff
1000709c:	1000a7f4 	.word	0x1000a7f4
100070a0:	1000a7f8 	.word	0x1000a7f8
100070a4:	1000a7e8 	.word	0x1000a7e8
100070a8:	1000a7f0 	.word	0x1000a7f0
100070ac:	1000ad80 	.word	0x1000ad80
100070b0:	3fe00000 	.word	0x3fe00000
100070b4:	cccccccd 	.word	0xcccccccd
100070b8:	66666667 	.word	0x66666667
100070bc:	9b23      	ldr	r3, [sp, #140]	@ 0x8c
100070be:	b1b3      	cbz	r3, 100070ee <_ftoa+0x35e>
100070c0:	9b0b      	ldr	r3, [sp, #44]	@ 0x2c
100070c2:	b91b      	cbnz	r3, 100070cc <_ftoa+0x33c>
100070c4:	9b24      	ldr	r3, [sp, #144]	@ 0x90
100070c6:	f013 0f0c 	tst.w	r3, #12
100070ca:	d012      	beq.n	100070f2 <_ftoa+0x362>
100070cc:	9b23      	ldr	r3, [sp, #140]	@ 0x8c
100070ce:	3b01      	subs	r3, #1
100070d0:	9323      	str	r3, [sp, #140]	@ 0x8c
100070d2:	4619      	mov	r1, r3
100070d4:	e006      	b.n	100070e4 <_ftoa+0x354>
100070d6:	f104 0350 	add.w	r3, r4, #80	@ 0x50
100070da:	446b      	add	r3, sp
100070dc:	2230      	movs	r2, #48	@ 0x30
100070de:	f803 2c20 	strb.w	r2, [r3, #-32]
100070e2:	3401      	adds	r4, #1
100070e4:	428c      	cmp	r4, r1
100070e6:	d2af      	bcs.n	10007048 <_ftoa+0x2b8>
100070e8:	2c1f      	cmp	r4, #31
100070ea:	d9f4      	bls.n	100070d6 <_ftoa+0x346>
100070ec:	e7ac      	b.n	10007048 <_ftoa+0x2b8>
100070ee:	9923      	ldr	r1, [sp, #140]	@ 0x8c
100070f0:	e7f8      	b.n	100070e4 <_ftoa+0x354>
100070f2:	9923      	ldr	r1, [sp, #140]	@ 0x8c
100070f4:	e7f6      	b.n	100070e4 <_ftoa+0x354>
100070f6:	9b24      	ldr	r3, [sp, #144]	@ 0x90
100070f8:	f013 0f04 	tst.w	r3, #4
100070fc:	d007      	beq.n	1000710e <_ftoa+0x37e>
100070fe:	f104 0350 	add.w	r3, r4, #80	@ 0x50
10007102:	446b      	add	r3, sp
10007104:	222b      	movs	r2, #43	@ 0x2b
10007106:	f803 2c20 	strb.w	r2, [r3, #-32]
1000710a:	3401      	adds	r4, #1
1000710c:	e7a8      	b.n	10007060 <_ftoa+0x2d0>
1000710e:	9b24      	ldr	r3, [sp, #144]	@ 0x90
10007110:	f013 0f08 	tst.w	r3, #8
10007114:	d0a4      	beq.n	10007060 <_ftoa+0x2d0>
10007116:	f104 0350 	add.w	r3, r4, #80	@ 0x50
1000711a:	446b      	add	r3, sp
1000711c:	2220      	movs	r2, #32
1000711e:	f803 2c20 	strb.w	r2, [r3, #-32]
10007122:	3401      	adds	r4, #1
10007124:	e79c      	b.n	10007060 <_ftoa+0x2d0>
10007126:	bf00      	nop

10007128 <_vsnprintf>:
10007128:	e92d 4ff0 	stmdb	sp!, {r4, r5, r6, r7, r8, r9, sl, fp, lr}
1000712c:	b08f      	sub	sp, #60	@ 0x3c
1000712e:	4680      	mov	r8, r0
10007130:	4617      	mov	r7, r2
10007132:	930d      	str	r3, [sp, #52]	@ 0x34
10007134:	4689      	mov	r9, r1
10007136:	2900      	cmp	r1, #0
10007138:	f000 834f 	beq.w	100077da <_vsnprintf+0x6b2>
1000713c:	2500      	movs	r5, #0
1000713e:	e008      	b.n	10007152 <_vsnprintf+0x2a>
10007140:	1c6c      	adds	r4, r5, #1
10007142:	463b      	mov	r3, r7
10007144:	462a      	mov	r2, r5
10007146:	4649      	mov	r1, r9
10007148:	47c0      	blx	r8
1000714a:	9b0d      	ldr	r3, [sp, #52]	@ 0x34
1000714c:	3301      	adds	r3, #1
1000714e:	930d      	str	r3, [sp, #52]	@ 0x34
10007150:	4625      	mov	r5, r4
10007152:	9b0d      	ldr	r3, [sp, #52]	@ 0x34
10007154:	7818      	ldrb	r0, [r3, #0]
10007156:	2800      	cmp	r0, #0
10007158:	f000 8342 	beq.w	100077e0 <_vsnprintf+0x6b8>
1000715c:	2825      	cmp	r0, #37	@ 0x25
1000715e:	d1ef      	bne.n	10007140 <_vsnprintf+0x18>
10007160:	3301      	adds	r3, #1
10007162:	930d      	str	r3, [sp, #52]	@ 0x34
10007164:	2600      	movs	r6, #0
10007166:	e01f      	b.n	100071a8 <_vsnprintf+0x80>
10007168:	f046 0601 	orr.w	r6, r6, #1
1000716c:	3201      	adds	r2, #1
1000716e:	920d      	str	r2, [sp, #52]	@ 0x34
10007170:	2301      	movs	r3, #1
10007172:	e018      	b.n	100071a6 <_vsnprintf+0x7e>
10007174:	f046 0602 	orr.w	r6, r6, #2
10007178:	3201      	adds	r2, #1
1000717a:	920d      	str	r2, [sp, #52]	@ 0x34
1000717c:	2301      	movs	r3, #1
1000717e:	e012      	b.n	100071a6 <_vsnprintf+0x7e>
10007180:	f046 0604 	orr.w	r6, r6, #4
10007184:	3201      	adds	r2, #1
10007186:	920d      	str	r2, [sp, #52]	@ 0x34
10007188:	2301      	movs	r3, #1
1000718a:	e00c      	b.n	100071a6 <_vsnprintf+0x7e>
1000718c:	f046 0608 	orr.w	r6, r6, #8
10007190:	3201      	adds	r2, #1
10007192:	920d      	str	r2, [sp, #52]	@ 0x34
10007194:	2301      	movs	r3, #1
10007196:	e006      	b.n	100071a6 <_vsnprintf+0x7e>
10007198:	f046 0610 	orr.w	r6, r6, #16
1000719c:	3201      	adds	r2, #1
1000719e:	920d      	str	r2, [sp, #52]	@ 0x34
100071a0:	2301      	movs	r3, #1
100071a2:	e000      	b.n	100071a6 <_vsnprintf+0x7e>
100071a4:	2300      	movs	r3, #0
100071a6:	b34b      	cbz	r3, 100071fc <_vsnprintf+0xd4>
100071a8:	9a0d      	ldr	r2, [sp, #52]	@ 0x34
100071aa:	7813      	ldrb	r3, [r2, #0]
100071ac:	3b20      	subs	r3, #32
100071ae:	2b10      	cmp	r3, #16
100071b0:	d8f8      	bhi.n	100071a4 <_vsnprintf+0x7c>
100071b2:	a101      	add	r1, pc, #4	@ (adr r1, 100071b8 <_vsnprintf+0x90>)
100071b4:	f851 f023 	ldr.w	pc, [r1, r3, lsl #2]
100071b8:	1000718d 	.word	0x1000718d
100071bc:	100071a5 	.word	0x100071a5
100071c0:	100071a5 	.word	0x100071a5
100071c4:	10007199 	.word	0x10007199
100071c8:	100071a5 	.word	0x100071a5
100071cc:	100071a5 	.word	0x100071a5
100071d0:	100071a5 	.word	0x100071a5
100071d4:	100071a5 	.word	0x100071a5
100071d8:	100071a5 	.word	0x100071a5
100071dc:	100071a5 	.word	0x100071a5
100071e0:	100071a5 	.word	0x100071a5
100071e4:	10007181 	.word	0x10007181
100071e8:	100071a5 	.word	0x100071a5
100071ec:	10007175 	.word	0x10007175
100071f0:	100071a5 	.word	0x100071a5
100071f4:	100071a5 	.word	0x100071a5
100071f8:	10007169 	.word	0x10007169
100071fc:	930a      	str	r3, [sp, #40]	@ 0x28
100071fe:	9b0d      	ldr	r3, [sp, #52]	@ 0x34
10007200:	781a      	ldrb	r2, [r3, #0]
10007202:	f1a2 0330 	sub.w	r3, r2, #48	@ 0x30
10007206:	b2db      	uxtb	r3, r3
10007208:	2b09      	cmp	r3, #9
1000720a:	d918      	bls.n	1000723e <_vsnprintf+0x116>
1000720c:	2a2a      	cmp	r2, #42	@ 0x2a
1000720e:	d01b      	beq.n	10007248 <_vsnprintf+0x120>
10007210:	9b0a      	ldr	r3, [sp, #40]	@ 0x28
10007212:	930b      	str	r3, [sp, #44]	@ 0x2c
10007214:	9b0d      	ldr	r3, [sp, #52]	@ 0x34
10007216:	781a      	ldrb	r2, [r3, #0]
10007218:	2a2e      	cmp	r2, #46	@ 0x2e
1000721a:	d025      	beq.n	10007268 <_vsnprintf+0x140>
1000721c:	9a0d      	ldr	r2, [sp, #52]	@ 0x34
1000721e:	7813      	ldrb	r3, [r2, #0]
10007220:	3b68      	subs	r3, #104	@ 0x68
10007222:	2b12      	cmp	r3, #18
10007224:	d85c      	bhi.n	100072e0 <_vsnprintf+0x1b8>
10007226:	e8df f003 	tbb	[pc, r3]
1000722a:	5b49      	.short	0x5b49
1000722c:	5b3b5bac 	.word	0x5b3b5bac
10007230:	5b5b5b5b 	.word	0x5b5b5b5b
10007234:	5b575b5b 	.word	0x5b575b5b
10007238:	5b5b5b5b 	.word	0x5b5b5b5b
1000723c:	b1          	.byte	0xb1
1000723d:	00          	.byte	0x00
1000723e:	a80d      	add	r0, sp, #52	@ 0x34
10007240:	f7ff f9fc 	bl	1000663c <_atoi>
10007244:	900b      	str	r0, [sp, #44]	@ 0x2c
10007246:	e7e5      	b.n	10007214 <_vsnprintf+0xec>
10007248:	9b18      	ldr	r3, [sp, #96]	@ 0x60
1000724a:	1d1a      	adds	r2, r3, #4
1000724c:	9218      	str	r2, [sp, #96]	@ 0x60
1000724e:	681b      	ldr	r3, [r3, #0]
10007250:	2b00      	cmp	r3, #0
10007252:	db04      	blt.n	1000725e <_vsnprintf+0x136>
10007254:	930b      	str	r3, [sp, #44]	@ 0x2c
10007256:	9b0d      	ldr	r3, [sp, #52]	@ 0x34
10007258:	3301      	adds	r3, #1
1000725a:	930d      	str	r3, [sp, #52]	@ 0x34
1000725c:	e7da      	b.n	10007214 <_vsnprintf+0xec>
1000725e:	f046 0602 	orr.w	r6, r6, #2
10007262:	425b      	negs	r3, r3
10007264:	930b      	str	r3, [sp, #44]	@ 0x2c
10007266:	e7f6      	b.n	10007256 <_vsnprintf+0x12e>
10007268:	f446 6680 	orr.w	r6, r6, #1024	@ 0x400
1000726c:	1c5a      	adds	r2, r3, #1
1000726e:	920d      	str	r2, [sp, #52]	@ 0x34
10007270:	785a      	ldrb	r2, [r3, #1]
10007272:	f1a2 0330 	sub.w	r3, r2, #48	@ 0x30
10007276:	b2db      	uxtb	r3, r3
10007278:	2b09      	cmp	r3, #9
1000727a:	d90c      	bls.n	10007296 <_vsnprintf+0x16e>
1000727c:	2a2a      	cmp	r2, #42	@ 0x2a
1000727e:	d1cd      	bne.n	1000721c <_vsnprintf+0xf4>
10007280:	9b18      	ldr	r3, [sp, #96]	@ 0x60
10007282:	1d1a      	adds	r2, r3, #4
10007284:	9218      	str	r2, [sp, #96]	@ 0x60
10007286:	681c      	ldr	r4, [r3, #0]
10007288:	ea24 73e4 	bic.w	r3, r4, r4, asr #31
1000728c:	930a      	str	r3, [sp, #40]	@ 0x28
1000728e:	9b0d      	ldr	r3, [sp, #52]	@ 0x34
10007290:	3301      	adds	r3, #1
10007292:	930d      	str	r3, [sp, #52]	@ 0x34
10007294:	e7c2      	b.n	1000721c <_vsnprintf+0xf4>
10007296:	a80d      	add	r0, sp, #52	@ 0x34
10007298:	f7ff f9d0 	bl	1000663c <_atoi>
1000729c:	900a      	str	r0, [sp, #40]	@ 0x28
1000729e:	e7bd      	b.n	1000721c <_vsnprintf+0xf4>
100072a0:	f446 7180 	orr.w	r1, r6, #256	@ 0x100
100072a4:	1c53      	adds	r3, r2, #1
100072a6:	930d      	str	r3, [sp, #52]	@ 0x34
100072a8:	7853      	ldrb	r3, [r2, #1]
100072aa:	2b6c      	cmp	r3, #108	@ 0x6c
100072ac:	d001      	beq.n	100072b2 <_vsnprintf+0x18a>
100072ae:	460e      	mov	r6, r1
100072b0:	e016      	b.n	100072e0 <_vsnprintf+0x1b8>
100072b2:	f446 7640 	orr.w	r6, r6, #768	@ 0x300
100072b6:	3202      	adds	r2, #2
100072b8:	920d      	str	r2, [sp, #52]	@ 0x34
100072ba:	e011      	b.n	100072e0 <_vsnprintf+0x1b8>
100072bc:	f046 0180 	orr.w	r1, r6, #128	@ 0x80
100072c0:	1c53      	adds	r3, r2, #1
100072c2:	930d      	str	r3, [sp, #52]	@ 0x34
100072c4:	7853      	ldrb	r3, [r2, #1]
100072c6:	2b68      	cmp	r3, #104	@ 0x68
100072c8:	d001      	beq.n	100072ce <_vsnprintf+0x1a6>
100072ca:	460e      	mov	r6, r1
100072cc:	e008      	b.n	100072e0 <_vsnprintf+0x1b8>
100072ce:	f046 06c0 	orr.w	r6, r6, #192	@ 0xc0
100072d2:	3202      	adds	r2, #2
100072d4:	920d      	str	r2, [sp, #52]	@ 0x34
100072d6:	e003      	b.n	100072e0 <_vsnprintf+0x1b8>
100072d8:	f446 7680 	orr.w	r6, r6, #256	@ 0x100
100072dc:	3201      	adds	r2, #1
100072de:	920d      	str	r2, [sp, #52]	@ 0x34
100072e0:	9b0d      	ldr	r3, [sp, #52]	@ 0x34
100072e2:	7818      	ldrb	r0, [r3, #0]
100072e4:	2867      	cmp	r0, #103	@ 0x67
100072e6:	d856      	bhi.n	10007396 <_vsnprintf+0x26e>
100072e8:	2825      	cmp	r0, #37	@ 0x25
100072ea:	f0c0 826c 	bcc.w	100077c6 <_vsnprintf+0x69e>
100072ee:	f1a0 0325 	sub.w	r3, r0, #37	@ 0x25
100072f2:	2b42      	cmp	r3, #66	@ 0x42
100072f4:	f200 8267 	bhi.w	100077c6 <_vsnprintf+0x69e>
100072f8:	e8df f013 	tbh	[pc, r3, lsl #1]
100072fc:	0265025a 	.word	0x0265025a
10007300:	02650265 	.word	0x02650265
10007304:	02650265 	.word	0x02650265
10007308:	02650265 	.word	0x02650265
1000730c:	02650265 	.word	0x02650265
10007310:	02650265 	.word	0x02650265
10007314:	02650265 	.word	0x02650265
10007318:	02650265 	.word	0x02650265
1000731c:	02650265 	.word	0x02650265
10007320:	02650265 	.word	0x02650265
10007324:	02650265 	.word	0x02650265
10007328:	02650265 	.word	0x02650265
1000732c:	02650265 	.word	0x02650265
10007330:	02650265 	.word	0x02650265
10007334:	02650265 	.word	0x02650265
10007338:	02650265 	.word	0x02650265
1000733c:	01680188 	.word	0x01680188
10007340:	02650188 	.word	0x02650188
10007344:	02650265 	.word	0x02650265
10007348:	02650265 	.word	0x02650265
1000734c:	02650265 	.word	0x02650265
10007350:	02650265 	.word	0x02650265
10007354:	02650265 	.word	0x02650265
10007358:	02650265 	.word	0x02650265
1000735c:	02650265 	.word	0x02650265
10007360:	00710265 	.word	0x00710265
10007364:	02650265 	.word	0x02650265
10007368:	02650265 	.word	0x02650265
1000736c:	02650265 	.word	0x02650265
10007370:	02650265 	.word	0x02650265
10007374:	00710265 	.word	0x00710265
10007378:	007101af 	.word	0x007101af
1000737c:	01680188 	.word	0x01680188
10007380:	0188      	.short	0x0188
10007382:	f446 7600 	orr.w	r6, r6, #512	@ 0x200
10007386:	3201      	adds	r2, #1
10007388:	920d      	str	r2, [sp, #52]	@ 0x34
1000738a:	e7a9      	b.n	100072e0 <_vsnprintf+0x1b8>
1000738c:	f446 7680 	orr.w	r6, r6, #256	@ 0x100
10007390:	3201      	adds	r2, #1
10007392:	920d      	str	r2, [sp, #52]	@ 0x34
10007394:	e7a4      	b.n	100072e0 <_vsnprintf+0x1b8>
10007396:	2878      	cmp	r0, #120	@ 0x78
10007398:	f200 8215 	bhi.w	100077c6 <_vsnprintf+0x69e>
1000739c:	2869      	cmp	r0, #105	@ 0x69
1000739e:	f0c0 8212 	bcc.w	100077c6 <_vsnprintf+0x69e>
100073a2:	f1a0 0269 	sub.w	r2, r0, #105	@ 0x69
100073a6:	b2d2      	uxtb	r2, r2
100073a8:	2301      	movs	r3, #1
100073aa:	4093      	lsls	r3, r2
100073ac:	f249 0241 	movw	r2, #36929	@ 0x9041
100073b0:	4213      	tst	r3, r2
100073b2:	d114      	bne.n	100073de <_vsnprintf+0x2b6>
100073b4:	f013 0f80 	tst.w	r3, #128	@ 0x80
100073b8:	f040 81df 	bne.w	1000777a <_vsnprintf+0x652>
100073bc:	f413 6f80 	tst.w	r3, #1024	@ 0x400
100073c0:	f000 8201 	beq.w	100077c6 <_vsnprintf+0x69e>
100073c4:	9b18      	ldr	r3, [sp, #96]	@ 0x60
100073c6:	1d1a      	adds	r2, r3, #4
100073c8:	9218      	str	r2, [sp, #96]	@ 0x60
100073ca:	f8d3 a000 	ldr.w	sl, [r3]
100073ce:	9b0a      	ldr	r3, [sp, #40]	@ 0x28
100073d0:	2b00      	cmp	r3, #0
100073d2:	f040 8190 	bne.w	100076f6 <_vsnprintf+0x5ce>
100073d6:	f04f 32ff 	mov.w	r2, #4294967295
100073da:	4653      	mov	r3, sl
100073dc:	e174      	b.n	100076c8 <_vsnprintf+0x5a0>
100073de:	286f      	cmp	r0, #111	@ 0x6f
100073e0:	d03d      	beq.n	1000745e <_vsnprintf+0x336>
100073e2:	d805      	bhi.n	100073f0 <_vsnprintf+0x2c8>
100073e4:	2858      	cmp	r0, #88	@ 0x58
100073e6:	d03c      	beq.n	10007462 <_vsnprintf+0x33a>
100073e8:	2862      	cmp	r0, #98	@ 0x62
100073ea:	d103      	bne.n	100073f4 <_vsnprintf+0x2cc>
100073ec:	2302      	movs	r3, #2
100073ee:	e004      	b.n	100073fa <_vsnprintf+0x2d2>
100073f0:	2878      	cmp	r0, #120	@ 0x78
100073f2:	d038      	beq.n	10007466 <_vsnprintf+0x33e>
100073f4:	f026 0610 	bic.w	r6, r6, #16
100073f8:	230a      	movs	r3, #10
100073fa:	2858      	cmp	r0, #88	@ 0x58
100073fc:	d035      	beq.n	1000746a <_vsnprintf+0x342>
100073fe:	2869      	cmp	r0, #105	@ 0x69
10007400:	d003      	beq.n	1000740a <_vsnprintf+0x2e2>
10007402:	2864      	cmp	r0, #100	@ 0x64
10007404:	d001      	beq.n	1000740a <_vsnprintf+0x2e2>
10007406:	f026 060c 	bic.w	r6, r6, #12
1000740a:	f416 6f80 	tst.w	r6, #1024	@ 0x400
1000740e:	d001      	beq.n	10007414 <_vsnprintf+0x2ec>
10007410:	f026 0601 	bic.w	r6, r6, #1
10007414:	2869      	cmp	r0, #105	@ 0x69
10007416:	d02b      	beq.n	10007470 <_vsnprintf+0x348>
10007418:	2864      	cmp	r0, #100	@ 0x64
1000741a:	d029      	beq.n	10007470 <_vsnprintf+0x348>
1000741c:	f416 7f00 	tst.w	r6, #512	@ 0x200
10007420:	f040 8096 	bne.w	10007550 <_vsnprintf+0x428>
10007424:	f416 7f80 	tst.w	r6, #256	@ 0x100
10007428:	f040 80ae 	bne.w	10007588 <_vsnprintf+0x460>
1000742c:	f016 0f40 	tst.w	r6, #64	@ 0x40
10007430:	f000 80bf 	beq.w	100075b2 <_vsnprintf+0x48a>
10007434:	9a18      	ldr	r2, [sp, #96]	@ 0x60
10007436:	1d11      	adds	r1, r2, #4
10007438:	9118      	str	r1, [sp, #96]	@ 0x60
1000743a:	7812      	ldrb	r2, [r2, #0]
1000743c:	9605      	str	r6, [sp, #20]
1000743e:	990b      	ldr	r1, [sp, #44]	@ 0x2c
10007440:	9104      	str	r1, [sp, #16]
10007442:	990a      	ldr	r1, [sp, #40]	@ 0x28
10007444:	9103      	str	r1, [sp, #12]
10007446:	9302      	str	r3, [sp, #8]
10007448:	2300      	movs	r3, #0
1000744a:	9301      	str	r3, [sp, #4]
1000744c:	9200      	str	r2, [sp, #0]
1000744e:	463b      	mov	r3, r7
10007450:	462a      	mov	r2, r5
10007452:	4649      	mov	r1, r9
10007454:	4640      	mov	r0, r8
10007456:	f7ff f9dd 	bl	10006814 <_ntoa_long>
1000745a:	4605      	mov	r5, r0
1000745c:	e029      	b.n	100074b2 <_vsnprintf+0x38a>
1000745e:	2308      	movs	r3, #8
10007460:	e7cb      	b.n	100073fa <_vsnprintf+0x2d2>
10007462:	2310      	movs	r3, #16
10007464:	e7c9      	b.n	100073fa <_vsnprintf+0x2d2>
10007466:	2310      	movs	r3, #16
10007468:	e7c7      	b.n	100073fa <_vsnprintf+0x2d2>
1000746a:	f046 0620 	orr.w	r6, r6, #32
1000746e:	e7c6      	b.n	100073fe <_vsnprintf+0x2d6>
10007470:	f416 7f00 	tst.w	r6, #512	@ 0x200
10007474:	d121      	bne.n	100074ba <_vsnprintf+0x392>
10007476:	f416 7f80 	tst.w	r6, #256	@ 0x100
1000747a:	d142      	bne.n	10007502 <_vsnprintf+0x3da>
1000747c:	f016 0f40 	tst.w	r6, #64	@ 0x40
10007480:	d058      	beq.n	10007534 <_vsnprintf+0x40c>
10007482:	9a18      	ldr	r2, [sp, #96]	@ 0x60
10007484:	1d11      	adds	r1, r2, #4
10007486:	9118      	str	r1, [sp, #96]	@ 0x60
10007488:	7812      	ldrb	r2, [r2, #0]
1000748a:	ea82 71e2 	eor.w	r1, r2, r2, asr #31
1000748e:	eba1 71e2 	sub.w	r1, r1, r2, asr #31
10007492:	9605      	str	r6, [sp, #20]
10007494:	980b      	ldr	r0, [sp, #44]	@ 0x2c
10007496:	9004      	str	r0, [sp, #16]
10007498:	980a      	ldr	r0, [sp, #40]	@ 0x28
1000749a:	9003      	str	r0, [sp, #12]
1000749c:	9302      	str	r3, [sp, #8]
1000749e:	0fd2      	lsrs	r2, r2, #31
100074a0:	9201      	str	r2, [sp, #4]
100074a2:	9100      	str	r1, [sp, #0]
100074a4:	463b      	mov	r3, r7
100074a6:	462a      	mov	r2, r5
100074a8:	4649      	mov	r1, r9
100074aa:	4640      	mov	r0, r8
100074ac:	f7ff f9b2 	bl	10006814 <_ntoa_long>
100074b0:	4605      	mov	r5, r0
100074b2:	9b0d      	ldr	r3, [sp, #52]	@ 0x34
100074b4:	3301      	adds	r3, #1
100074b6:	930d      	str	r3, [sp, #52]	@ 0x34
100074b8:	e64b      	b.n	10007152 <_vsnprintf+0x2a>
100074ba:	9a18      	ldr	r2, [sp, #96]	@ 0x60
100074bc:	3207      	adds	r2, #7
100074be:	f022 0207 	bic.w	r2, r2, #7
100074c2:	f102 0108 	add.w	r1, r2, #8
100074c6:	9118      	str	r1, [sp, #96]	@ 0x60
100074c8:	6851      	ldr	r1, [r2, #4]
100074ca:	6812      	ldr	r2, [r2, #0]
100074cc:	4608      	mov	r0, r1
100074ce:	2900      	cmp	r1, #0
100074d0:	db13      	blt.n	100074fa <_vsnprintf+0x3d2>
100074d2:	9608      	str	r6, [sp, #32]
100074d4:	9c0b      	ldr	r4, [sp, #44]	@ 0x2c
100074d6:	9407      	str	r4, [sp, #28]
100074d8:	9c0a      	ldr	r4, [sp, #40]	@ 0x28
100074da:	9406      	str	r4, [sp, #24]
100074dc:	9304      	str	r3, [sp, #16]
100074de:	2300      	movs	r3, #0
100074e0:	9305      	str	r3, [sp, #20]
100074e2:	0fc9      	lsrs	r1, r1, #31
100074e4:	9102      	str	r1, [sp, #8]
100074e6:	9200      	str	r2, [sp, #0]
100074e8:	9001      	str	r0, [sp, #4]
100074ea:	463b      	mov	r3, r7
100074ec:	462a      	mov	r2, r5
100074ee:	4649      	mov	r1, r9
100074f0:	4640      	mov	r0, r8
100074f2:	f7ff f9d9 	bl	100068a8 <_ntoa_long_long>
100074f6:	4605      	mov	r5, r0
100074f8:	e7db      	b.n	100074b2 <_vsnprintf+0x38a>
100074fa:	4252      	negs	r2, r2
100074fc:	eb61 0041 	sbc.w	r0, r1, r1, lsl #1
10007500:	e7e7      	b.n	100074d2 <_vsnprintf+0x3aa>
10007502:	9a18      	ldr	r2, [sp, #96]	@ 0x60
10007504:	1d11      	adds	r1, r2, #4
10007506:	9118      	str	r1, [sp, #96]	@ 0x60
10007508:	6812      	ldr	r2, [r2, #0]
1000750a:	ea82 71e2 	eor.w	r1, r2, r2, asr #31
1000750e:	eba1 71e2 	sub.w	r1, r1, r2, asr #31
10007512:	9605      	str	r6, [sp, #20]
10007514:	980b      	ldr	r0, [sp, #44]	@ 0x2c
10007516:	9004      	str	r0, [sp, #16]
10007518:	980a      	ldr	r0, [sp, #40]	@ 0x28
1000751a:	9003      	str	r0, [sp, #12]
1000751c:	9302      	str	r3, [sp, #8]
1000751e:	0fd2      	lsrs	r2, r2, #31
10007520:	9201      	str	r2, [sp, #4]
10007522:	9100      	str	r1, [sp, #0]
10007524:	463b      	mov	r3, r7
10007526:	462a      	mov	r2, r5
10007528:	4649      	mov	r1, r9
1000752a:	4640      	mov	r0, r8
1000752c:	f7ff f972 	bl	10006814 <_ntoa_long>
10007530:	4605      	mov	r5, r0
10007532:	e7be      	b.n	100074b2 <_vsnprintf+0x38a>
10007534:	f016 0f80 	tst.w	r6, #128	@ 0x80
10007538:	d005      	beq.n	10007546 <_vsnprintf+0x41e>
1000753a:	9a18      	ldr	r2, [sp, #96]	@ 0x60
1000753c:	1d11      	adds	r1, r2, #4
1000753e:	9118      	str	r1, [sp, #96]	@ 0x60
10007540:	f9b2 2000 	ldrsh.w	r2, [r2]
10007544:	e7a1      	b.n	1000748a <_vsnprintf+0x362>
10007546:	9a18      	ldr	r2, [sp, #96]	@ 0x60
10007548:	1d11      	adds	r1, r2, #4
1000754a:	9118      	str	r1, [sp, #96]	@ 0x60
1000754c:	6812      	ldr	r2, [r2, #0]
1000754e:	e79c      	b.n	1000748a <_vsnprintf+0x362>
10007550:	9a18      	ldr	r2, [sp, #96]	@ 0x60
10007552:	3207      	adds	r2, #7
10007554:	f022 0207 	bic.w	r2, r2, #7
10007558:	f102 0108 	add.w	r1, r2, #8
1000755c:	9118      	str	r1, [sp, #96]	@ 0x60
1000755e:	9608      	str	r6, [sp, #32]
10007560:	990b      	ldr	r1, [sp, #44]	@ 0x2c
10007562:	9107      	str	r1, [sp, #28]
10007564:	990a      	ldr	r1, [sp, #40]	@ 0x28
10007566:	9106      	str	r1, [sp, #24]
10007568:	2100      	movs	r1, #0
1000756a:	9304      	str	r3, [sp, #16]
1000756c:	9105      	str	r1, [sp, #20]
1000756e:	9102      	str	r1, [sp, #8]
10007570:	e9d2 2300 	ldrd	r2, r3, [r2]
10007574:	e9cd 2300 	strd	r2, r3, [sp]
10007578:	463b      	mov	r3, r7
1000757a:	462a      	mov	r2, r5
1000757c:	4649      	mov	r1, r9
1000757e:	4640      	mov	r0, r8
10007580:	f7ff f992 	bl	100068a8 <_ntoa_long_long>
10007584:	4605      	mov	r5, r0
10007586:	e794      	b.n	100074b2 <_vsnprintf+0x38a>
10007588:	9a18      	ldr	r2, [sp, #96]	@ 0x60
1000758a:	1d11      	adds	r1, r2, #4
1000758c:	9118      	str	r1, [sp, #96]	@ 0x60
1000758e:	9605      	str	r6, [sp, #20]
10007590:	990b      	ldr	r1, [sp, #44]	@ 0x2c
10007592:	9104      	str	r1, [sp, #16]
10007594:	990a      	ldr	r1, [sp, #40]	@ 0x28
10007596:	9103      	str	r1, [sp, #12]
10007598:	9302      	str	r3, [sp, #8]
1000759a:	2300      	movs	r3, #0
1000759c:	9301      	str	r3, [sp, #4]
1000759e:	6813      	ldr	r3, [r2, #0]
100075a0:	9300      	str	r3, [sp, #0]
100075a2:	463b      	mov	r3, r7
100075a4:	462a      	mov	r2, r5
100075a6:	4649      	mov	r1, r9
100075a8:	4640      	mov	r0, r8
100075aa:	f7ff f933 	bl	10006814 <_ntoa_long>
100075ae:	4605      	mov	r5, r0
100075b0:	e77f      	b.n	100074b2 <_vsnprintf+0x38a>
100075b2:	f016 0f80 	tst.w	r6, #128	@ 0x80
100075b6:	d004      	beq.n	100075c2 <_vsnprintf+0x49a>
100075b8:	9a18      	ldr	r2, [sp, #96]	@ 0x60
100075ba:	1d11      	adds	r1, r2, #4
100075bc:	9118      	str	r1, [sp, #96]	@ 0x60
100075be:	8812      	ldrh	r2, [r2, #0]
100075c0:	e73c      	b.n	1000743c <_vsnprintf+0x314>
100075c2:	9a18      	ldr	r2, [sp, #96]	@ 0x60
100075c4:	1d11      	adds	r1, r2, #4
100075c6:	9118      	str	r1, [sp, #96]	@ 0x60
100075c8:	6812      	ldr	r2, [r2, #0]
100075ca:	e737      	b.n	1000743c <_vsnprintf+0x314>
100075cc:	2846      	cmp	r0, #70	@ 0x46
100075ce:	d01a      	beq.n	10007606 <_vsnprintf+0x4de>
100075d0:	9b18      	ldr	r3, [sp, #96]	@ 0x60
100075d2:	3307      	adds	r3, #7
100075d4:	f023 0307 	bic.w	r3, r3, #7
100075d8:	f103 0208 	add.w	r2, r3, #8
100075dc:	9218      	str	r2, [sp, #96]	@ 0x60
100075de:	9604      	str	r6, [sp, #16]
100075e0:	9a0b      	ldr	r2, [sp, #44]	@ 0x2c
100075e2:	9203      	str	r2, [sp, #12]
100075e4:	9a0a      	ldr	r2, [sp, #40]	@ 0x28
100075e6:	9202      	str	r2, [sp, #8]
100075e8:	e9d3 2300 	ldrd	r2, r3, [r3]
100075ec:	e9cd 2300 	strd	r2, r3, [sp]
100075f0:	463b      	mov	r3, r7
100075f2:	462a      	mov	r2, r5
100075f4:	4649      	mov	r1, r9
100075f6:	4640      	mov	r0, r8
100075f8:	f7ff fbca 	bl	10006d90 <_ftoa>
100075fc:	4605      	mov	r5, r0
100075fe:	9b0d      	ldr	r3, [sp, #52]	@ 0x34
10007600:	3301      	adds	r3, #1
10007602:	930d      	str	r3, [sp, #52]	@ 0x34
10007604:	e5a5      	b.n	10007152 <_vsnprintf+0x2a>
10007606:	f046 0620 	orr.w	r6, r6, #32
1000760a:	e7e1      	b.n	100075d0 <_vsnprintf+0x4a8>
1000760c:	2867      	cmp	r0, #103	@ 0x67
1000760e:	d001      	beq.n	10007614 <_vsnprintf+0x4ec>
10007610:	2847      	cmp	r0, #71	@ 0x47
10007612:	d101      	bne.n	10007618 <_vsnprintf+0x4f0>
10007614:	f446 6600 	orr.w	r6, r6, #2048	@ 0x800
10007618:	2845      	cmp	r0, #69	@ 0x45
1000761a:	d001      	beq.n	10007620 <_vsnprintf+0x4f8>
1000761c:	2847      	cmp	r0, #71	@ 0x47
1000761e:	d101      	bne.n	10007624 <_vsnprintf+0x4fc>
10007620:	f046 0620 	orr.w	r6, r6, #32
10007624:	9b18      	ldr	r3, [sp, #96]	@ 0x60
10007626:	3307      	adds	r3, #7
10007628:	f023 0307 	bic.w	r3, r3, #7
1000762c:	f103 0208 	add.w	r2, r3, #8
10007630:	9218      	str	r2, [sp, #96]	@ 0x60
10007632:	9604      	str	r6, [sp, #16]
10007634:	9a0b      	ldr	r2, [sp, #44]	@ 0x2c
10007636:	9203      	str	r2, [sp, #12]
10007638:	9a0a      	ldr	r2, [sp, #40]	@ 0x28
1000763a:	9202      	str	r2, [sp, #8]
1000763c:	e9d3 2300 	ldrd	r2, r3, [r3]
10007640:	e9cd 2300 	strd	r2, r3, [sp]
10007644:	463b      	mov	r3, r7
10007646:	462a      	mov	r2, r5
10007648:	4649      	mov	r1, r9
1000764a:	4640      	mov	r0, r8
1000764c:	f7ff f990 	bl	10006970 <_etoa>
10007650:	4605      	mov	r5, r0
10007652:	9b0d      	ldr	r3, [sp, #52]	@ 0x34
10007654:	3301      	adds	r3, #1
10007656:	930d      	str	r3, [sp, #52]	@ 0x34
10007658:	e57b      	b.n	10007152 <_vsnprintf+0x2a>
1000765a:	f016 0602 	ands.w	r6, r6, #2
1000765e:	d01c      	beq.n	1000769a <_vsnprintf+0x572>
10007660:	2401      	movs	r4, #1
10007662:	9818      	ldr	r0, [sp, #96]	@ 0x60
10007664:	1d03      	adds	r3, r0, #4
10007666:	9318      	str	r3, [sp, #96]	@ 0x60
10007668:	f105 0a01 	add.w	sl, r5, #1
1000766c:	463b      	mov	r3, r7
1000766e:	462a      	mov	r2, r5
10007670:	4649      	mov	r1, r9
10007672:	7800      	ldrb	r0, [r0, #0]
10007674:	47c0      	blx	r8
10007676:	b9ae      	cbnz	r6, 100076a4 <_vsnprintf+0x57c>
10007678:	9b0d      	ldr	r3, [sp, #52]	@ 0x34
1000767a:	3301      	adds	r3, #1
1000767c:	930d      	str	r3, [sp, #52]	@ 0x34
1000767e:	4655      	mov	r5, sl
10007680:	e567      	b.n	10007152 <_vsnprintf+0x2a>
10007682:	1c55      	adds	r5, r2, #1
10007684:	463b      	mov	r3, r7
10007686:	4649      	mov	r1, r9
10007688:	2020      	movs	r0, #32
1000768a:	47c0      	blx	r8
1000768c:	4623      	mov	r3, r4
1000768e:	462a      	mov	r2, r5
10007690:	1c5c      	adds	r4, r3, #1
10007692:	459a      	cmp	sl, r3
10007694:	d8f5      	bhi.n	10007682 <_vsnprintf+0x55a>
10007696:	4615      	mov	r5, r2
10007698:	e7e3      	b.n	10007662 <_vsnprintf+0x53a>
1000769a:	2301      	movs	r3, #1
1000769c:	f8dd a02c 	ldr.w	sl, [sp, #44]	@ 0x2c
100076a0:	462a      	mov	r2, r5
100076a2:	e7f5      	b.n	10007690 <_vsnprintf+0x568>
100076a4:	4652      	mov	r2, sl
100076a6:	f8dd a02c 	ldr.w	sl, [sp, #44]	@ 0x2c
100076aa:	e006      	b.n	100076ba <_vsnprintf+0x592>
100076ac:	1c56      	adds	r6, r2, #1
100076ae:	463b      	mov	r3, r7
100076b0:	4649      	mov	r1, r9
100076b2:	2020      	movs	r0, #32
100076b4:	47c0      	blx	r8
100076b6:	462c      	mov	r4, r5
100076b8:	4632      	mov	r2, r6
100076ba:	1c65      	adds	r5, r4, #1
100076bc:	45a2      	cmp	sl, r4
100076be:	d8f5      	bhi.n	100076ac <_vsnprintf+0x584>
100076c0:	4692      	mov	sl, r2
100076c2:	e7d9      	b.n	10007678 <_vsnprintf+0x550>
100076c4:	3301      	adds	r3, #1
100076c6:	460a      	mov	r2, r1
100076c8:	7819      	ldrb	r1, [r3, #0]
100076ca:	b111      	cbz	r1, 100076d2 <_vsnprintf+0x5aa>
100076cc:	1e51      	subs	r1, r2, #1
100076ce:	2a00      	cmp	r2, #0
100076d0:	d1f8      	bne.n	100076c4 <_vsnprintf+0x59c>
100076d2:	eba3 030a 	sub.w	r3, r3, sl
100076d6:	f416 6b80 	ands.w	fp, r6, #1024	@ 0x400
100076da:	d003      	beq.n	100076e4 <_vsnprintf+0x5bc>
100076dc:	9a0a      	ldr	r2, [sp, #40]	@ 0x28
100076de:	4293      	cmp	r3, r2
100076e0:	bf28      	it	cs
100076e2:	4613      	movcs	r3, r2
100076e4:	f016 0402 	ands.w	r4, r6, #2
100076e8:	d007      	beq.n	100076fa <_vsnprintf+0x5d2>
100076ea:	940c      	str	r4, [sp, #48]	@ 0x30
100076ec:	9e0a      	ldr	r6, [sp, #40]	@ 0x28
100076ee:	462a      	mov	r2, r5
100076f0:	465d      	mov	r5, fp
100076f2:	469b      	mov	fp, r3
100076f4:	e023      	b.n	1000773e <_vsnprintf+0x616>
100076f6:	9a0a      	ldr	r2, [sp, #40]	@ 0x28
100076f8:	e66f      	b.n	100073da <_vsnprintf+0x2b2>
100076fa:	f8cd b030 	str.w	fp, [sp, #48]	@ 0x30
100076fe:	462a      	mov	r2, r5
10007700:	4625      	mov	r5, r4
10007702:	9c0b      	ldr	r4, [sp, #44]	@ 0x2c
10007704:	e007      	b.n	10007716 <_vsnprintf+0x5ee>
10007706:	f102 0b01 	add.w	fp, r2, #1
1000770a:	463b      	mov	r3, r7
1000770c:	4649      	mov	r1, r9
1000770e:	2020      	movs	r0, #32
10007710:	47c0      	blx	r8
10007712:	4633      	mov	r3, r6
10007714:	465a      	mov	r2, fp
10007716:	1c5e      	adds	r6, r3, #1
10007718:	429c      	cmp	r4, r3
1000771a:	d8f4      	bhi.n	10007706 <_vsnprintf+0x5de>
1000771c:	f8dd b030 	ldr.w	fp, [sp, #48]	@ 0x30
10007720:	462c      	mov	r4, r5
10007722:	4633      	mov	r3, r6
10007724:	940c      	str	r4, [sp, #48]	@ 0x30
10007726:	9e0a      	ldr	r6, [sp, #40]	@ 0x28
10007728:	465d      	mov	r5, fp
1000772a:	469b      	mov	fp, r3
1000772c:	e007      	b.n	1000773e <_vsnprintf+0x616>
1000772e:	461e      	mov	r6, r3
10007730:	f10a 0a01 	add.w	sl, sl, #1
10007734:	1c54      	adds	r4, r2, #1
10007736:	463b      	mov	r3, r7
10007738:	4649      	mov	r1, r9
1000773a:	47c0      	blx	r8
1000773c:	4622      	mov	r2, r4
1000773e:	f89a 0000 	ldrb.w	r0, [sl]
10007742:	b120      	cbz	r0, 1000774e <_vsnprintf+0x626>
10007744:	2d00      	cmp	r5, #0
10007746:	d0f3      	beq.n	10007730 <_vsnprintf+0x608>
10007748:	1e73      	subs	r3, r6, #1
1000774a:	2e00      	cmp	r6, #0
1000774c:	d1ef      	bne.n	1000772e <_vsnprintf+0x606>
1000774e:	9c0c      	ldr	r4, [sp, #48]	@ 0x30
10007750:	4615      	mov	r5, r2
10007752:	465b      	mov	r3, fp
10007754:	b91c      	cbnz	r4, 1000775e <_vsnprintf+0x636>
10007756:	9b0d      	ldr	r3, [sp, #52]	@ 0x34
10007758:	3301      	adds	r3, #1
1000775a:	930d      	str	r3, [sp, #52]	@ 0x34
1000775c:	e4f9      	b.n	10007152 <_vsnprintf+0x2a>
1000775e:	9e0b      	ldr	r6, [sp, #44]	@ 0x2c
10007760:	e006      	b.n	10007770 <_vsnprintf+0x648>
10007762:	1c55      	adds	r5, r2, #1
10007764:	463b      	mov	r3, r7
10007766:	4649      	mov	r1, r9
10007768:	2020      	movs	r0, #32
1000776a:	47c0      	blx	r8
1000776c:	4623      	mov	r3, r4
1000776e:	462a      	mov	r2, r5
10007770:	1c5c      	adds	r4, r3, #1
10007772:	429e      	cmp	r6, r3
10007774:	d8f5      	bhi.n	10007762 <_vsnprintf+0x63a>
10007776:	4615      	mov	r5, r2
10007778:	e7ed      	b.n	10007756 <_vsnprintf+0x62e>
1000777a:	f046 0621 	orr.w	r6, r6, #33	@ 0x21
1000777e:	9b18      	ldr	r3, [sp, #96]	@ 0x60
10007780:	1d1a      	adds	r2, r3, #4
10007782:	9218      	str	r2, [sp, #96]	@ 0x60
10007784:	681b      	ldr	r3, [r3, #0]
10007786:	9605      	str	r6, [sp, #20]
10007788:	2208      	movs	r2, #8
1000778a:	9204      	str	r2, [sp, #16]
1000778c:	9a0a      	ldr	r2, [sp, #40]	@ 0x28
1000778e:	9203      	str	r2, [sp, #12]
10007790:	2210      	movs	r2, #16
10007792:	9202      	str	r2, [sp, #8]
10007794:	2200      	movs	r2, #0
10007796:	9201      	str	r2, [sp, #4]
10007798:	9300      	str	r3, [sp, #0]
1000779a:	463b      	mov	r3, r7
1000779c:	462a      	mov	r2, r5
1000779e:	4649      	mov	r1, r9
100077a0:	4640      	mov	r0, r8
100077a2:	f7ff f837 	bl	10006814 <_ntoa_long>
100077a6:	4605      	mov	r5, r0
100077a8:	9b0d      	ldr	r3, [sp, #52]	@ 0x34
100077aa:	3301      	adds	r3, #1
100077ac:	930d      	str	r3, [sp, #52]	@ 0x34
100077ae:	e4d0      	b.n	10007152 <_vsnprintf+0x2a>
100077b0:	1c6c      	adds	r4, r5, #1
100077b2:	463b      	mov	r3, r7
100077b4:	462a      	mov	r2, r5
100077b6:	4649      	mov	r1, r9
100077b8:	2025      	movs	r0, #37	@ 0x25
100077ba:	47c0      	blx	r8
100077bc:	9b0d      	ldr	r3, [sp, #52]	@ 0x34
100077be:	3301      	adds	r3, #1
100077c0:	930d      	str	r3, [sp, #52]	@ 0x34
100077c2:	4625      	mov	r5, r4
100077c4:	e4c5      	b.n	10007152 <_vsnprintf+0x2a>
100077c6:	1c6c      	adds	r4, r5, #1
100077c8:	463b      	mov	r3, r7
100077ca:	462a      	mov	r2, r5
100077cc:	4649      	mov	r1, r9
100077ce:	47c0      	blx	r8
100077d0:	9b0d      	ldr	r3, [sp, #52]	@ 0x34
100077d2:	3301      	adds	r3, #1
100077d4:	930d      	str	r3, [sp, #52]	@ 0x34
100077d6:	4625      	mov	r5, r4
100077d8:	e4bb      	b.n	10007152 <_vsnprintf+0x2a>
100077da:	f8df 8020 	ldr.w	r8, [pc, #32]	@ 100077fc <_vsnprintf+0x6d4>
100077de:	e4ad      	b.n	1000713c <_vsnprintf+0x14>
100077e0:	42bd      	cmp	r5, r7
100077e2:	d308      	bcc.n	100077f6 <_vsnprintf+0x6ce>
100077e4:	1e7a      	subs	r2, r7, #1
100077e6:	463b      	mov	r3, r7
100077e8:	4649      	mov	r1, r9
100077ea:	2000      	movs	r0, #0
100077ec:	47c0      	blx	r8
100077ee:	4628      	mov	r0, r5
100077f0:	b00f      	add	sp, #60	@ 0x3c
100077f2:	e8bd 8ff0 	ldmia.w	sp!, {r4, r5, r6, r7, r8, r9, sl, fp, pc}
100077f6:	462a      	mov	r2, r5
100077f8:	e7f5      	b.n	100077e6 <_vsnprintf+0x6be>
100077fa:	bf00      	nop
100077fc:	1000662d 	.word	0x1000662d

10007800 <vfctprintf>:
10007800:	b500      	push	{lr}
10007802:	b085      	sub	sp, #20
10007804:	9002      	str	r0, [sp, #8]
10007806:	9103      	str	r1, [sp, #12]
10007808:	9300      	str	r3, [sp, #0]
1000780a:	4613      	mov	r3, r2
1000780c:	f04f 32ff 	mov.w	r2, #4294967295
10007810:	a902      	add	r1, sp, #8
10007812:	4803      	ldr	r0, [pc, #12]	@ (10007820 <vfctprintf+0x20>)
10007814:	f7ff fc88 	bl	10007128 <_vsnprintf>
10007818:	b005      	add	sp, #20
1000781a:	f85d fb04 	ldr.w	pc, [sp], #4
1000781e:	bf00      	nop
10007820:	1000662f 	.word	0x1000662f

10007824 <_exit>:
10007824:	be00      	bkpt	0x0000
10007826:	e7fd      	b.n	10007824 <_exit>

10007828 <exit>:
10007828:	b508      	push	{r3, lr}
1000782a:	f7ff fffb 	bl	10007824 <_exit>
	...

10007830 <__assert_func>:
10007830:	b500      	push	{lr}
10007832:	b083      	sub	sp, #12
10007834:	468c      	mov	ip, r1
10007836:	4619      	mov	r1, r3
10007838:	b15a      	cbz	r2, 10007852 <__assert_func+0x22>
1000783a:	4614      	mov	r4, r2
1000783c:	4b06      	ldr	r3, [pc, #24]	@ (10007858 <__assert_func+0x28>)
1000783e:	9401      	str	r4, [sp, #4]
10007840:	9300      	str	r3, [sp, #0]
10007842:	4663      	mov	r3, ip
10007844:	4602      	mov	r2, r0
10007846:	4805      	ldr	r0, [pc, #20]	@ (1000785c <__assert_func+0x2c>)
10007848:	f000 f966 	bl	10007b18 <__wrap_printf>
1000784c:	2001      	movs	r0, #1
1000784e:	f7ff ffe9 	bl	10007824 <_exit>
10007852:	4b03      	ldr	r3, [pc, #12]	@ (10007860 <__assert_func+0x30>)
10007854:	461c      	mov	r4, r3
10007856:	e7f2      	b.n	1000783e <__assert_func+0xe>
10007858:	1000a800 	.word	0x1000a800
1000785c:	1000a810 	.word	0x1000a810
10007860:	100092f8 	.word	0x100092f8

10007864 <runtime_init>:
10007864:	b510      	push	{r4, lr}
10007866:	f3ef 8305 	mrs	r3, IPSR
1000786a:	b2db      	uxtb	r3, r3
1000786c:	b103      	cbz	r3, 10007870 <runtime_init+0xc>
1000786e:	be00      	bkpt	0x0000
10007870:	f7fd fbd6 	bl	10005020 <runtime_run_initializers>
10007874:	4c04      	ldr	r4, [pc, #16]	@ (10007888 <runtime_init+0x24>)
10007876:	e002      	b.n	1000787e <runtime_init+0x1a>
10007878:	f854 3b04 	ldr.w	r3, [r4], #4
1000787c:	4798      	blx	r3
1000787e:	4b03      	ldr	r3, [pc, #12]	@ (1000788c <runtime_init+0x28>)
10007880:	429c      	cmp	r4, r3
10007882:	d3f9      	bcc.n	10007878 <runtime_init+0x14>
10007884:	bd10      	pop	{r4, pc}
10007886:	bf00      	nop
10007888:	10009010 	.word	0x10009010
1000788c:	10009018 	.word	0x10009018

10007890 <stdio_out_chars_no_crlf>:
10007890:	b508      	push	{r3, lr}
10007892:	4603      	mov	r3, r0
10007894:	4608      	mov	r0, r1
10007896:	681b      	ldr	r3, [r3, #0]
10007898:	4611      	mov	r1, r2
1000789a:	4798      	blx	r3
1000789c:	bd08      	pop	{r3, pc}
	...

100078a0 <stdio_out_chars_crlf>:
100078a0:	b5f8      	push	{r3, r4, r5, r6, r7, lr}
100078a2:	4607      	mov	r7, r0
100078a4:	460d      	mov	r5, r1
100078a6:	4616      	mov	r6, r2
100078a8:	7d43      	ldrb	r3, [r0, #21]
100078aa:	b113      	cbz	r3, 100078b2 <stdio_out_chars_crlf+0x12>
100078ac:	2400      	movs	r4, #0
100078ae:	4620      	mov	r0, r4
100078b0:	e00c      	b.n	100078cc <stdio_out_chars_crlf+0x2c>
100078b2:	6803      	ldr	r3, [r0, #0]
100078b4:	4611      	mov	r1, r2
100078b6:	4628      	mov	r0, r5
100078b8:	4798      	blx	r3
100078ba:	e02e      	b.n	1000791a <stdio_out_chars_crlf+0x7a>
100078bc:	7d3b      	ldrb	r3, [r7, #20]
100078be:	e010      	b.n	100078e2 <stdio_out_chars_crlf+0x42>
100078c0:	683b      	ldr	r3, [r7, #0]
100078c2:	2102      	movs	r1, #2
100078c4:	4815      	ldr	r0, [pc, #84]	@ (1000791c <stdio_out_chars_crlf+0x7c>)
100078c6:	4798      	blx	r3
100078c8:	1c60      	adds	r0, r4, #1
100078ca:	3401      	adds	r4, #1
100078cc:	42b4      	cmp	r4, r6
100078ce:	da14      	bge.n	100078fa <stdio_out_chars_crlf+0x5a>
100078d0:	2c00      	cmp	r4, #0
100078d2:	ddf3      	ble.n	100078bc <stdio_out_chars_crlf+0x1c>
100078d4:	192b      	adds	r3, r5, r4
100078d6:	f813 3c01 	ldrb.w	r3, [r3, #-1]
100078da:	2b0d      	cmp	r3, #13
100078dc:	bf14      	ite	ne
100078de:	2300      	movne	r3, #0
100078e0:	2301      	moveq	r3, #1
100078e2:	5d2a      	ldrb	r2, [r5, r4]
100078e4:	2a0a      	cmp	r2, #10
100078e6:	d1f0      	bne.n	100078ca <stdio_out_chars_crlf+0x2a>
100078e8:	2b00      	cmp	r3, #0
100078ea:	d1ee      	bne.n	100078ca <stdio_out_chars_crlf+0x2a>
100078ec:	42a0      	cmp	r0, r4
100078ee:	dae7      	bge.n	100078c0 <stdio_out_chars_crlf+0x20>
100078f0:	683b      	ldr	r3, [r7, #0]
100078f2:	1a21      	subs	r1, r4, r0
100078f4:	4428      	add	r0, r5
100078f6:	4798      	blx	r3
100078f8:	e7e2      	b.n	100078c0 <stdio_out_chars_crlf+0x20>
100078fa:	42b0      	cmp	r0, r6
100078fc:	da03      	bge.n	10007906 <stdio_out_chars_crlf+0x66>
100078fe:	683b      	ldr	r3, [r7, #0]
10007900:	1a31      	subs	r1, r6, r0
10007902:	4428      	add	r0, r5
10007904:	4798      	blx	r3
10007906:	2e00      	cmp	r6, #0
10007908:	dd07      	ble.n	1000791a <stdio_out_chars_crlf+0x7a>
1000790a:	4435      	add	r5, r6
1000790c:	f815 3c01 	ldrb.w	r3, [r5, #-1]
10007910:	2b0d      	cmp	r3, #13
10007912:	bf14      	ite	ne
10007914:	2300      	movne	r3, #0
10007916:	2301      	moveq	r3, #1
10007918:	753b      	strb	r3, [r7, #20]
1000791a:	bdf8      	pop	{r3, r4, r5, r6, r7, pc}
1000791c:	1000add0 	.word	0x1000add0

10007920 <stdio_stack_buffer_flush>:
10007920:	b538      	push	{r3, r4, r5, lr}
10007922:	6803      	ldr	r3, [r0, #0]
10007924:	b1bb      	cbz	r3, 10007956 <stdio_stack_buffer_flush+0x36>
10007926:	4605      	mov	r5, r0
10007928:	4b0b      	ldr	r3, [pc, #44]	@ (10007958 <stdio_stack_buffer_flush+0x38>)
1000792a:	681c      	ldr	r4, [r3, #0]
1000792c:	e006      	b.n	1000793c <stdio_stack_buffer_flush+0x1c>
1000792e:	4629      	mov	r1, r5
10007930:	f851 2b04 	ldr.w	r2, [r1], #4
10007934:	4620      	mov	r0, r4
10007936:	f7ff ffb3 	bl	100078a0 <stdio_out_chars_crlf>
1000793a:	6924      	ldr	r4, [r4, #16]
1000793c:	b14c      	cbz	r4, 10007952 <stdio_stack_buffer_flush+0x32>
1000793e:	6823      	ldr	r3, [r4, #0]
10007940:	2b00      	cmp	r3, #0
10007942:	d0fa      	beq.n	1000793a <stdio_stack_buffer_flush+0x1a>
10007944:	4b05      	ldr	r3, [pc, #20]	@ (1000795c <stdio_stack_buffer_flush+0x3c>)
10007946:	681b      	ldr	r3, [r3, #0]
10007948:	2b00      	cmp	r3, #0
1000794a:	d0f0      	beq.n	1000792e <stdio_stack_buffer_flush+0xe>
1000794c:	42a3      	cmp	r3, r4
1000794e:	d1f4      	bne.n	1000793a <stdio_stack_buffer_flush+0x1a>
10007950:	e7ed      	b.n	1000792e <stdio_stack_buffer_flush+0xe>
10007952:	2300      	movs	r3, #0
10007954:	602b      	str	r3, [r5, #0]
10007956:	bd38      	pop	{r3, r4, r5, pc}
10007958:	20000f70 	.word	0x20000f70
1000795c:	20000f78 	.word	0x20000f78

10007960 <stdio_buffered_printer>:
10007960:	b538      	push	{r3, r4, r5, lr}
10007962:	4605      	mov	r5, r0
10007964:	460c      	mov	r4, r1
10007966:	680b      	ldr	r3, [r1, #0]
10007968:	2b80      	cmp	r3, #128	@ 0x80
1000796a:	d005      	beq.n	10007978 <stdio_buffered_printer+0x18>
1000796c:	6823      	ldr	r3, [r4, #0]
1000796e:	1c5a      	adds	r2, r3, #1
10007970:	6022      	str	r2, [r4, #0]
10007972:	441c      	add	r4, r3
10007974:	7125      	strb	r5, [r4, #4]
10007976:	bd38      	pop	{r3, r4, r5, pc}
10007978:	4608      	mov	r0, r1
1000797a:	f7ff ffd1 	bl	10007920 <stdio_stack_buffer_flush>
1000797e:	e7f5      	b.n	1000796c <stdio_buffered_printer+0xc>

10007980 <stdout_serialize_begin>:
10007980:	b508      	push	{r3, lr}
10007982:	f7fc ff51 	bl	10004828 <time_us_64>
10007986:	4a07      	ldr	r2, [pc, #28]	@ (100079a4 <stdout_serialize_begin+0x24>)
10007988:	1882      	adds	r2, r0, r2
1000798a:	f141 0300 	adc.w	r3, r1, #0
1000798e:	2b00      	cmp	r3, #0
10007990:	db03      	blt.n	1000799a <stdout_serialize_begin+0x1a>
10007992:	4805      	ldr	r0, [pc, #20]	@ (100079a8 <stdout_serialize_begin+0x28>)
10007994:	f001 fb14 	bl	10008fc0 <__mutex_try_enter_block_until_veneer>
10007998:	bd08      	pop	{r3, pc}
1000799a:	f04f 32ff 	mov.w	r2, #4294967295
1000799e:	f06f 4300 	mvn.w	r3, #2147483648	@ 0x80000000
100079a2:	e7f6      	b.n	10007992 <stdout_serialize_begin+0x12>
100079a4:	000f4240 	.word	0x000f4240
100079a8:	20000c50 	.word	0x20000c50

100079ac <stdout_serialize_end>:
100079ac:	b508      	push	{r3, lr}
100079ae:	4802      	ldr	r0, [pc, #8]	@ (100079b8 <stdout_serialize_end+0xc>)
100079b0:	f001 fafe 	bl	10008fb0 <__mutex_exit_veneer>
100079b4:	bd08      	pop	{r3, pc}
100079b6:	bf00      	nop
100079b8:	20000c50 	.word	0x20000c50

100079bc <stdio_put_string>:
100079bc:	e92d 43f0 	stmdb	sp!, {r4, r5, r6, r7, r8, r9, lr}
100079c0:	b083      	sub	sp, #12
100079c2:	4606      	mov	r6, r0
100079c4:	460d      	mov	r5, r1
100079c6:	4690      	mov	r8, r2
100079c8:	461c      	mov	r4, r3
100079ca:	f7ff ffd9 	bl	10007980 <stdout_serialize_begin>
100079ce:	4681      	mov	r9, r0
100079d0:	f1b5 3fff 	cmp.w	r5, #4294967295
100079d4:	d004      	beq.n	100079e0 <stdio_put_string+0x24>
100079d6:	b144      	cbz	r4, 100079ea <stdio_put_string+0x2e>
100079d8:	4f17      	ldr	r7, [pc, #92]	@ (10007a38 <stdio_put_string+0x7c>)
100079da:	4b18      	ldr	r3, [pc, #96]	@ (10007a3c <stdio_put_string+0x80>)
100079dc:	681c      	ldr	r4, [r3, #0]
100079de:	e007      	b.n	100079f0 <stdio_put_string+0x34>
100079e0:	4630      	mov	r0, r6
100079e2:	f001 faad 	bl	10008f40 <strlen>
100079e6:	4605      	mov	r5, r0
100079e8:	e7f5      	b.n	100079d6 <stdio_put_string+0x1a>
100079ea:	4f15      	ldr	r7, [pc, #84]	@ (10007a40 <stdio_put_string+0x84>)
100079ec:	e7f5      	b.n	100079da <stdio_put_string+0x1e>
100079ee:	6924      	ldr	r4, [r4, #16]
100079f0:	b1bc      	cbz	r4, 10007a22 <stdio_put_string+0x66>
100079f2:	6823      	ldr	r3, [r4, #0]
100079f4:	2b00      	cmp	r3, #0
100079f6:	d0fa      	beq.n	100079ee <stdio_put_string+0x32>
100079f8:	4b12      	ldr	r3, [pc, #72]	@ (10007a44 <stdio_put_string+0x88>)
100079fa:	681b      	ldr	r3, [r3, #0]
100079fc:	b10b      	cbz	r3, 10007a02 <stdio_put_string+0x46>
100079fe:	42a3      	cmp	r3, r4
10007a00:	d1f5      	bne.n	100079ee <stdio_put_string+0x32>
10007a02:	462a      	mov	r2, r5
10007a04:	4631      	mov	r1, r6
10007a06:	4620      	mov	r0, r4
10007a08:	47b8      	blx	r7
10007a0a:	f1b8 0f00 	cmp.w	r8, #0
10007a0e:	d0ee      	beq.n	100079ee <stdio_put_string+0x32>
10007a10:	230a      	movs	r3, #10
10007a12:	f88d 3007 	strb.w	r3, [sp, #7]
10007a16:	2201      	movs	r2, #1
10007a18:	f10d 0107 	add.w	r1, sp, #7
10007a1c:	4620      	mov	r0, r4
10007a1e:	47b8      	blx	r7
10007a20:	e7e5      	b.n	100079ee <stdio_put_string+0x32>
10007a22:	f1b9 0f00 	cmp.w	r9, #0
10007a26:	d103      	bne.n	10007a30 <stdio_put_string+0x74>
10007a28:	4628      	mov	r0, r5
10007a2a:	b003      	add	sp, #12
10007a2c:	e8bd 83f0 	ldmia.w	sp!, {r4, r5, r6, r7, r8, r9, pc}
10007a30:	f7ff ffbc 	bl	100079ac <stdout_serialize_end>
10007a34:	e7f8      	b.n	10007a28 <stdio_put_string+0x6c>
10007a36:	bf00      	nop
10007a38:	100078a1 	.word	0x100078a1
10007a3c:	20000f70 	.word	0x20000f70
10007a40:	10007891 	.word	0x10007891
10007a44:	20000f78 	.word	0x20000f78

10007a48 <stdio_set_driver_enabled>:
10007a48:	4a09      	ldr	r2, [pc, #36]	@ (10007a70 <stdio_set_driver_enabled+0x28>)
10007a4a:	6813      	ldr	r3, [r2, #0]
10007a4c:	e002      	b.n	10007a54 <stdio_set_driver_enabled+0xc>
10007a4e:	f103 0210 	add.w	r2, r3, #16
10007a52:	691b      	ldr	r3, [r3, #16]
10007a54:	b143      	cbz	r3, 10007a68 <stdio_set_driver_enabled+0x20>
10007a56:	6813      	ldr	r3, [r2, #0]
10007a58:	4283      	cmp	r3, r0
10007a5a:	d1f8      	bne.n	10007a4e <stdio_set_driver_enabled+0x6>
10007a5c:	b931      	cbnz	r1, 10007a6c <stdio_set_driver_enabled+0x24>
10007a5e:	6903      	ldr	r3, [r0, #16]
10007a60:	6013      	str	r3, [r2, #0]
10007a62:	2300      	movs	r3, #0
10007a64:	6103      	str	r3, [r0, #16]
10007a66:	4770      	bx	lr
10007a68:	b101      	cbz	r1, 10007a6c <stdio_set_driver_enabled+0x24>
10007a6a:	6010      	str	r0, [r2, #0]
10007a6c:	4770      	bx	lr
10007a6e:	bf00      	nop
10007a70:	20000f70 	.word	0x20000f70

10007a74 <stdio_flush>:
10007a74:	b510      	push	{r4, lr}
10007a76:	4b05      	ldr	r3, [pc, #20]	@ (10007a8c <stdio_flush+0x18>)
10007a78:	681c      	ldr	r4, [r3, #0]
10007a7a:	e000      	b.n	10007a7e <stdio_flush+0xa>
10007a7c:	6924      	ldr	r4, [r4, #16]
10007a7e:	b124      	cbz	r4, 10007a8a <stdio_flush+0x16>
10007a80:	6863      	ldr	r3, [r4, #4]
10007a82:	2b00      	cmp	r3, #0
10007a84:	d0fa      	beq.n	10007a7c <stdio_flush+0x8>
10007a86:	4798      	blx	r3
10007a88:	e7f8      	b.n	10007a7c <stdio_flush+0x8>
10007a8a:	bd10      	pop	{r4, pc}
10007a8c:	20000f70 	.word	0x20000f70

10007a90 <stdio_init_all>:
10007a90:	b508      	push	{r3, lr}
10007a92:	f000 f95f 	bl	10007d54 <stdio_uart_init>
10007a96:	2001      	movs	r0, #1
10007a98:	bd08      	pop	{r3, pc}

10007a9a <__wrap_putchar>:
10007a9a:	b510      	push	{r4, lr}
10007a9c:	b082      	sub	sp, #8
10007a9e:	4604      	mov	r4, r0
10007aa0:	f88d 0007 	strb.w	r0, [sp, #7]
10007aa4:	2301      	movs	r3, #1
10007aa6:	2200      	movs	r2, #0
10007aa8:	4619      	mov	r1, r3
10007aaa:	f10d 0007 	add.w	r0, sp, #7
10007aae:	f7ff ff85 	bl	100079bc <stdio_put_string>
10007ab2:	4620      	mov	r0, r4
10007ab4:	b002      	add	sp, #8
10007ab6:	bd10      	pop	{r4, pc}

10007ab8 <__wrap_puts>:
10007ab8:	b538      	push	{r3, r4, r5, lr}
10007aba:	4605      	mov	r5, r0
10007abc:	f001 fa40 	bl	10008f40 <strlen>
10007ac0:	4604      	mov	r4, r0
10007ac2:	2301      	movs	r3, #1
10007ac4:	461a      	mov	r2, r3
10007ac6:	4601      	mov	r1, r0
10007ac8:	4628      	mov	r0, r5
10007aca:	f7ff ff77 	bl	100079bc <stdio_put_string>
10007ace:	f7ff ffd1 	bl	10007a74 <stdio_flush>
10007ad2:	4620      	mov	r0, r4
10007ad4:	bd38      	pop	{r3, r4, r5, pc}
	...

10007ad8 <__wrap_vprintf>:
10007ad8:	b5f0      	push	{r4, r5, r6, r7, lr}
10007ada:	b0a3      	sub	sp, #140	@ 0x8c
10007adc:	4604      	mov	r4, r0
10007ade:	460e      	mov	r6, r1
10007ae0:	f7ff ff4e 	bl	10007980 <stdout_serialize_begin>
10007ae4:	4605      	mov	r5, r0
10007ae6:	2300      	movs	r3, #0
10007ae8:	9301      	str	r3, [sp, #4]
10007aea:	af01      	add	r7, sp, #4
10007aec:	4633      	mov	r3, r6
10007aee:	4622      	mov	r2, r4
10007af0:	4639      	mov	r1, r7
10007af2:	4808      	ldr	r0, [pc, #32]	@ (10007b14 <__wrap_vprintf+0x3c>)
10007af4:	f7ff fe84 	bl	10007800 <vfctprintf>
10007af8:	4604      	mov	r4, r0
10007afa:	4638      	mov	r0, r7
10007afc:	f7ff ff10 	bl	10007920 <stdio_stack_buffer_flush>
10007b00:	f7ff ffb8 	bl	10007a74 <stdio_flush>
10007b04:	b915      	cbnz	r5, 10007b0c <__wrap_vprintf+0x34>
10007b06:	4620      	mov	r0, r4
10007b08:	b023      	add	sp, #140	@ 0x8c
10007b0a:	bdf0      	pop	{r4, r5, r6, r7, pc}
10007b0c:	f7ff ff4e 	bl	100079ac <stdout_serialize_end>
10007b10:	e7f9      	b.n	10007b06 <__wrap_vprintf+0x2e>
10007b12:	bf00      	nop
10007b14:	10007961 	.word	0x10007961

10007b18 <__wrap_printf>:
10007b18:	b40f      	push	{r0, r1, r2, r3}
10007b1a:	b500      	push	{lr}
10007b1c:	b083      	sub	sp, #12
10007b1e:	a904      	add	r1, sp, #16
10007b20:	f851 0b04 	ldr.w	r0, [r1], #4
10007b24:	9101      	str	r1, [sp, #4]
10007b26:	f7ff ffd7 	bl	10007ad8 <__wrap_vprintf>
10007b2a:	b003      	add	sp, #12
10007b2c:	f85d eb04 	ldr.w	lr, [sp], #4
10007b30:	b004      	add	sp, #16
10007b32:	4770      	bx	lr

10007b34 <uart_putc>:
10007b34:	b082      	sub	sp, #8
10007b36:	468c      	mov	ip, r1
10007b38:	4b18      	ldr	r3, [pc, #96]	@ (10007b9c <uart_putc+0x68>)
10007b3a:	4298      	cmp	r0, r3
10007b3c:	bf14      	ite	ne
10007b3e:	2300      	movne	r3, #0
10007b40:	2301      	moveq	r3, #1
10007b42:	4a17      	ldr	r2, [pc, #92]	@ (10007ba0 <uart_putc+0x6c>)
10007b44:	f932 3013 	ldrsh.w	r3, [r2, r3, lsl #1]
10007b48:	428b      	cmp	r3, r1
10007b4a:	d005      	beq.n	10007b58 <uart_putc+0x24>
10007b4c:	f88d c007 	strb.w	ip, [sp, #7]
10007b50:	2100      	movs	r1, #0
10007b52:	f10d 0207 	add.w	r2, sp, #7
10007b56:	e01c      	b.n	10007b92 <uart_putc+0x5e>
10007b58:	230d      	movs	r3, #13
10007b5a:	f88d 3007 	strb.w	r3, [sp, #7]
10007b5e:	2100      	movs	r1, #0
10007b60:	f10d 0207 	add.w	r2, sp, #7
10007b64:	2900      	cmp	r1, #0
10007b66:	d1f1      	bne.n	10007b4c <uart_putc+0x18>
10007b68:	6983      	ldr	r3, [r0, #24]
10007b6a:	f013 0f20 	tst.w	r3, #32
10007b6e:	d1fb      	bne.n	10007b68 <uart_putc+0x34>
10007b70:	4613      	mov	r3, r2
10007b72:	f813 2b01 	ldrb.w	r2, [r3], #1
10007b76:	6002      	str	r2, [r0, #0]
10007b78:	3101      	adds	r1, #1
10007b7a:	461a      	mov	r2, r3
10007b7c:	e7f2      	b.n	10007b64 <uart_putc+0x30>
10007b7e:	6983      	ldr	r3, [r0, #24]
10007b80:	f013 0f20 	tst.w	r3, #32
10007b84:	d1fb      	bne.n	10007b7e <uart_putc+0x4a>
10007b86:	4613      	mov	r3, r2
10007b88:	f813 2b01 	ldrb.w	r2, [r3], #1
10007b8c:	6002      	str	r2, [r0, #0]
10007b8e:	3101      	adds	r1, #1
10007b90:	461a      	mov	r2, r3
10007b92:	2900      	cmp	r1, #0
10007b94:	d0f3      	beq.n	10007b7e <uart_putc+0x4a>
10007b96:	b002      	add	sp, #8
10007b98:	4770      	bx	lr
10007b9a:	bf00      	nop
10007b9c:	40078000 	.word	0x40078000
10007ba0:	20001278 	.word	0x20001278

10007ba4 <uart_getc>:
10007ba4:	b410      	push	{r4}
10007ba6:	b083      	sub	sp, #12
10007ba8:	2100      	movs	r1, #0
10007baa:	f10d 0207 	add.w	r2, sp, #7
10007bae:	e009      	b.n	10007bc4 <uart_getc+0x20>
10007bb0:	6983      	ldr	r3, [r0, #24]
10007bb2:	f013 0f10 	tst.w	r3, #16
10007bb6:	d1fb      	bne.n	10007bb0 <uart_getc+0xc>
10007bb8:	6804      	ldr	r4, [r0, #0]
10007bba:	4613      	mov	r3, r2
10007bbc:	f803 4b01 	strb.w	r4, [r3], #1
10007bc0:	3101      	adds	r1, #1
10007bc2:	461a      	mov	r2, r3
10007bc4:	2900      	cmp	r1, #0
10007bc6:	d0f3      	beq.n	10007bb0 <uart_getc+0xc>
10007bc8:	f89d 0007 	ldrb.w	r0, [sp, #7]
10007bcc:	b003      	add	sp, #12
10007bce:	f85d 4b04 	ldr.w	r4, [sp], #4
10007bd2:	4770      	bx	lr

10007bd4 <stdio_uart_out_chars>:
10007bd4:	b570      	push	{r4, r5, r6, lr}
10007bd6:	4606      	mov	r6, r0
10007bd8:	460d      	mov	r5, r1
10007bda:	2400      	movs	r4, #0
10007bdc:	e005      	b.n	10007bea <stdio_uart_out_chars+0x16>
10007bde:	5d31      	ldrb	r1, [r6, r4]
10007be0:	4b03      	ldr	r3, [pc, #12]	@ (10007bf0 <stdio_uart_out_chars+0x1c>)
10007be2:	6818      	ldr	r0, [r3, #0]
10007be4:	f7ff ffa6 	bl	10007b34 <uart_putc>
10007be8:	3401      	adds	r4, #1
10007bea:	42ac      	cmp	r4, r5
10007bec:	dbf7      	blt.n	10007bde <stdio_uart_out_chars+0xa>
10007bee:	bd70      	pop	{r4, r5, r6, pc}
10007bf0:	2000127c 	.word	0x2000127c

10007bf4 <stdio_uart_in_chars>:
10007bf4:	b5f8      	push	{r3, r4, r5, r6, r7, lr}
10007bf6:	4607      	mov	r7, r0
10007bf8:	460e      	mov	r6, r1
10007bfa:	2400      	movs	r4, #0
10007bfc:	e004      	b.n	10007c08 <stdio_uart_in_chars+0x14>
10007bfe:	1c65      	adds	r5, r4, #1
10007c00:	f7ff ffd0 	bl	10007ba4 <uart_getc>
10007c04:	5538      	strb	r0, [r7, r4]
10007c06:	462c      	mov	r4, r5
10007c08:	42b4      	cmp	r4, r6
10007c0a:	da05      	bge.n	10007c18 <stdio_uart_in_chars+0x24>
10007c0c:	4b0c      	ldr	r3, [pc, #48]	@ (10007c40 <stdio_uart_in_chars+0x4c>)
10007c0e:	6818      	ldr	r0, [r3, #0]
10007c10:	6983      	ldr	r3, [r0, #24]
10007c12:	f013 0f10 	tst.w	r3, #16
10007c16:	d0f2      	beq.n	10007bfe <stdio_uart_in_chars+0xa>
10007c18:	4b0a      	ldr	r3, [pc, #40]	@ (10007c44 <stdio_uart_in_chars+0x50>)
10007c1a:	681b      	ldr	r3, [r3, #0]
10007c1c:	b14b      	cbz	r3, 10007c32 <stdio_uart_in_chars+0x3e>
10007c1e:	4b08      	ldr	r3, [pc, #32]	@ (10007c40 <stdio_uart_in_chars+0x4c>)
10007c20:	681b      	ldr	r3, [r3, #0]
10007c22:	2250      	movs	r2, #80	@ 0x50
10007c24:	639a      	str	r2, [r3, #56]	@ 0x38
10007c26:	6b5a      	ldr	r2, [r3, #52]	@ 0x34
10007c28:	f002 0238 	and.w	r2, r2, #56	@ 0x38
10007c2c:	f503 5381 	add.w	r3, r3, #4128	@ 0x1020
10007c30:	615a      	str	r2, [r3, #20]
10007c32:	b10c      	cbz	r4, 10007c38 <stdio_uart_in_chars+0x44>
10007c34:	4620      	mov	r0, r4
10007c36:	bdf8      	pop	{r3, r4, r5, r6, r7, pc}
10007c38:	f06f 0402 	mvn.w	r4, #2
10007c3c:	e7fa      	b.n	10007c34 <stdio_uart_in_chars+0x40>
10007c3e:	bf00      	nop
10007c40:	2000127c 	.word	0x2000127c
10007c44:	20000f38 	.word	0x20000f38

10007c48 <on_uart_rx>:
10007c48:	b508      	push	{r3, lr}
10007c4a:	4b05      	ldr	r3, [pc, #20]	@ (10007c60 <on_uart_rx+0x18>)
10007c4c:	681b      	ldr	r3, [r3, #0]
10007c4e:	b133      	cbz	r3, 10007c5e <on_uart_rx+0x16>
10007c50:	4a04      	ldr	r2, [pc, #16]	@ (10007c64 <on_uart_rx+0x1c>)
10007c52:	6812      	ldr	r2, [r2, #0]
10007c54:	2100      	movs	r1, #0
10007c56:	6391      	str	r1, [r2, #56]	@ 0x38
10007c58:	4a03      	ldr	r2, [pc, #12]	@ (10007c68 <on_uart_rx+0x20>)
10007c5a:	6810      	ldr	r0, [r2, #0]
10007c5c:	4798      	blx	r3
10007c5e:	bd08      	pop	{r3, pc}
10007c60:	20000f38 	.word	0x20000f38
10007c64:	2000127c 	.word	0x2000127c
10007c68:	20000f3c 	.word	0x20000f3c

10007c6c <stdio_uart_out_flush>:
10007c6c:	4b03      	ldr	r3, [pc, #12]	@ (10007c7c <stdio_uart_out_flush+0x10>)
10007c6e:	681a      	ldr	r2, [r3, #0]
10007c70:	6993      	ldr	r3, [r2, #24]
10007c72:	f013 0f08 	tst.w	r3, #8
10007c76:	d1fb      	bne.n	10007c70 <stdio_uart_out_flush+0x4>
10007c78:	4770      	bx	lr
10007c7a:	bf00      	nop
10007c7c:	2000127c 	.word	0x2000127c

10007c80 <stdio_uart_set_chars_available_callback>:
10007c80:	b538      	push	{r3, r4, r5, lr}
10007c82:	4b1b      	ldr	r3, [pc, #108]	@ (10007cf0 <stdio_uart_set_chars_available_callback+0x70>)
10007c84:	681b      	ldr	r3, [r3, #0]
10007c86:	4a1b      	ldr	r2, [pc, #108]	@ (10007cf4 <stdio_uart_set_chars_available_callback+0x74>)
10007c88:	4293      	cmp	r3, r2
10007c8a:	d005      	beq.n	10007c98 <stdio_uart_set_chars_available_callback+0x18>
10007c8c:	2421      	movs	r4, #33	@ 0x21
10007c8e:	b1e0      	cbz	r0, 10007cca <stdio_uart_set_chars_available_callback+0x4a>
10007c90:	4b19      	ldr	r3, [pc, #100]	@ (10007cf8 <stdio_uart_set_chars_available_callback+0x78>)
10007c92:	681b      	ldr	r3, [r3, #0]
10007c94:	b113      	cbz	r3, 10007c9c <stdio_uart_set_chars_available_callback+0x1c>
10007c96:	bd38      	pop	{r3, r4, r5, pc}
10007c98:	2422      	movs	r4, #34	@ 0x22
10007c9a:	e7f8      	b.n	10007c8e <stdio_uart_set_chars_available_callback+0xe>
10007c9c:	4b16      	ldr	r3, [pc, #88]	@ (10007cf8 <stdio_uart_set_chars_available_callback+0x78>)
10007c9e:	6018      	str	r0, [r3, #0]
10007ca0:	4b16      	ldr	r3, [pc, #88]	@ (10007cfc <stdio_uart_set_chars_available_callback+0x7c>)
10007ca2:	6019      	str	r1, [r3, #0]
10007ca4:	4916      	ldr	r1, [pc, #88]	@ (10007d00 <stdio_uart_set_chars_available_callback+0x80>)
10007ca6:	4620      	mov	r0, r4
10007ca8:	f7fb ff0c 	bl	10003ac4 <irq_set_exclusive_handler>
10007cac:	2101      	movs	r1, #1
10007cae:	4620      	mov	r0, r4
10007cb0:	f7fb fee6 	bl	10003a80 <irq_set_enabled>
10007cb4:	4b0e      	ldr	r3, [pc, #56]	@ (10007cf0 <stdio_uart_set_chars_available_callback+0x70>)
10007cb6:	681b      	ldr	r3, [r3, #0]
10007cb8:	2250      	movs	r2, #80	@ 0x50
10007cba:	639a      	str	r2, [r3, #56]	@ 0x38
10007cbc:	6b5a      	ldr	r2, [r3, #52]	@ 0x34
10007cbe:	f002 0238 	and.w	r2, r2, #56	@ 0x38
10007cc2:	f503 5381 	add.w	r3, r3, #4128	@ 0x1020
10007cc6:	615a      	str	r2, [r3, #20]
10007cc8:	e7e5      	b.n	10007c96 <stdio_uart_set_chars_available_callback+0x16>
10007cca:	4a0b      	ldr	r2, [pc, #44]	@ (10007cf8 <stdio_uart_set_chars_available_callback+0x78>)
10007ccc:	6812      	ldr	r2, [r2, #0]
10007cce:	2a00      	cmp	r2, #0
10007cd0:	d0e1      	beq.n	10007c96 <stdio_uart_set_chars_available_callback+0x16>
10007cd2:	2500      	movs	r5, #0
10007cd4:	639d      	str	r5, [r3, #56]	@ 0x38
10007cd6:	4629      	mov	r1, r5
10007cd8:	4620      	mov	r0, r4
10007cda:	f7fb fed1 	bl	10003a80 <irq_set_enabled>
10007cde:	4908      	ldr	r1, [pc, #32]	@ (10007d00 <stdio_uart_set_chars_available_callback+0x80>)
10007ce0:	4620      	mov	r0, r4
10007ce2:	f7fc f839 	bl	10003d58 <irq_remove_handler>
10007ce6:	4b04      	ldr	r3, [pc, #16]	@ (10007cf8 <stdio_uart_set_chars_available_callback+0x78>)
10007ce8:	601d      	str	r5, [r3, #0]
10007cea:	4b04      	ldr	r3, [pc, #16]	@ (10007cfc <stdio_uart_set_chars_available_callback+0x7c>)
10007cec:	601d      	str	r5, [r3, #0]
10007cee:	e7d2      	b.n	10007c96 <stdio_uart_set_chars_available_callback+0x16>
10007cf0:	2000127c 	.word	0x2000127c
10007cf4:	40078000 	.word	0x40078000
10007cf8:	20000f38 	.word	0x20000f38
10007cfc:	20000f3c 	.word	0x20000f3c
10007d00:	10007c49 	.word	0x10007c49

10007d04 <stdio_uart_init_full>:
10007d04:	b538      	push	{r3, r4, r5, lr}
10007d06:	460d      	mov	r5, r1
10007d08:	461c      	mov	r4, r3
10007d0a:	4b10      	ldr	r3, [pc, #64]	@ (10007d4c <stdio_uart_init_full+0x48>)
10007d0c:	6018      	str	r0, [r3, #0]
10007d0e:	1e10      	subs	r0, r2, #0
10007d10:	db05      	blt.n	10007d1e <stdio_uart_init_full+0x1a>
10007d12:	f010 0f02 	tst.w	r0, #2
10007d16:	d015      	beq.n	10007d44 <stdio_uart_init_full+0x40>
10007d18:	210b      	movs	r1, #11
10007d1a:	f7fb fd71 	bl	10003800 <gpio_set_function>
10007d1e:	2c00      	cmp	r4, #0
10007d20:	db06      	blt.n	10007d30 <stdio_uart_init_full+0x2c>
10007d22:	f014 0f02 	tst.w	r4, #2
10007d26:	d00f      	beq.n	10007d48 <stdio_uart_init_full+0x44>
10007d28:	210b      	movs	r1, #11
10007d2a:	4620      	mov	r0, r4
10007d2c:	f7fb fd68 	bl	10003800 <gpio_set_function>
10007d30:	4629      	mov	r1, r5
10007d32:	4b06      	ldr	r3, [pc, #24]	@ (10007d4c <stdio_uart_init_full+0x48>)
10007d34:	6818      	ldr	r0, [r3, #0]
10007d36:	f7fd f937 	bl	10004fa8 <uart_init>
10007d3a:	2101      	movs	r1, #1
10007d3c:	4804      	ldr	r0, [pc, #16]	@ (10007d50 <stdio_uart_init_full+0x4c>)
10007d3e:	f7ff fe83 	bl	10007a48 <stdio_set_driver_enabled>
10007d42:	bd38      	pop	{r3, r4, r5, pc}
10007d44:	2102      	movs	r1, #2
10007d46:	e7e8      	b.n	10007d1a <stdio_uart_init_full+0x16>
10007d48:	2102      	movs	r1, #2
10007d4a:	e7ee      	b.n	10007d2a <stdio_uart_init_full+0x26>
10007d4c:	2000127c 	.word	0x2000127c
10007d50:	20000aec 	.word	0x20000aec

10007d54 <stdio_uart_init>:
10007d54:	b508      	push	{r3, lr}
10007d56:	4b07      	ldr	r3, [pc, #28]	@ (10007d74 <stdio_uart_init+0x20>)
10007d58:	781b      	ldrb	r3, [r3, #0]
10007d5a:	4b07      	ldr	r3, [pc, #28]	@ (10007d78 <stdio_uart_init+0x24>)
10007d5c:	781b      	ldrb	r3, [r3, #0]
10007d5e:	4b07      	ldr	r3, [pc, #28]	@ (10007d7c <stdio_uart_init+0x28>)
10007d60:	781b      	ldrb	r3, [r3, #0]
10007d62:	2301      	movs	r3, #1
10007d64:	2200      	movs	r2, #0
10007d66:	f44f 31e1 	mov.w	r1, #115200	@ 0x1c200
10007d6a:	4805      	ldr	r0, [pc, #20]	@ (10007d80 <stdio_uart_init+0x2c>)
10007d6c:	f7ff ffca 	bl	10007d04 <stdio_uart_init_full>
10007d70:	bd08      	pop	{r3, pc}
10007d72:	bf00      	nop
10007d74:	1000ae34 	.word	0x1000ae34
10007d78:	1000ae30 	.word	0x1000ae30
10007d7c:	1000ae2c 	.word	0x1000ae2c
10007d80:	40070000 	.word	0x40070000

10007d84 <FusionVectorCrossProduct>:
10007d84:	b500      	push	{lr}
10007d86:	b085      	sub	sp, #20
10007d88:	f10d 0e10 	add.w	lr, sp, #16
10007d8c:	e90e 000e 	stmdb	lr, {r1, r2, r3}
10007d90:	eddd 6a02 	vldr	s13, [sp, #8]
10007d94:	ed9d 6a08 	vldr	s12, [sp, #32]
10007d98:	ee66 5a86 	vmul.f32	s11, s13, s12
10007d9c:	ed9d 7a03 	vldr	s14, [sp, #12]
10007da0:	eddd 7a07 	vldr	s15, [sp, #28]
10007da4:	ee27 5a27 	vmul.f32	s10, s14, s15
10007da8:	ee75 5ac5 	vsub.f32	s11, s11, s10
10007dac:	edc0 5a00 	vstr	s11, [r0]
10007db0:	eddd 5a06 	vldr	s11, [sp, #24]
10007db4:	ee27 7a25 	vmul.f32	s14, s14, s11
10007db8:	ed9d 5a01 	vldr	s10, [sp, #4]
10007dbc:	ee26 6a05 	vmul.f32	s12, s12, s10
10007dc0:	ee37 7a46 	vsub.f32	s14, s14, s12
10007dc4:	ed80 7a01 	vstr	s14, [r0, #4]
10007dc8:	ee67 7a85 	vmul.f32	s15, s15, s10
10007dcc:	ee66 6aa5 	vmul.f32	s13, s13, s11
10007dd0:	ee77 7ae6 	vsub.f32	s15, s15, s13
10007dd4:	edc0 7a02 	vstr	s15, [r0, #8]
10007dd8:	b005      	add	sp, #20
10007dda:	f85d fb04 	ldr.w	pc, [sp], #4

10007dde <FusionVectorMagnitudeSquared>:
10007dde:	b08a      	sub	sp, #40	@ 0x28
10007de0:	ab01      	add	r3, sp, #4
10007de2:	e883 0007 	stmia.w	r3, {r0, r1, r2}
10007de6:	eddd 7a01 	vldr	s15, [sp, #4]
10007dea:	ee67 7aa7 	vmul.f32	s15, s15, s15
10007dee:	edcd 7a04 	vstr	s15, [sp, #16]
10007df2:	eddd 6a02 	vldr	s13, [sp, #8]
10007df6:	ee66 6aa6 	vmul.f32	s13, s13, s13
10007dfa:	edcd 6a05 	vstr	s13, [sp, #20]
10007dfe:	ed9d 7a03 	vldr	s14, [sp, #12]
10007e02:	ee27 7a07 	vmul.f32	s14, s14, s14
10007e06:	ed8d 7a06 	vstr	s14, [sp, #24]
10007e0a:	ab04      	add	r3, sp, #16
10007e0c:	e893 0007 	ldmia.w	r3, {r0, r1, r2}
10007e10:	ab0a      	add	r3, sp, #40	@ 0x28
10007e12:	e903 0007 	stmdb	r3, {r0, r1, r2}
10007e16:	ee77 7aa6 	vadd.f32	s15, s15, s13
10007e1a:	ee77 7a87 	vadd.f32	s15, s15, s14
10007e1e:	ee17 0a90 	vmov	r0, s15
10007e22:	b00a      	add	sp, #40	@ 0x28
10007e24:	4770      	bx	lr

10007e26 <FusionVectorNormalise>:
10007e26:	b510      	push	{r4, lr}
10007e28:	b088      	sub	sp, #32
10007e2a:	4604      	mov	r4, r0
10007e2c:	a801      	add	r0, sp, #4
10007e2e:	e880 000e 	stmia.w	r0, {r1, r2, r3}
10007e32:	c807      	ldmia	r0, {r0, r1, r2}
10007e34:	f7ff ffd3 	bl	10007dde <FusionVectorMagnitudeSquared>
10007e38:	4b17      	ldr	r3, [pc, #92]	@ (10007e98 <FusionVectorNormalise+0x72>)
10007e3a:	eba3 0360 	sub.w	r3, r3, r0, asr #1
10007e3e:	ee07 3a10 	vmov	s14, r3
10007e42:	eddf 7a16 	vldr	s15, [pc, #88]	@ 10007e9c <FusionVectorNormalise+0x76>
10007e46:	ee06 0a90 	vmov	s13, r0
10007e4a:	ee66 7aa7 	vmul.f32	s15, s13, s15
10007e4e:	ee67 7a27 	vmul.f32	s15, s14, s15
10007e52:	ee67 7a27 	vmul.f32	s15, s14, s15
10007e56:	eddf 6a12 	vldr	s13, [pc, #72]	@ 10007ea0 <FusionVectorNormalise+0x7a>
10007e5a:	ee76 7ae7 	vsub.f32	s15, s13, s15
10007e5e:	ee67 7a27 	vmul.f32	s15, s14, s15
10007e62:	ed9d 7a01 	vldr	s14, [sp, #4]
10007e66:	ee27 7a27 	vmul.f32	s14, s14, s15
10007e6a:	ed8d 7a05 	vstr	s14, [sp, #20]
10007e6e:	ed9d 7a02 	vldr	s14, [sp, #8]
10007e72:	ee27 7a27 	vmul.f32	s14, s14, s15
10007e76:	ed8d 7a06 	vstr	s14, [sp, #24]
10007e7a:	ed9d 7a03 	vldr	s14, [sp, #12]
10007e7e:	ee67 7a27 	vmul.f32	s15, s14, s15
10007e82:	edcd 7a07 	vstr	s15, [sp, #28]
10007e86:	ab08      	add	r3, sp, #32
10007e88:	e913 0007 	ldmdb	r3, {r0, r1, r2}
10007e8c:	e884 0007 	stmia.w	r4, {r0, r1, r2}
10007e90:	4620      	mov	r0, r4
10007e92:	b008      	add	sp, #32
10007e94:	bd10      	pop	{r4, pc}
10007e96:	bf00      	nop
10007e98:	5f1f1412 	.word	0x5f1f1412
10007e9c:	3f36d312 	.word	0x3f36d312
10007ea0:	3fd851ff 	.word	0x3fd851ff

10007ea4 <FusionQuaternionMultiply>:
10007ea4:	b084      	sub	sp, #16
10007ea6:	b500      	push	{lr}
10007ea8:	f10d 0e08 	add.w	lr, sp, #8
10007eac:	e88e 000e 	stmia.w	lr, {r1, r2, r3}
10007eb0:	eddd 7a02 	vldr	s15, [sp, #8]
10007eb4:	eddd 6a06 	vldr	s13, [sp, #24]
10007eb8:	ee27 7aa6 	vmul.f32	s14, s15, s13
10007ebc:	eddd 5a03 	vldr	s11, [sp, #12]
10007ec0:	ed9d 6a07 	vldr	s12, [sp, #28]
10007ec4:	ee25 5a86 	vmul.f32	s10, s11, s12
10007ec8:	ee37 7a45 	vsub.f32	s14, s14, s10
10007ecc:	eddd 4a04 	vldr	s9, [sp, #16]
10007ed0:	ed9d 4a08 	vldr	s8, [sp, #32]
10007ed4:	ee24 5a84 	vmul.f32	s10, s9, s8
10007ed8:	ee37 7a45 	vsub.f32	s14, s14, s10
10007edc:	ed9d 5a05 	vldr	s10, [sp, #20]
10007ee0:	eddd 3a09 	vldr	s7, [sp, #36]	@ 0x24
10007ee4:	ee25 3a23 	vmul.f32	s6, s10, s7
10007ee8:	ee37 7a43 	vsub.f32	s14, s14, s6
10007eec:	ed80 7a00 	vstr	s14, [r0]
10007ef0:	ee27 7a86 	vmul.f32	s14, s15, s12
10007ef4:	ee26 3aa5 	vmul.f32	s6, s13, s11
10007ef8:	ee37 7a03 	vadd.f32	s14, s14, s6
10007efc:	ee24 3aa3 	vmul.f32	s6, s9, s7
10007f00:	ee37 7a03 	vadd.f32	s14, s14, s6
10007f04:	ee24 3a05 	vmul.f32	s6, s8, s10
10007f08:	ee37 7a43 	vsub.f32	s14, s14, s6
10007f0c:	ed80 7a01 	vstr	s14, [r0, #4]
10007f10:	ee27 7a84 	vmul.f32	s14, s15, s8
10007f14:	ee25 3aa3 	vmul.f32	s6, s11, s7
10007f18:	ee37 7a43 	vsub.f32	s14, s14, s6
10007f1c:	ee26 3aa4 	vmul.f32	s6, s13, s9
10007f20:	ee37 7a03 	vadd.f32	s14, s14, s6
10007f24:	ee26 3a05 	vmul.f32	s6, s12, s10
10007f28:	ee37 7a03 	vadd.f32	s14, s14, s6
10007f2c:	ed80 7a02 	vstr	s14, [r0, #8]
10007f30:	ee67 7aa3 	vmul.f32	s15, s15, s7
10007f34:	ee65 5a84 	vmul.f32	s11, s11, s8
10007f38:	ee77 7aa5 	vadd.f32	s15, s15, s11
10007f3c:	ee26 6a24 	vmul.f32	s12, s12, s9
10007f40:	ee77 7ac6 	vsub.f32	s15, s15, s12
10007f44:	ee66 6a85 	vmul.f32	s13, s13, s10
10007f48:	ee77 7aa6 	vadd.f32	s15, s15, s13
10007f4c:	edc0 7a03 	vstr	s15, [r0, #12]
10007f50:	f85d eb04 	ldr.w	lr, [sp], #4
10007f54:	b004      	add	sp, #16
10007f56:	4770      	bx	lr

10007f58 <FusionQuaternionMultiplyVector>:
10007f58:	b084      	sub	sp, #16
10007f5a:	b500      	push	{lr}
10007f5c:	f10d 0e08 	add.w	lr, sp, #8
10007f60:	e88e 000e 	stmia.w	lr, {r1, r2, r3}
10007f64:	eddd 6a03 	vldr	s13, [sp, #12]
10007f68:	ed9d 7a06 	vldr	s14, [sp, #24]
10007f6c:	ee26 6ac7 	vnmul.f32	s12, s13, s14
10007f70:	eddd 4a04 	vldr	s9, [sp, #16]
10007f74:	ed9d 5a07 	vldr	s10, [sp, #28]
10007f78:	ee64 7a85 	vmul.f32	s15, s9, s10
10007f7c:	ee36 6a67 	vsub.f32	s12, s12, s15
10007f80:	eddd 5a05 	vldr	s11, [sp, #20]
10007f84:	eddd 7a08 	vldr	s15, [sp, #32]
10007f88:	ee25 4aa7 	vmul.f32	s8, s11, s15
10007f8c:	ee36 6a44 	vsub.f32	s12, s12, s8
10007f90:	ed80 6a00 	vstr	s12, [r0]
10007f94:	ed9d 4a02 	vldr	s8, [sp, #8]
10007f98:	ee27 6a04 	vmul.f32	s12, s14, s8
10007f9c:	ee64 3aa7 	vmul.f32	s7, s9, s15
10007fa0:	ee36 6a23 	vadd.f32	s12, s12, s7
10007fa4:	ee65 3a25 	vmul.f32	s7, s10, s11
10007fa8:	ee36 6a63 	vsub.f32	s12, s12, s7
10007fac:	ed80 6a01 	vstr	s12, [r0, #4]
10007fb0:	ee25 6a04 	vmul.f32	s12, s10, s8
10007fb4:	ee66 3aa7 	vmul.f32	s7, s13, s15
10007fb8:	ee36 6a63 	vsub.f32	s12, s12, s7
10007fbc:	ee67 5a25 	vmul.f32	s11, s14, s11
10007fc0:	ee36 6a25 	vadd.f32	s12, s12, s11
10007fc4:	ed80 6a02 	vstr	s12, [r0, #8]
10007fc8:	ee67 7a84 	vmul.f32	s15, s15, s8
10007fcc:	ee66 6a85 	vmul.f32	s13, s13, s10
10007fd0:	ee77 7aa6 	vadd.f32	s15, s15, s13
10007fd4:	ee27 7a24 	vmul.f32	s14, s14, s9
10007fd8:	ee77 7ac7 	vsub.f32	s15, s15, s14
10007fdc:	edc0 7a03 	vstr	s15, [r0, #12]
10007fe0:	f85d eb04 	ldr.w	lr, [sp], #4
10007fe4:	b004      	add	sp, #16
10007fe6:	4770      	bx	lr

10007fe8 <FusionQuaternionNormalise>:
10007fe8:	b084      	sub	sp, #16
10007fea:	b500      	push	{lr}
10007fec:	f10d 0e08 	add.w	lr, sp, #8
10007ff0:	e88e 000e 	stmia.w	lr, {r1, r2, r3}
10007ff4:	ed9d 5a02 	vldr	s10, [sp, #8]
10007ff8:	ee65 7a05 	vmul.f32	s15, s10, s10
10007ffc:	eddd 5a03 	vldr	s11, [sp, #12]
10008000:	ee25 7aa5 	vmul.f32	s14, s11, s11
10008004:	ee77 7a87 	vadd.f32	s15, s15, s14
10008008:	ed9d 6a04 	vldr	s12, [sp, #16]
1000800c:	ee26 7a06 	vmul.f32	s14, s12, s12
10008010:	ee77 7a87 	vadd.f32	s15, s15, s14
10008014:	eddd 6a05 	vldr	s13, [sp, #20]
10008018:	ee26 7aa6 	vmul.f32	s14, s13, s13
1000801c:	ee77 7a87 	vadd.f32	s15, s15, s14
10008020:	4b14      	ldr	r3, [pc, #80]	@ (10008074 <FusionQuaternionNormalise+0x8c>)
10008022:	ee17 2a90 	vmov	r2, s15
10008026:	eba3 0362 	sub.w	r3, r3, r2, asr #1
1000802a:	ee07 3a10 	vmov	s14, r3
1000802e:	eddf 4a12 	vldr	s9, [pc, #72]	@ 10008078 <FusionQuaternionNormalise+0x90>
10008032:	ee67 7aa4 	vmul.f32	s15, s15, s9
10008036:	ee67 7a27 	vmul.f32	s15, s14, s15
1000803a:	ee67 7a27 	vmul.f32	s15, s14, s15
1000803e:	eddf 4a0f 	vldr	s9, [pc, #60]	@ 1000807c <FusionQuaternionNormalise+0x94>
10008042:	ee74 7ae7 	vsub.f32	s15, s9, s15
10008046:	ee67 7a27 	vmul.f32	s15, s14, s15
1000804a:	ee25 5a27 	vmul.f32	s10, s10, s15
1000804e:	ed80 5a00 	vstr	s10, [r0]
10008052:	ee65 5aa7 	vmul.f32	s11, s11, s15
10008056:	edc0 5a01 	vstr	s11, [r0, #4]
1000805a:	ee26 6a27 	vmul.f32	s12, s12, s15
1000805e:	ed80 6a02 	vstr	s12, [r0, #8]
10008062:	ee66 6aa7 	vmul.f32	s13, s13, s15
10008066:	edc0 6a03 	vstr	s13, [r0, #12]
1000806a:	f85d eb04 	ldr.w	lr, [sp], #4
1000806e:	b004      	add	sp, #16
10008070:	4770      	bx	lr
10008072:	bf00      	nop
10008074:	5f1f1412 	.word	0x5f1f1412
10008078:	3f36d312 	.word	0x3f36d312
1000807c:	3fd851ff 	.word	0x3fd851ff

10008080 <HalfGravity>:
10008080:	b084      	sub	sp, #16
10008082:	4603      	mov	r3, r0
10008084:	780a      	ldrb	r2, [r1, #0]
10008086:	2a01      	cmp	r2, #1
10008088:	d92d      	bls.n	100080e6 <HalfGravity+0x66>
1000808a:	2a02      	cmp	r2, #2
1000808c:	d157      	bne.n	1000813e <HalfGravity+0xbe>
1000808e:	edd1 6a06 	vldr	s13, [r1, #24]
10008092:	edd1 7a08 	vldr	s15, [r1, #32]
10008096:	ee66 5aa7 	vmul.f32	s11, s13, s15
1000809a:	ed91 6a07 	vldr	s12, [r1, #28]
1000809e:	ed91 7a09 	vldr	s14, [r1, #36]	@ 0x24
100080a2:	ee26 5a07 	vmul.f32	s10, s12, s14
100080a6:	ee75 5ac5 	vsub.f32	s11, s11, s10
100080aa:	edcd 5a01 	vstr	s11, [sp, #4]
100080ae:	ee67 7a87 	vmul.f32	s15, s15, s14
100080b2:	ee26 6a86 	vmul.f32	s12, s13, s12
100080b6:	ee77 7a86 	vadd.f32	s15, s15, s12
100080ba:	eef1 7a67 	vneg.f32	s15, s15
100080be:	edcd 7a02 	vstr	s15, [sp, #8]
100080c2:	ee66 6aa6 	vmul.f32	s13, s13, s13
100080c6:	eef6 7a00 	vmov.f32	s15, #96	@ 0x3f000000  0.5
100080ca:	ee77 7ae6 	vsub.f32	s15, s15, s13
100080ce:	ee27 7a07 	vmul.f32	s14, s14, s14
100080d2:	ee77 7ac7 	vsub.f32	s15, s15, s14
100080d6:	edcd 7a03 	vstr	s15, [sp, #12]
100080da:	aa04      	add	r2, sp, #16
100080dc:	e912 0007 	ldmdb	r2, {r0, r1, r2}
100080e0:	e883 0007 	stmia.w	r3, {r0, r1, r2}
100080e4:	e028      	b.n	10008138 <HalfGravity+0xb8>
100080e6:	ed91 6a07 	vldr	s12, [r1, #28]
100080ea:	ed91 7a09 	vldr	s14, [r1, #36]	@ 0x24
100080ee:	ee66 5a07 	vmul.f32	s11, s12, s14
100080f2:	edd1 7a06 	vldr	s15, [r1, #24]
100080f6:	edd1 6a08 	vldr	s13, [r1, #32]
100080fa:	ee27 5aa6 	vmul.f32	s10, s15, s13
100080fe:	ee75 5ac5 	vsub.f32	s11, s11, s10
10008102:	edcd 5a01 	vstr	s11, [sp, #4]
10008106:	ee67 6a26 	vmul.f32	s13, s14, s13
1000810a:	ee26 6a27 	vmul.f32	s12, s12, s15
1000810e:	ee76 6a86 	vadd.f32	s13, s13, s12
10008112:	edcd 6a02 	vstr	s13, [sp, #8]
10008116:	ee67 7aa7 	vmul.f32	s15, s15, s15
1000811a:	eef6 6a00 	vmov.f32	s13, #96	@ 0x3f000000  0.5
1000811e:	ee77 7ae6 	vsub.f32	s15, s15, s13
10008122:	ee27 7a07 	vmul.f32	s14, s14, s14
10008126:	ee77 7a87 	vadd.f32	s15, s15, s14
1000812a:	edcd 7a03 	vstr	s15, [sp, #12]
1000812e:	aa04      	add	r2, sp, #16
10008130:	e912 0007 	ldmdb	r2, {r0, r1, r2}
10008134:	e883 0007 	stmia.w	r3, {r0, r1, r2}
10008138:	4618      	mov	r0, r3
1000813a:	b004      	add	sp, #16
1000813c:	4770      	bx	lr
1000813e:	2200      	movs	r2, #0
10008140:	6002      	str	r2, [r0, #0]
10008142:	6042      	str	r2, [r0, #4]
10008144:	6082      	str	r2, [r0, #8]
10008146:	e7f7      	b.n	10008138 <HalfGravity+0xb8>

10008148 <HalfMagnetic>:
10008148:	b084      	sub	sp, #16
1000814a:	4603      	mov	r3, r0
1000814c:	780a      	ldrb	r2, [r1, #0]
1000814e:	2a01      	cmp	r2, #1
10008150:	d030      	beq.n	100081b4 <HalfMagnetic+0x6c>
10008152:	2a02      	cmp	r2, #2
10008154:	d05a      	beq.n	1000820c <HalfMagnetic+0xc4>
10008156:	2a00      	cmp	r2, #0
10008158:	f040 8084 	bne.w	10008264 <HalfMagnetic+0x11c>
1000815c:	edd1 6a07 	vldr	s13, [r1, #28]
10008160:	edd1 7a08 	vldr	s15, [r1, #32]
10008164:	ee26 7aa7 	vmul.f32	s14, s13, s15
10008168:	ed91 6a06 	vldr	s12, [r1, #24]
1000816c:	edd1 5a09 	vldr	s11, [r1, #36]	@ 0x24
10008170:	ee26 5a25 	vmul.f32	s10, s12, s11
10008174:	ee37 7a05 	vadd.f32	s14, s14, s10
10008178:	ed8d 7a01 	vstr	s14, [sp, #4]
1000817c:	ee26 7a06 	vmul.f32	s14, s12, s12
10008180:	eeb6 5a00 	vmov.f32	s10, #96	@ 0x3f000000  0.5
10008184:	ee37 7a45 	vsub.f32	s14, s14, s10
10008188:	ee27 5aa7 	vmul.f32	s10, s15, s15
1000818c:	ee37 7a05 	vadd.f32	s14, s14, s10
10008190:	ed8d 7a02 	vstr	s14, [sp, #8]
10008194:	ee67 7aa5 	vmul.f32	s15, s15, s11
10008198:	ee66 6a86 	vmul.f32	s13, s13, s12
1000819c:	ee77 7ae6 	vsub.f32	s15, s15, s13
100081a0:	edcd 7a03 	vstr	s15, [sp, #12]
100081a4:	aa04      	add	r2, sp, #16
100081a6:	e912 0007 	ldmdb	r2, {r0, r1, r2}
100081aa:	e883 0007 	stmia.w	r3, {r0, r1, r2}
100081ae:	4618      	mov	r0, r3
100081b0:	b004      	add	sp, #16
100081b2:	4770      	bx	lr
100081b4:	ed91 7a06 	vldr	s14, [r1, #24]
100081b8:	ee67 7a07 	vmul.f32	s15, s14, s14
100081bc:	eef6 6a00 	vmov.f32	s13, #96	@ 0x3f000000  0.5
100081c0:	ee76 6ae7 	vsub.f32	s13, s13, s15
100081c4:	edd1 7a07 	vldr	s15, [r1, #28]
100081c8:	ee27 6aa7 	vmul.f32	s12, s15, s15
100081cc:	ee76 6ac6 	vsub.f32	s13, s13, s12
100081d0:	edcd 6a01 	vstr	s13, [sp, #4]
100081d4:	edd1 5a09 	vldr	s11, [r1, #36]	@ 0x24
100081d8:	ee67 6a25 	vmul.f32	s13, s14, s11
100081dc:	ed91 6a08 	vldr	s12, [r1, #32]
100081e0:	ee27 5a86 	vmul.f32	s10, s15, s12
100081e4:	ee76 6ac5 	vsub.f32	s13, s13, s10
100081e8:	edcd 6a02 	vstr	s13, [sp, #8]
100081ec:	ee67 7aa5 	vmul.f32	s15, s15, s11
100081f0:	ee27 7a06 	vmul.f32	s14, s14, s12
100081f4:	ee77 7a87 	vadd.f32	s15, s15, s14
100081f8:	eef1 7a67 	vneg.f32	s15, s15
100081fc:	edcd 7a03 	vstr	s15, [sp, #12]
10008200:	aa04      	add	r2, sp, #16
10008202:	e912 0007 	ldmdb	r2, {r0, r1, r2}
10008206:	e883 0007 	stmia.w	r3, {r0, r1, r2}
1000820a:	e7d0      	b.n	100081ae <HalfMagnetic+0x66>
1000820c:	edd1 7a07 	vldr	s15, [r1, #28]
10008210:	ed91 7a08 	vldr	s14, [r1, #32]
10008214:	ee67 6a87 	vmul.f32	s13, s15, s14
10008218:	ed91 6a06 	vldr	s12, [r1, #24]
1000821c:	edd1 5a09 	vldr	s11, [r1, #36]	@ 0x24
10008220:	ee26 5a25 	vmul.f32	s10, s12, s11
10008224:	ee76 6a85 	vadd.f32	s13, s13, s10
10008228:	eef1 6a66 	vneg.f32	s13, s13
1000822c:	edcd 6a01 	vstr	s13, [sp, #4]
10008230:	ee26 5a06 	vmul.f32	s10, s12, s12
10008234:	eef6 6a00 	vmov.f32	s13, #96	@ 0x3f000000  0.5
10008238:	ee76 6ac5 	vsub.f32	s13, s13, s10
1000823c:	ee27 5a07 	vmul.f32	s10, s14, s14
10008240:	ee76 6ac5 	vsub.f32	s13, s13, s10
10008244:	edcd 6a02 	vstr	s13, [sp, #8]
10008248:	ee67 7a86 	vmul.f32	s15, s15, s12
1000824c:	ee27 7a25 	vmul.f32	s14, s14, s11
10008250:	ee77 7ac7 	vsub.f32	s15, s15, s14
10008254:	edcd 7a03 	vstr	s15, [sp, #12]
10008258:	aa04      	add	r2, sp, #16
1000825a:	e912 0007 	ldmdb	r2, {r0, r1, r2}
1000825e:	e883 0007 	stmia.w	r3, {r0, r1, r2}
10008262:	e7a4      	b.n	100081ae <HalfMagnetic+0x66>
10008264:	2200      	movs	r2, #0
10008266:	6002      	str	r2, [r0, #0]
10008268:	6042      	str	r2, [r0, #4]
1000826a:	6082      	str	r2, [r0, #8]
1000826c:	e79f      	b.n	100081ae <HalfMagnetic+0x66>

1000826e <Feedback>:
1000826e:	b530      	push	{r4, r5, lr}
10008270:	b093      	sub	sp, #76	@ 0x4c
10008272:	4604      	mov	r4, r0
10008274:	a805      	add	r0, sp, #20
10008276:	e880 000e 	stmia.w	r0, {r1, r2, r3}
1000827a:	ed9d 7a05 	vldr	s14, [sp, #20]
1000827e:	eddd 7a16 	vldr	s15, [sp, #88]	@ 0x58
10008282:	ee27 7a27 	vmul.f32	s14, s14, s15
10008286:	ed8d 7a09 	vstr	s14, [sp, #36]	@ 0x24
1000828a:	eddd 6a06 	vldr	s13, [sp, #24]
1000828e:	eddd 7a17 	vldr	s15, [sp, #92]	@ 0x5c
10008292:	ee66 6aa7 	vmul.f32	s13, s13, s15
10008296:	edcd 6a0a 	vstr	s13, [sp, #40]	@ 0x28
1000829a:	eddd 7a07 	vldr	s15, [sp, #28]
1000829e:	ed9d 6a18 	vldr	s12, [sp, #96]	@ 0x60
100082a2:	ee67 7a86 	vmul.f32	s15, s15, s12
100082a6:	edcd 7a0b 	vstr	s15, [sp, #44]	@ 0x2c
100082aa:	ab09      	add	r3, sp, #36	@ 0x24
100082ac:	e893 0007 	ldmia.w	r3, {r0, r1, r2}
100082b0:	ab12      	add	r3, sp, #72	@ 0x48
100082b2:	e903 0007 	stmdb	r3, {r0, r1, r2}
100082b6:	ee37 7a26 	vadd.f32	s14, s14, s13
100082ba:	ee77 7a87 	vadd.f32	s15, s15, s14
100082be:	eef5 7ac0 	vcmpe.f32	s15, #0.0
100082c2:	eef1 fa10 	vmrs	APSR_nzcv, fpscr
100082c6:	d40c      	bmi.n	100082e2 <Feedback+0x74>
100082c8:	ab16      	add	r3, sp, #88	@ 0x58
100082ca:	e893 0007 	ldmia.w	r3, {r0, r1, r2}
100082ce:	e88d 0007 	stmia.w	sp, {r0, r1, r2}
100082d2:	ab05      	add	r3, sp, #20
100082d4:	cb0e      	ldmia	r3, {r1, r2, r3}
100082d6:	4620      	mov	r0, r4
100082d8:	f7ff fd54 	bl	10007d84 <FusionVectorCrossProduct>
100082dc:	4620      	mov	r0, r4
100082de:	b013      	add	sp, #76	@ 0x4c
100082e0:	bd30      	pop	{r4, r5, pc}
100082e2:	ad0c      	add	r5, sp, #48	@ 0x30
100082e4:	ab16      	add	r3, sp, #88	@ 0x58
100082e6:	e893 0007 	ldmia.w	r3, {r0, r1, r2}
100082ea:	e88d 0007 	stmia.w	sp, {r0, r1, r2}
100082ee:	ab05      	add	r3, sp, #20
100082f0:	cb0e      	ldmia	r3, {r1, r2, r3}
100082f2:	4628      	mov	r0, r5
100082f4:	f7ff fd46 	bl	10007d84 <FusionVectorCrossProduct>
100082f8:	e895 000e 	ldmia.w	r5, {r1, r2, r3}
100082fc:	4620      	mov	r0, r4
100082fe:	f7ff fd92 	bl	10007e26 <FusionVectorNormalise>
10008302:	e7eb      	b.n	100082dc <Feedback+0x6e>

10008304 <FusionVectorMagnitude>:
10008304:	b500      	push	{lr}
10008306:	b085      	sub	sp, #20
10008308:	ab01      	add	r3, sp, #4
1000830a:	e883 0007 	stmia.w	r3, {r0, r1, r2}
1000830e:	e893 0007 	ldmia.w	r3, {r0, r1, r2}
10008312:	f7ff fd64 	bl	10007dde <FusionVectorMagnitudeSquared>
10008316:	f000 fe57 	bl	10008fc8 <__sqrtf_veneer>
1000831a:	b005      	add	sp, #20
1000831c:	f85d fb04 	ldr.w	pc, [sp], #4

10008320 <FusionAsin>:
10008320:	ee07 0a90 	vmov	s15, r0
10008324:	eebf 7a00 	vmov.f32	s14, #240	@ 0xbf800000 -1.0
10008328:	eef4 7ac7 	vcmpe.f32	s15, s14
1000832c:	eef1 fa10 	vmrs	APSR_nzcv, fpscr
10008330:	d90c      	bls.n	1000834c <FusionAsin+0x2c>
10008332:	eeb7 7a00 	vmov.f32	s14, #112	@ 0x3f800000  1.0
10008336:	eef4 7ac7 	vcmpe.f32	s15, s14
1000833a:	eef1 fa10 	vmrs	APSR_nzcv, fpscr
1000833e:	db01      	blt.n	10008344 <FusionAsin+0x24>
10008340:	4803      	ldr	r0, [pc, #12]	@ (10008350 <FusionAsin+0x30>)
10008342:	4770      	bx	lr
10008344:	b508      	push	{r3, lr}
10008346:	f7fd fd69 	bl	10005e1c <__wrap_asinf>
1000834a:	bd08      	pop	{r3, pc}
1000834c:	4801      	ldr	r0, [pc, #4]	@ (10008354 <FusionAsin+0x34>)
1000834e:	4770      	bx	lr
10008350:	3fc90fdb 	.word	0x3fc90fdb
10008354:	bfc90fdb 	.word	0xbfc90fdb

10008358 <FusionAhrsReset>:
10008358:	f04f 537e 	mov.w	r3, #1065353216	@ 0x3f800000
1000835c:	6183      	str	r3, [r0, #24]
1000835e:	2300      	movs	r3, #0
10008360:	61c3      	str	r3, [r0, #28]
10008362:	6203      	str	r3, [r0, #32]
10008364:	6243      	str	r3, [r0, #36]	@ 0x24
10008366:	6283      	str	r3, [r0, #40]	@ 0x28
10008368:	62c3      	str	r3, [r0, #44]	@ 0x2c
1000836a:	6303      	str	r3, [r0, #48]	@ 0x30
1000836c:	2201      	movs	r2, #1
1000836e:	f880 2034 	strb.w	r2, [r0, #52]	@ 0x34
10008372:	4a0a      	ldr	r2, [pc, #40]	@ (1000839c <FusionAhrsReset+0x44>)
10008374:	6382      	str	r2, [r0, #56]	@ 0x38
10008376:	2200      	movs	r2, #0
10008378:	f880 2040 	strb.w	r2, [r0, #64]	@ 0x40
1000837c:	6443      	str	r3, [r0, #68]	@ 0x44
1000837e:	6483      	str	r3, [r0, #72]	@ 0x48
10008380:	64c3      	str	r3, [r0, #76]	@ 0x4c
10008382:	6503      	str	r3, [r0, #80]	@ 0x50
10008384:	6543      	str	r3, [r0, #84]	@ 0x54
10008386:	6583      	str	r3, [r0, #88]	@ 0x58
10008388:	f880 205c 	strb.w	r2, [r0, #92]	@ 0x5c
1000838c:	6602      	str	r2, [r0, #96]	@ 0x60
1000838e:	6943      	ldr	r3, [r0, #20]
10008390:	6643      	str	r3, [r0, #100]	@ 0x64
10008392:	f880 2068 	strb.w	r2, [r0, #104]	@ 0x68
10008396:	66c2      	str	r2, [r0, #108]	@ 0x6c
10008398:	6703      	str	r3, [r0, #112]	@ 0x70
1000839a:	4770      	bx	lr
1000839c:	41200000 	.word	0x41200000

100083a0 <FusionAhrsSetSettings>:
100083a0:	b538      	push	{r3, r4, r5, lr}
100083a2:	ed2d 8b02 	vpush	{d8}
100083a6:	4604      	mov	r4, r0
100083a8:	460d      	mov	r5, r1
100083aa:	780b      	ldrb	r3, [r1, #0]
100083ac:	7003      	strb	r3, [r0, #0]
100083ae:	ed91 8a01 	vldr	s16, [r1, #4]
100083b2:	ed80 8a01 	vstr	s16, [r0, #4]
100083b6:	edd1 7a02 	vldr	s15, [r1, #8]
100083ba:	eef5 7a40 	vcmp.f32	s15, #0.0
100083be:	eef1 fa10 	vmrs	APSR_nzcv, fpscr
100083c2:	d039      	beq.n	10008438 <FusionAhrsSetSettings+0x98>
100083c4:	ed9f 7a33 	vldr	s14, [pc, #204]	@ 10008494 <FusionAhrsSetSettings+0xf4>
100083c8:	ee67 7a87 	vmul.f32	s15, s15, s14
100083cc:	edc4 7a02 	vstr	s15, [r4, #8]
100083d0:	edd5 7a03 	vldr	s15, [r5, #12]
100083d4:	eef5 7a40 	vcmp.f32	s15, #0.0
100083d8:	eef1 fa10 	vmrs	APSR_nzcv, fpscr
100083dc:	d12f      	bne.n	1000843e <FusionAhrsSetSettings+0x9e>
100083de:	482e      	ldr	r0, [pc, #184]	@ (10008498 <FusionAhrsSetSettings+0xf8>)
100083e0:	60e0      	str	r0, [r4, #12]
100083e2:	edd5 7a04 	vldr	s15, [r5, #16]
100083e6:	eef5 7a40 	vcmp.f32	s15, #0.0
100083ea:	eef1 fa10 	vmrs	APSR_nzcv, fpscr
100083ee:	d13b      	bne.n	10008468 <FusionAhrsSetSettings+0xc8>
100083f0:	4829      	ldr	r0, [pc, #164]	@ (10008498 <FusionAhrsSetSettings+0xf8>)
100083f2:	6120      	str	r0, [r4, #16]
100083f4:	696b      	ldr	r3, [r5, #20]
100083f6:	6163      	str	r3, [r4, #20]
100083f8:	6663      	str	r3, [r4, #100]	@ 0x64
100083fa:	6723      	str	r3, [r4, #112]	@ 0x70
100083fc:	edd5 7a01 	vldr	s15, [r5, #4]
10008400:	eef5 7a40 	vcmp.f32	s15, #0.0
10008404:	eef1 fa10 	vmrs	APSR_nzcv, fpscr
10008408:	d001      	beq.n	1000840e <FusionAhrsSetSettings+0x6e>
1000840a:	696b      	ldr	r3, [r5, #20]
1000840c:	b913      	cbnz	r3, 10008414 <FusionAhrsSetSettings+0x74>
1000840e:	4b22      	ldr	r3, [pc, #136]	@ (10008498 <FusionAhrsSetSettings+0xf8>)
10008410:	60e3      	str	r3, [r4, #12]
10008412:	6123      	str	r3, [r4, #16]
10008414:	f894 3034 	ldrb.w	r3, [r4, #52]	@ 0x34
10008418:	b90b      	cbnz	r3, 1000841e <FusionAhrsSetSettings+0x7e>
1000841a:	ed84 8a0e 	vstr	s16, [r4, #56]	@ 0x38
1000841e:	eef2 7a04 	vmov.f32	s15, #36	@ 0x41200000  10.0
10008422:	ee77 7ac8 	vsub.f32	s15, s15, s16
10008426:	eef0 6a08 	vmov.f32	s13, #8	@ 0x40400000  3.0
1000842a:	ee87 7aa6 	vdiv.f32	s14, s15, s13
1000842e:	ed84 7a0f 	vstr	s14, [r4, #60]	@ 0x3c
10008432:	ecbd 8b02 	vpop	{d8}
10008436:	bd38      	pop	{r3, r4, r5, pc}
10008438:	eddf 7a18 	vldr	s15, [pc, #96]	@ 1000849c <FusionAhrsSetSettings+0xfc>
1000843c:	e7c6      	b.n	100083cc <FusionAhrsSetSettings+0x2c>
1000843e:	ed9f 7a18 	vldr	s14, [pc, #96]	@ 100084a0 <FusionAhrsSetSettings+0x100>
10008442:	ee67 7a87 	vmul.f32	s15, s15, s14
10008446:	ee17 0a90 	vmov	r0, s15
1000844a:	f7fd fe69 	bl	10006120 <__wrap_sinf>
1000844e:	ee07 0a10 	vmov	s14, r0
10008452:	f04f 4180 	mov.w	r1, #1073741824	@ 0x40000000
10008456:	eef6 7a00 	vmov.f32	s15, #96	@ 0x3f000000  0.5
1000845a:	ee67 7a27 	vmul.f32	s15, s14, s15
1000845e:	ee17 0a90 	vmov	r0, s15
10008462:	f7fd fcfd 	bl	10005e60 <__wrap_powf>
10008466:	e7bb      	b.n	100083e0 <FusionAhrsSetSettings+0x40>
10008468:	ed9f 7a0d 	vldr	s14, [pc, #52]	@ 100084a0 <FusionAhrsSetSettings+0x100>
1000846c:	ee67 7a87 	vmul.f32	s15, s15, s14
10008470:	ee17 0a90 	vmov	r0, s15
10008474:	f7fd fe54 	bl	10006120 <__wrap_sinf>
10008478:	ee07 0a10 	vmov	s14, r0
1000847c:	f04f 4180 	mov.w	r1, #1073741824	@ 0x40000000
10008480:	eef6 7a00 	vmov.f32	s15, #96	@ 0x3f000000  0.5
10008484:	ee67 7a27 	vmul.f32	s15, s14, s15
10008488:	ee17 0a90 	vmov	r0, s15
1000848c:	f7fd fce8 	bl	10005e60 <__wrap_powf>
10008490:	e7af      	b.n	100083f2 <FusionAhrsSetSettings+0x52>
10008492:	bf00      	nop
10008494:	3f7ae148 	.word	0x3f7ae148
10008498:	7f7fffff 	.word	0x7f7fffff
1000849c:	7f7fffff 	.word	0x7f7fffff
100084a0:	3c8efa35 	.word	0x3c8efa35

100084a4 <FusionAhrsInitialise>:
100084a4:	b530      	push	{r4, r5, lr}
100084a6:	b087      	sub	sp, #28
100084a8:	4605      	mov	r5, r0
100084aa:	46ec      	mov	ip, sp
100084ac:	4c08      	ldr	r4, [pc, #32]	@ (100084d0 <FusionAhrsInitialise+0x2c>)
100084ae:	cc0f      	ldmia	r4!, {r0, r1, r2, r3}
100084b0:	e8ac 000f 	stmia.w	ip!, {r0, r1, r2, r3}
100084b4:	e894 0003 	ldmia.w	r4, {r0, r1}
100084b8:	e88c 0003 	stmia.w	ip, {r0, r1}
100084bc:	4669      	mov	r1, sp
100084be:	4628      	mov	r0, r5
100084c0:	f7ff ff6e 	bl	100083a0 <FusionAhrsSetSettings>
100084c4:	4628      	mov	r0, r5
100084c6:	f7ff ff47 	bl	10008358 <FusionAhrsReset>
100084ca:	b007      	add	sp, #28
100084cc:	bd30      	pop	{r4, r5, pc}
100084ce:	bf00      	nop
100084d0:	1000adf0 	.word	0x1000adf0

100084d4 <FusionAhrsUpdate>:
100084d4:	b5f0      	push	{r4, r5, r6, r7, lr}
100084d6:	ed2d 8b02 	vpush	{d8}
100084da:	b0bf      	sub	sp, #252	@ 0xfc
100084dc:	4604      	mov	r4, r0
100084de:	a809      	add	r0, sp, #36	@ 0x24
100084e0:	e880 000e 	stmia.w	r0, {r1, r2, r3}
100084e4:	ed9d 8a4c 	vldr	s16, [sp, #304]	@ 0x130
100084e8:	f104 0328 	add.w	r3, r4, #40	@ 0x28
100084ec:	aa46      	add	r2, sp, #280	@ 0x118
100084ee:	ca07      	ldmia	r2, {r0, r1, r2}
100084f0:	e883 0007 	stmia.w	r3, {r0, r1, r2}
100084f4:	eddd 8a09 	vldr	s17, [sp, #36]	@ 0x24
100084f8:	eeb0 7ae8 	vabs.f32	s14, s17
100084fc:	edd4 7a02 	vldr	s15, [r4, #8]
10008500:	eeb4 7ae7 	vcmpe.f32	s14, s15
10008504:	eef1 fa10 	vmrs	APSR_nzcv, fpscr
10008508:	dc11      	bgt.n	1000852e <FusionAhrsUpdate+0x5a>
1000850a:	ed9d 7a0a 	vldr	s14, [sp, #40]	@ 0x28
1000850e:	eeb0 7ac7 	vabs.f32	s14, s14
10008512:	eef4 7ac7 	vcmpe.f32	s15, s14
10008516:	eef1 fa10 	vmrs	APSR_nzcv, fpscr
1000851a:	d408      	bmi.n	1000852e <FusionAhrsUpdate+0x5a>
1000851c:	ed9d 7a0b 	vldr	s14, [sp, #44]	@ 0x2c
10008520:	eeb0 7ac7 	vabs.f32	s14, s14
10008524:	eef4 7ac7 	vcmpe.f32	s15, s14
10008528:	eef1 fa10 	vmrs	APSR_nzcv, fpscr
1000852c:	d510      	bpl.n	10008550 <FusionAhrsUpdate+0x7c>
1000852e:	ae11      	add	r6, sp, #68	@ 0x44
10008530:	f104 0518 	add.w	r5, r4, #24
10008534:	e895 000f 	ldmia.w	r5, {r0, r1, r2, r3}
10008538:	e886 000f 	stmia.w	r6, {r0, r1, r2, r3}
1000853c:	4620      	mov	r0, r4
1000853e:	f7ff ff0b 	bl	10008358 <FusionAhrsReset>
10008542:	e896 000f 	ldmia.w	r6, {r0, r1, r2, r3}
10008546:	e885 000f 	stmia.w	r5, {r0, r1, r2, r3}
1000854a:	2301      	movs	r3, #1
1000854c:	f884 3040 	strb.w	r3, [r4, #64]	@ 0x40
10008550:	f894 3034 	ldrb.w	r3, [r4, #52]	@ 0x34
10008554:	b1e3      	cbz	r3, 10008590 <FusionAhrsUpdate+0xbc>
10008556:	edd4 7a0e 	vldr	s15, [r4, #56]	@ 0x38
1000855a:	ed94 7a0f 	vldr	s14, [r4, #60]	@ 0x3c
1000855e:	ee27 7a08 	vmul.f32	s14, s14, s16
10008562:	ee77 7ac7 	vsub.f32	s15, s15, s14
10008566:	edc4 7a0e 	vstr	s15, [r4, #56]	@ 0x38
1000856a:	ed94 7a01 	vldr	s14, [r4, #4]
1000856e:	eef4 7ac7 	vcmpe.f32	s15, s14
10008572:	eef1 fa10 	vmrs	APSR_nzcv, fpscr
10008576:	d404      	bmi.n	10008582 <FusionAhrsUpdate+0xae>
10008578:	eeb5 7a40 	vcmp.f32	s14, #0.0
1000857c:	eef1 fa10 	vmrs	APSR_nzcv, fpscr
10008580:	d106      	bne.n	10008590 <FusionAhrsUpdate+0xbc>
10008582:	ed84 7a0e 	vstr	s14, [r4, #56]	@ 0x38
10008586:	2300      	movs	r3, #0
10008588:	f884 3034 	strb.w	r3, [r4, #52]	@ 0x34
1000858c:	f884 3040 	strb.w	r3, [r4, #64]	@ 0x40
10008590:	4621      	mov	r1, r4
10008592:	a821      	add	r0, sp, #132	@ 0x84
10008594:	f7ff fd74 	bl	10008080 <HalfGravity>
10008598:	2300      	movs	r3, #0
1000859a:	931e      	str	r3, [sp, #120]	@ 0x78
1000859c:	931f      	str	r3, [sp, #124]	@ 0x7c
1000859e:	9320      	str	r3, [sp, #128]	@ 0x80
100085a0:	2301      	movs	r3, #1
100085a2:	f884 305c 	strb.w	r3, [r4, #92]	@ 0x5c
100085a6:	eddd 7a46 	vldr	s15, [sp, #280]	@ 0x118
100085aa:	eef5 7a40 	vcmp.f32	s15, #0.0
100085ae:	eef1 fa10 	vmrs	APSR_nzcv, fpscr
100085b2:	d10d      	bne.n	100085d0 <FusionAhrsUpdate+0xfc>
100085b4:	eddd 7a47 	vldr	s15, [sp, #284]	@ 0x11c
100085b8:	eef5 7a40 	vcmp.f32	s15, #0.0
100085bc:	eef1 fa10 	vmrs	APSR_nzcv, fpscr
100085c0:	d106      	bne.n	100085d0 <FusionAhrsUpdate+0xfc>
100085c2:	eddd 7a48 	vldr	s15, [sp, #288]	@ 0x120
100085c6:	eef5 7a40 	vcmp.f32	s15, #0.0
100085ca:	eef1 fa10 	vmrs	APSR_nzcv, fpscr
100085ce:	d045      	beq.n	1000865c <FusionAhrsUpdate+0x188>
100085d0:	ae24      	add	r6, sp, #144	@ 0x90
100085d2:	ab46      	add	r3, sp, #280	@ 0x118
100085d4:	cb0e      	ldmia	r3, {r1, r2, r3}
100085d6:	4630      	mov	r0, r6
100085d8:	f7ff fc25 	bl	10007e26 <FusionVectorNormalise>
100085dc:	ad04      	add	r5, sp, #16
100085de:	ab21      	add	r3, sp, #132	@ 0x84
100085e0:	e893 0007 	ldmia.w	r3, {r0, r1, r2}
100085e4:	e88d 0007 	stmia.w	sp, {r0, r1, r2}
100085e8:	e896 000e 	ldmia.w	r6, {r1, r2, r3}
100085ec:	4628      	mov	r0, r5
100085ee:	f7ff fe3e 	bl	1000826e <Feedback>
100085f2:	f104 0344 	add.w	r3, r4, #68	@ 0x44
100085f6:	e895 0007 	ldmia.w	r5, {r0, r1, r2}
100085fa:	e883 0007 	stmia.w	r3, {r0, r1, r2}
100085fe:	f894 3034 	ldrb.w	r3, [r4, #52]	@ 0x34
10008602:	b95b      	cbnz	r3, 1000861c <FusionAhrsUpdate+0x148>
10008604:	f7ff fbeb 	bl	10007dde <FusionVectorMagnitudeSquared>
10008608:	ee07 0a10 	vmov	s14, r0
1000860c:	edd4 7a03 	vldr	s15, [r4, #12]
10008610:	eeb4 7ae7 	vcmpe.f32	s14, s15
10008614:	eef1 fa10 	vmrs	APSR_nzcv, fpscr
10008618:	f200 8145 	bhi.w	100088a6 <FusionAhrsUpdate+0x3d2>
1000861c:	2300      	movs	r3, #0
1000861e:	f884 305c 	strb.w	r3, [r4, #92]	@ 0x5c
10008622:	6e23      	ldr	r3, [r4, #96]	@ 0x60
10008624:	3b09      	subs	r3, #9
10008626:	6623      	str	r3, [r4, #96]	@ 0x60
10008628:	6e23      	ldr	r3, [r4, #96]	@ 0x60
1000862a:	6e62      	ldr	r2, [r4, #100]	@ 0x64
1000862c:	4293      	cmp	r3, r2
1000862e:	f340 813e 	ble.w	100088ae <FusionAhrsUpdate+0x3da>
10008632:	2200      	movs	r2, #0
10008634:	6662      	str	r2, [r4, #100]	@ 0x64
10008636:	f884 205c 	strb.w	r2, [r4, #92]	@ 0x5c
1000863a:	6962      	ldr	r2, [r4, #20]
1000863c:	2b00      	cmp	r3, #0
1000863e:	f2c0 8139 	blt.w	100088b4 <FusionAhrsUpdate+0x3e0>
10008642:	4293      	cmp	r3, r2
10008644:	dc00      	bgt.n	10008648 <FusionAhrsUpdate+0x174>
10008646:	461a      	mov	r2, r3
10008648:	6622      	str	r2, [r4, #96]	@ 0x60
1000864a:	f894 305c 	ldrb.w	r3, [r4, #92]	@ 0x5c
1000864e:	b92b      	cbnz	r3, 1000865c <FusionAhrsUpdate+0x188>
10008650:	ab1e      	add	r3, sp, #120	@ 0x78
10008652:	f104 0244 	add.w	r2, r4, #68	@ 0x44
10008656:	ca07      	ldmia	r2, {r0, r1, r2}
10008658:	e883 0007 	stmia.w	r3, {r0, r1, r2}
1000865c:	2300      	movs	r3, #0
1000865e:	931b      	str	r3, [sp, #108]	@ 0x6c
10008660:	931c      	str	r3, [sp, #112]	@ 0x70
10008662:	931d      	str	r3, [sp, #116]	@ 0x74
10008664:	2301      	movs	r3, #1
10008666:	f884 3068 	strb.w	r3, [r4, #104]	@ 0x68
1000866a:	eddd 7a49 	vldr	s15, [sp, #292]	@ 0x124
1000866e:	eef5 7a40 	vcmp.f32	s15, #0.0
10008672:	eef1 fa10 	vmrs	APSR_nzcv, fpscr
10008676:	d10d      	bne.n	10008694 <FusionAhrsUpdate+0x1c0>
10008678:	eddd 7a4a 	vldr	s15, [sp, #296]	@ 0x128
1000867c:	eef5 7a40 	vcmp.f32	s15, #0.0
10008680:	eef1 fa10 	vmrs	APSR_nzcv, fpscr
10008684:	d106      	bne.n	10008694 <FusionAhrsUpdate+0x1c0>
10008686:	eddd 7a4b 	vldr	s15, [sp, #300]	@ 0x12c
1000868a:	eef5 7a40 	vcmp.f32	s15, #0.0
1000868e:	eef1 fa10 	vmrs	APSR_nzcv, fpscr
10008692:	d054      	beq.n	1000873e <FusionAhrsUpdate+0x26a>
10008694:	af11      	add	r7, sp, #68	@ 0x44
10008696:	4621      	mov	r1, r4
10008698:	4638      	mov	r0, r7
1000869a:	f7ff fd55 	bl	10008148 <HalfMagnetic>
1000869e:	ad27      	add	r5, sp, #156	@ 0x9c
100086a0:	ab49      	add	r3, sp, #292	@ 0x124
100086a2:	e893 0007 	ldmia.w	r3, {r0, r1, r2}
100086a6:	e88d 0007 	stmia.w	sp, {r0, r1, r2}
100086aa:	ab21      	add	r3, sp, #132	@ 0x84
100086ac:	cb0e      	ldmia	r3, {r1, r2, r3}
100086ae:	4628      	mov	r0, r5
100086b0:	f7ff fb68 	bl	10007d84 <FusionVectorCrossProduct>
100086b4:	ae2a      	add	r6, sp, #168	@ 0xa8
100086b6:	e895 000e 	ldmia.w	r5, {r1, r2, r3}
100086ba:	4630      	mov	r0, r6
100086bc:	f7ff fbb3 	bl	10007e26 <FusionVectorNormalise>
100086c0:	ad04      	add	r5, sp, #16
100086c2:	e897 0007 	ldmia.w	r7, {r0, r1, r2}
100086c6:	e88d 0007 	stmia.w	sp, {r0, r1, r2}
100086ca:	e896 000e 	ldmia.w	r6, {r1, r2, r3}
100086ce:	4628      	mov	r0, r5
100086d0:	f7ff fdcd 	bl	1000826e <Feedback>
100086d4:	f104 0350 	add.w	r3, r4, #80	@ 0x50
100086d8:	e895 0007 	ldmia.w	r5, {r0, r1, r2}
100086dc:	e883 0007 	stmia.w	r3, {r0, r1, r2}
100086e0:	f894 3034 	ldrb.w	r3, [r4, #52]	@ 0x34
100086e4:	b95b      	cbnz	r3, 100086fe <FusionAhrsUpdate+0x22a>
100086e6:	f7ff fb7a 	bl	10007dde <FusionVectorMagnitudeSquared>
100086ea:	ee07 0a10 	vmov	s14, r0
100086ee:	edd4 7a04 	vldr	s15, [r4, #16]
100086f2:	eeb4 7ae7 	vcmpe.f32	s14, s15
100086f6:	eef1 fa10 	vmrs	APSR_nzcv, fpscr
100086fa:	f200 80dd 	bhi.w	100088b8 <FusionAhrsUpdate+0x3e4>
100086fe:	2300      	movs	r3, #0
10008700:	f884 3068 	strb.w	r3, [r4, #104]	@ 0x68
10008704:	6ee3      	ldr	r3, [r4, #108]	@ 0x6c
10008706:	3b09      	subs	r3, #9
10008708:	66e3      	str	r3, [r4, #108]	@ 0x6c
1000870a:	6ee3      	ldr	r3, [r4, #108]	@ 0x6c
1000870c:	6f22      	ldr	r2, [r4, #112]	@ 0x70
1000870e:	4293      	cmp	r3, r2
10008710:	f340 80d6 	ble.w	100088c0 <FusionAhrsUpdate+0x3ec>
10008714:	2200      	movs	r2, #0
10008716:	6722      	str	r2, [r4, #112]	@ 0x70
10008718:	f884 2068 	strb.w	r2, [r4, #104]	@ 0x68
1000871c:	6962      	ldr	r2, [r4, #20]
1000871e:	2b00      	cmp	r3, #0
10008720:	f2c0 80d1 	blt.w	100088c6 <FusionAhrsUpdate+0x3f2>
10008724:	4293      	cmp	r3, r2
10008726:	dc00      	bgt.n	1000872a <FusionAhrsUpdate+0x256>
10008728:	461a      	mov	r2, r3
1000872a:	66e2      	str	r2, [r4, #108]	@ 0x6c
1000872c:	f894 3068 	ldrb.w	r3, [r4, #104]	@ 0x68
10008730:	b92b      	cbnz	r3, 1000873e <FusionAhrsUpdate+0x26a>
10008732:	ab1b      	add	r3, sp, #108	@ 0x6c
10008734:	f104 0250 	add.w	r2, r4, #80	@ 0x50
10008738:	ca07      	ldmia	r2, {r0, r1, r2}
1000873a:	e883 0007 	stmia.w	r3, {r0, r1, r2}
1000873e:	eddf 7a63 	vldr	s15, [pc, #396]	@ 100088cc <FusionAhrsUpdate+0x3f8>
10008742:	ee68 8aa7 	vmul.f32	s17, s17, s15
10008746:	edcd 8a11 	vstr	s17, [sp, #68]	@ 0x44
1000874a:	eddd 5a0a 	vldr	s11, [sp, #40]	@ 0x28
1000874e:	ee65 5aa7 	vmul.f32	s11, s11, s15
10008752:	edcd 5a12 	vstr	s11, [sp, #72]	@ 0x48
10008756:	ed9d 6a0b 	vldr	s12, [sp, #44]	@ 0x2c
1000875a:	ee26 6a27 	vmul.f32	s12, s12, s15
1000875e:	ed8d 6a13 	vstr	s12, [sp, #76]	@ 0x4c
10008762:	ab18      	add	r3, sp, #96	@ 0x60
10008764:	ad11      	add	r5, sp, #68	@ 0x44
10008766:	e895 0007 	ldmia.w	r5, {r0, r1, r2}
1000876a:	e883 0007 	stmia.w	r3, {r0, r1, r2}
1000876e:	ed9d 7a1e 	vldr	s14, [sp, #120]	@ 0x78
10008772:	eddd 7a1b 	vldr	s15, [sp, #108]	@ 0x6c
10008776:	ee37 7a27 	vadd.f32	s14, s14, s15
1000877a:	ed8d 7a11 	vstr	s14, [sp, #68]	@ 0x44
1000877e:	eddd 7a1f 	vldr	s15, [sp, #124]	@ 0x7c
10008782:	eddd 6a1c 	vldr	s13, [sp, #112]	@ 0x70
10008786:	ee77 7aa6 	vadd.f32	s15, s15, s13
1000878a:	edcd 7a12 	vstr	s15, [sp, #72]	@ 0x48
1000878e:	ed9d 5a20 	vldr	s10, [sp, #128]	@ 0x80
10008792:	eddd 6a1d 	vldr	s13, [sp, #116]	@ 0x74
10008796:	ee35 5a26 	vadd.f32	s10, s10, s13
1000879a:	ed8d 5a13 	vstr	s10, [sp, #76]	@ 0x4c
1000879e:	ab2d      	add	r3, sp, #180	@ 0xb4
100087a0:	e895 0007 	ldmia.w	r5, {r0, r1, r2}
100087a4:	e883 0007 	stmia.w	r3, {r0, r1, r2}
100087a8:	edd4 6a0e 	vldr	s13, [r4, #56]	@ 0x38
100087ac:	ee26 7a87 	vmul.f32	s14, s13, s14
100087b0:	ed8d 7a11 	vstr	s14, [sp, #68]	@ 0x44
100087b4:	ee66 7aa7 	vmul.f32	s15, s13, s15
100087b8:	edcd 7a12 	vstr	s15, [sp, #72]	@ 0x48
100087bc:	ee66 6a85 	vmul.f32	s13, s13, s10
100087c0:	edcd 6a13 	vstr	s13, [sp, #76]	@ 0x4c
100087c4:	ab30      	add	r3, sp, #192	@ 0xc0
100087c6:	e895 0007 	ldmia.w	r5, {r0, r1, r2}
100087ca:	e883 0007 	stmia.w	r3, {r0, r1, r2}
100087ce:	ee37 7a28 	vadd.f32	s14, s14, s17
100087d2:	ed8d 7a11 	vstr	s14, [sp, #68]	@ 0x44
100087d6:	ee77 7aa5 	vadd.f32	s15, s15, s11
100087da:	edcd 7a12 	vstr	s15, [sp, #72]	@ 0x48
100087de:	ee76 6a86 	vadd.f32	s13, s13, s12
100087e2:	edcd 6a13 	vstr	s13, [sp, #76]	@ 0x4c
100087e6:	ab15      	add	r3, sp, #84	@ 0x54
100087e8:	e895 0007 	ldmia.w	r5, {r0, r1, r2}
100087ec:	e883 0007 	stmia.w	r3, {r0, r1, r2}
100087f0:	ee28 7a07 	vmul.f32	s14, s16, s14
100087f4:	ed8d 7a11 	vstr	s14, [sp, #68]	@ 0x44
100087f8:	ee68 7a27 	vmul.f32	s15, s16, s15
100087fc:	edcd 7a12 	vstr	s15, [sp, #72]	@ 0x48
10008800:	ee28 8a26 	vmul.f32	s16, s16, s13
10008804:	ed8d 8a13 	vstr	s16, [sp, #76]	@ 0x4c
10008808:	ab33      	add	r3, sp, #204	@ 0xcc
1000880a:	e895 0007 	ldmia.w	r5, {r0, r1, r2}
1000880e:	e883 0007 	stmia.w	r3, {r0, r1, r2}
10008812:	ae01      	add	r6, sp, #4
10008814:	e886 0007 	stmia.w	r6, {r0, r1, r2}
10008818:	6a63      	ldr	r3, [r4, #36]	@ 0x24
1000881a:	9300      	str	r3, [sp, #0]
1000881c:	f104 0618 	add.w	r6, r4, #24
10008820:	e896 000e 	ldmia.w	r6, {r1, r2, r3}
10008824:	a836      	add	r0, sp, #216	@ 0xd8
10008826:	f7ff fb97 	bl	10007f58 <FusionQuaternionMultiplyVector>
1000882a:	f10d 0c34 	add.w	ip, sp, #52	@ 0x34
1000882e:	e896 000f 	ldmia.w	r6, {r0, r1, r2, r3}
10008832:	e88c 000f 	stmia.w	ip, {r0, r1, r2, r3}
10008836:	eddd 7a0d 	vldr	s15, [sp, #52]	@ 0x34
1000883a:	ed9d 7a36 	vldr	s14, [sp, #216]	@ 0xd8
1000883e:	ee77 7a87 	vadd.f32	s15, s15, s14
10008842:	edcd 7a11 	vstr	s15, [sp, #68]	@ 0x44
10008846:	eddd 7a0e 	vldr	s15, [sp, #56]	@ 0x38
1000884a:	ed9d 7a37 	vldr	s14, [sp, #220]	@ 0xdc
1000884e:	ee77 7a87 	vadd.f32	s15, s15, s14
10008852:	edcd 7a12 	vstr	s15, [sp, #72]	@ 0x48
10008856:	eddd 7a0f 	vldr	s15, [sp, #60]	@ 0x3c
1000885a:	ed9d 7a38 	vldr	s14, [sp, #224]	@ 0xe0
1000885e:	ee77 7a87 	vadd.f32	s15, s15, s14
10008862:	edcd 7a13 	vstr	s15, [sp, #76]	@ 0x4c
10008866:	eddd 7a10 	vldr	s15, [sp, #64]	@ 0x40
1000886a:	ed9d 7a39 	vldr	s14, [sp, #228]	@ 0xe4
1000886e:	ee77 7a87 	vadd.f32	s15, s15, s14
10008872:	edcd 7a14 	vstr	s15, [sp, #80]	@ 0x50
10008876:	f10d 0ce8 	add.w	ip, sp, #232	@ 0xe8
1000887a:	e895 000f 	ldmia.w	r5, {r0, r1, r2, r3}
1000887e:	e88c 000f 	stmia.w	ip, {r0, r1, r2, r3}
10008882:	e886 000f 	stmia.w	r6, {r0, r1, r2, r3}
10008886:	ad04      	add	r5, sp, #16
10008888:	6a63      	ldr	r3, [r4, #36]	@ 0x24
1000888a:	9300      	str	r3, [sp, #0]
1000888c:	e896 000e 	ldmia.w	r6, {r1, r2, r3}
10008890:	4628      	mov	r0, r5
10008892:	f7ff fba9 	bl	10007fe8 <FusionQuaternionNormalise>
10008896:	e895 000f 	ldmia.w	r5, {r0, r1, r2, r3}
1000889a:	e886 000f 	stmia.w	r6, {r0, r1, r2, r3}
1000889e:	b03f      	add	sp, #252	@ 0xfc
100088a0:	ecbd 8b02 	vpop	{d8}
100088a4:	bdf0      	pop	{r4, r5, r6, r7, pc}
100088a6:	6e23      	ldr	r3, [r4, #96]	@ 0x60
100088a8:	3301      	adds	r3, #1
100088aa:	6623      	str	r3, [r4, #96]	@ 0x60
100088ac:	e6bc      	b.n	10008628 <FusionAhrsUpdate+0x154>
100088ae:	6962      	ldr	r2, [r4, #20]
100088b0:	6662      	str	r2, [r4, #100]	@ 0x64
100088b2:	e6c2      	b.n	1000863a <FusionAhrsUpdate+0x166>
100088b4:	2200      	movs	r2, #0
100088b6:	e6c7      	b.n	10008648 <FusionAhrsUpdate+0x174>
100088b8:	6ee3      	ldr	r3, [r4, #108]	@ 0x6c
100088ba:	3301      	adds	r3, #1
100088bc:	66e3      	str	r3, [r4, #108]	@ 0x6c
100088be:	e724      	b.n	1000870a <FusionAhrsUpdate+0x236>
100088c0:	6962      	ldr	r2, [r4, #20]
100088c2:	6722      	str	r2, [r4, #112]	@ 0x70
100088c4:	e72a      	b.n	1000871c <FusionAhrsUpdate+0x248>
100088c6:	2200      	movs	r2, #0
100088c8:	e72f      	b.n	1000872a <FusionAhrsUpdate+0x256>
100088ca:	bf00      	nop
100088cc:	3c0efa35 	.word	0x3c0efa35

100088d0 <FusionAhrsUpdateExternalHeading>:
100088d0:	b5f0      	push	{r4, r5, r6, r7, lr}
100088d2:	ed2d 8b02 	vpush	{d8}
100088d6:	b091      	sub	sp, #68	@ 0x44
100088d8:	4604      	mov	r4, r0
100088da:	ad09      	add	r5, sp, #36	@ 0x24
100088dc:	e885 000e 	stmia.w	r5, {r1, r2, r3}
100088e0:	ed90 6a06 	vldr	s12, [r0, #24]
100088e4:	edd0 7a07 	vldr	s15, [r0, #28]
100088e8:	ee26 6a27 	vmul.f32	s12, s12, s15
100088ec:	ed90 7a08 	vldr	s14, [r0, #32]
100088f0:	edd0 6a09 	vldr	s13, [r0, #36]	@ 0x24
100088f4:	ee67 6a26 	vmul.f32	s13, s14, s13
100088f8:	ee27 7a07 	vmul.f32	s14, s14, s14
100088fc:	eef6 5a00 	vmov.f32	s11, #96	@ 0x3f000000  0.5
10008900:	ee35 7ac7 	vsub.f32	s14, s11, s14
10008904:	ee67 7aa7 	vmul.f32	s15, s15, s15
10008908:	ee77 7a67 	vsub.f32	s15, s14, s15
1000890c:	ee17 1a90 	vmov	r1, s15
10008910:	ee76 7a26 	vadd.f32	s15, s12, s13
10008914:	ee17 0a90 	vmov	r0, s15
10008918:	f7fd fd50 	bl	100063bc <__wrap_atan2f>
1000891c:	4606      	mov	r6, r0
1000891e:	eddd 7a1b 	vldr	s15, [sp, #108]	@ 0x6c
10008922:	ed9f 7a1b 	vldr	s14, [pc, #108]	@ 10008990 <FusionAhrsUpdateExternalHeading+0xc0>
10008926:	ee67 7a87 	vmul.f32	s15, s15, s14
1000892a:	ee17 7a90 	vmov	r7, s15
1000892e:	4638      	mov	r0, r7
10008930:	f7fd fbf6 	bl	10006120 <__wrap_sinf>
10008934:	ee08 0a10 	vmov	s16, r0
10008938:	4638      	mov	r0, r7
1000893a:	f7fd fbf4 	bl	10006126 <__wrap_cosf>
1000893e:	900d      	str	r0, [sp, #52]	@ 0x34
10008940:	4630      	mov	r0, r6
10008942:	f7fd fbf0 	bl	10006126 <__wrap_cosf>
10008946:	ee07 0a90 	vmov	s15, r0
1000894a:	ee67 7ac8 	vnmul.f32	s15, s15, s16
1000894e:	edcd 7a0e 	vstr	s15, [sp, #56]	@ 0x38
10008952:	4630      	mov	r0, r6
10008954:	f7fd fbe4 	bl	10006120 <__wrap_sinf>
10008958:	ee07 0a90 	vmov	s15, r0
1000895c:	ee67 7a88 	vmul.f32	s15, s15, s16
10008960:	edcd 7a0f 	vstr	s15, [sp, #60]	@ 0x3c
10008964:	9b1c      	ldr	r3, [sp, #112]	@ 0x70
10008966:	9306      	str	r3, [sp, #24]
10008968:	ab03      	add	r3, sp, #12
1000896a:	aa10      	add	r2, sp, #64	@ 0x40
1000896c:	e912 0007 	ldmdb	r2, {r0, r1, r2}
10008970:	e883 0007 	stmia.w	r3, {r0, r1, r2}
10008974:	ab18      	add	r3, sp, #96	@ 0x60
10008976:	e893 0007 	ldmia.w	r3, {r0, r1, r2}
1000897a:	e88d 0007 	stmia.w	sp, {r0, r1, r2}
1000897e:	e895 000e 	ldmia.w	r5, {r1, r2, r3}
10008982:	4620      	mov	r0, r4
10008984:	f7ff fda6 	bl	100084d4 <FusionAhrsUpdate>
10008988:	b011      	add	sp, #68	@ 0x44
1000898a:	ecbd 8b02 	vpop	{d8}
1000898e:	bdf0      	pop	{r4, r5, r6, r7, pc}
10008990:	3c8efa35 	.word	0x3c8efa35

10008994 <FusionAhrsGetQuaternion>:
10008994:	4684      	mov	ip, r0
10008996:	3118      	adds	r1, #24
10008998:	c90f      	ldmia	r1, {r0, r1, r2, r3}
1000899a:	e88c 000f 	stmia.w	ip, {r0, r1, r2, r3}
1000899e:	4660      	mov	r0, ip
100089a0:	4770      	bx	lr

100089a2 <FusionAhrsSetQuaternion>:
100089a2:	b084      	sub	sp, #16
100089a4:	b500      	push	{lr}
100089a6:	f10d 0c08 	add.w	ip, sp, #8
100089aa:	e88c 000e 	stmia.w	ip, {r1, r2, r3}
100089ae:	f100 0e18 	add.w	lr, r0, #24
100089b2:	e89c 000f 	ldmia.w	ip, {r0, r1, r2, r3}
100089b6:	e88e 000f 	stmia.w	lr, {r0, r1, r2, r3}
100089ba:	f85d eb04 	ldr.w	lr, [sp], #4
100089be:	b004      	add	sp, #16
100089c0:	4770      	bx	lr

100089c2 <FusionAhrsGetLinearAcceleration>:
100089c2:	b08a      	sub	sp, #40	@ 0x28
100089c4:	4603      	mov	r3, r0
100089c6:	edd1 5a07 	vldr	s11, [r1, #28]
100089ca:	ed91 6a09 	vldr	s12, [r1, #36]	@ 0x24
100089ce:	ee65 6a86 	vmul.f32	s13, s11, s12
100089d2:	edd1 7a06 	vldr	s15, [r1, #24]
100089d6:	ed91 7a08 	vldr	s14, [r1, #32]
100089da:	ee27 5a87 	vmul.f32	s10, s15, s14
100089de:	ee76 6ac5 	vsub.f32	s13, s13, s10
100089e2:	ee76 6aa6 	vadd.f32	s13, s13, s13
100089e6:	edcd 6a07 	vstr	s13, [sp, #28]
100089ea:	ee26 7a07 	vmul.f32	s14, s12, s14
100089ee:	ee65 5aa7 	vmul.f32	s11, s11, s15
100089f2:	ee37 7a25 	vadd.f32	s14, s14, s11
100089f6:	ee37 7a07 	vadd.f32	s14, s14, s14
100089fa:	ed8d 7a08 	vstr	s14, [sp, #32]
100089fe:	ee67 7aa7 	vmul.f32	s15, s15, s15
10008a02:	eef6 5a00 	vmov.f32	s11, #96	@ 0x3f000000  0.5
10008a06:	ee77 7ae5 	vsub.f32	s15, s15, s11
10008a0a:	ee26 6a06 	vmul.f32	s12, s12, s12
10008a0e:	ee77 7a86 	vadd.f32	s15, s15, s12
10008a12:	ee77 7aa7 	vadd.f32	s15, s15, s15
10008a16:	edcd 7a09 	vstr	s15, [sp, #36]	@ 0x24
10008a1a:	780a      	ldrb	r2, [r1, #0]
10008a1c:	2a01      	cmp	r2, #1
10008a1e:	d91e      	bls.n	10008a5e <FusionAhrsGetLinearAcceleration+0x9c>
10008a20:	2a02      	cmp	r2, #2
10008a22:	d13b      	bne.n	10008a9c <FusionAhrsGetLinearAcceleration+0xda>
10008a24:	f10d 0c04 	add.w	ip, sp, #4
10008a28:	3128      	adds	r1, #40	@ 0x28
10008a2a:	c907      	ldmia	r1, {r0, r1, r2}
10008a2c:	e88c 0007 	stmia.w	ip, {r0, r1, r2}
10008a30:	ed9d 6a01 	vldr	s12, [sp, #4]
10008a34:	ee76 6a86 	vadd.f32	s13, s13, s12
10008a38:	edcd 6a04 	vstr	s13, [sp, #16]
10008a3c:	eddd 6a02 	vldr	s13, [sp, #8]
10008a40:	ee37 7a26 	vadd.f32	s14, s14, s13
10008a44:	ed8d 7a05 	vstr	s14, [sp, #20]
10008a48:	ed9d 7a03 	vldr	s14, [sp, #12]
10008a4c:	ee77 7a87 	vadd.f32	s15, s15, s14
10008a50:	edcd 7a06 	vstr	s15, [sp, #24]
10008a54:	aa04      	add	r2, sp, #16
10008a56:	ca07      	ldmia	r2, {r0, r1, r2}
10008a58:	e883 0007 	stmia.w	r3, {r0, r1, r2}
10008a5c:	e01b      	b.n	10008a96 <FusionAhrsGetLinearAcceleration+0xd4>
10008a5e:	f10d 0c04 	add.w	ip, sp, #4
10008a62:	3128      	adds	r1, #40	@ 0x28
10008a64:	c907      	ldmia	r1, {r0, r1, r2}
10008a66:	e88c 0007 	stmia.w	ip, {r0, r1, r2}
10008a6a:	ed9d 6a01 	vldr	s12, [sp, #4]
10008a6e:	ee76 6a66 	vsub.f32	s13, s12, s13
10008a72:	edcd 6a04 	vstr	s13, [sp, #16]
10008a76:	eddd 6a02 	vldr	s13, [sp, #8]
10008a7a:	ee36 7ac7 	vsub.f32	s14, s13, s14
10008a7e:	ed8d 7a05 	vstr	s14, [sp, #20]
10008a82:	ed9d 7a03 	vldr	s14, [sp, #12]
10008a86:	ee77 7a67 	vsub.f32	s15, s14, s15
10008a8a:	edcd 7a06 	vstr	s15, [sp, #24]
10008a8e:	aa04      	add	r2, sp, #16
10008a90:	ca07      	ldmia	r2, {r0, r1, r2}
10008a92:	e883 0007 	stmia.w	r3, {r0, r1, r2}
10008a96:	4618      	mov	r0, r3
10008a98:	b00a      	add	sp, #40	@ 0x28
10008a9a:	4770      	bx	lr
10008a9c:	2200      	movs	r2, #0
10008a9e:	6002      	str	r2, [r0, #0]
10008aa0:	6042      	str	r2, [r0, #4]
10008aa2:	6082      	str	r2, [r0, #8]
10008aa4:	e7f7      	b.n	10008a96 <FusionAhrsGetLinearAcceleration+0xd4>

10008aa6 <FusionAhrsGetEarthAcceleration>:
10008aa6:	edd1 7a06 	vldr	s15, [r1, #24]
10008aaa:	ee67 5aa7 	vmul.f32	s11, s15, s15
10008aae:	ed91 7a07 	vldr	s14, [r1, #28]
10008ab2:	ee67 3a87 	vmul.f32	s7, s15, s14
10008ab6:	ed91 6a08 	vldr	s12, [r1, #32]
10008aba:	ee67 1a86 	vmul.f32	s3, s15, s12
10008abe:	edd1 4a09 	vldr	s9, [r1, #36]	@ 0x24
10008ac2:	ee67 7aa4 	vmul.f32	s15, s15, s9
10008ac6:	ee27 1a06 	vmul.f32	s2, s14, s12
10008aca:	ee27 3a24 	vmul.f32	s6, s14, s9
10008ace:	ee26 2a24 	vmul.f32	s4, s12, s9
10008ad2:	eef6 6a00 	vmov.f32	s13, #96	@ 0x3f000000  0.5
10008ad6:	ee75 5ae6 	vsub.f32	s11, s11, s13
10008ada:	ee27 7a07 	vmul.f32	s14, s14, s14
10008ade:	ee35 7a87 	vadd.f32	s14, s11, s14
10008ae2:	edd1 6a0a 	vldr	s13, [r1, #40]	@ 0x28
10008ae6:	ee27 7a26 	vmul.f32	s14, s14, s13
10008aea:	ee31 5a67 	vsub.f32	s10, s2, s15
10008aee:	ed91 4a0b 	vldr	s8, [r1, #44]	@ 0x2c
10008af2:	ee25 5a04 	vmul.f32	s10, s10, s8
10008af6:	ee37 7a05 	vadd.f32	s14, s14, s10
10008afa:	ee71 2a83 	vadd.f32	s5, s3, s6
10008afe:	ed91 5a0c 	vldr	s10, [r1, #48]	@ 0x30
10008b02:	ee62 2a85 	vmul.f32	s5, s5, s10
10008b06:	ee37 7a22 	vadd.f32	s14, s14, s5
10008b0a:	ee37 7a07 	vadd.f32	s14, s14, s14
10008b0e:	ed80 7a00 	vstr	s14, [r0]
10008b12:	ee77 7a81 	vadd.f32	s15, s15, s2
10008b16:	ee66 7aa7 	vmul.f32	s15, s13, s15
10008b1a:	ee26 6a06 	vmul.f32	s12, s12, s12
10008b1e:	ee35 6a86 	vadd.f32	s12, s11, s12
10008b22:	ee24 6a06 	vmul.f32	s12, s8, s12
10008b26:	ee77 7a86 	vadd.f32	s15, s15, s12
10008b2a:	ee32 7a63 	vsub.f32	s14, s4, s7
10008b2e:	ee25 7a07 	vmul.f32	s14, s10, s14
10008b32:	ee77 7a87 	vadd.f32	s15, s15, s14
10008b36:	ee77 7aa7 	vadd.f32	s15, s15, s15
10008b3a:	edc0 7a01 	vstr	s15, [r0, #4]
10008b3e:	ee33 3a61 	vsub.f32	s6, s6, s3
10008b42:	ee66 6a83 	vmul.f32	s13, s13, s6
10008b46:	ee73 3a82 	vadd.f32	s7, s7, s4
10008b4a:	ee24 4a23 	vmul.f32	s8, s8, s7
10008b4e:	ee76 6a84 	vadd.f32	s13, s13, s8
10008b52:	ee64 7aa4 	vmul.f32	s15, s9, s9
10008b56:	ee75 5aa7 	vadd.f32	s11, s11, s15
10008b5a:	ee25 5a25 	vmul.f32	s10, s10, s11
10008b5e:	ee76 6a85 	vadd.f32	s13, s13, s10
10008b62:	ee76 6aa6 	vadd.f32	s13, s13, s13
10008b66:	edc0 6a02 	vstr	s13, [r0, #8]
10008b6a:	780b      	ldrb	r3, [r1, #0]
10008b6c:	2b01      	cmp	r3, #1
10008b6e:	d909      	bls.n	10008b84 <FusionAhrsGetEarthAcceleration+0xde>
10008b70:	2b02      	cmp	r3, #2
10008b72:	d106      	bne.n	10008b82 <FusionAhrsGetEarthAcceleration+0xdc>
10008b74:	eef7 7a00 	vmov.f32	s15, #112	@ 0x3f800000  1.0
10008b78:	ee76 6aa7 	vadd.f32	s13, s13, s15
10008b7c:	edc0 6a02 	vstr	s13, [r0, #8]
10008b80:	4770      	bx	lr
10008b82:	4770      	bx	lr
10008b84:	eef7 7a00 	vmov.f32	s15, #112	@ 0x3f800000  1.0
10008b88:	ee76 6ae7 	vsub.f32	s13, s13, s15
10008b8c:	edc0 6a02 	vstr	s13, [r0, #8]
10008b90:	4770      	bx	lr

10008b92 <FusionAhrsGetInternalStates>:
10008b92:	b538      	push	{r3, r4, r5, lr}
10008b94:	4604      	mov	r4, r0
10008b96:	460d      	mov	r5, r1
10008b98:	f101 0344 	add.w	r3, r1, #68	@ 0x44
10008b9c:	e893 0007 	ldmia.w	r3, {r0, r1, r2}
10008ba0:	f7ff fbb0 	bl	10008304 <FusionVectorMagnitude>
10008ba4:	ee07 0a90 	vmov	s15, r0
10008ba8:	ee77 7aa7 	vadd.f32	s15, s15, s15
10008bac:	ee17 0a90 	vmov	r0, s15
10008bb0:	f7ff fbb6 	bl	10008320 <FusionAsin>
10008bb4:	ee07 0a90 	vmov	s15, r0
10008bb8:	ed9f 7a22 	vldr	s14, [pc, #136]	@ 10008c44 <FusionAhrsGetInternalStates+0xb2>
10008bbc:	ee67 7a87 	vmul.f32	s15, s15, s14
10008bc0:	edc4 7a00 	vstr	s15, [r4]
10008bc4:	f895 305c 	ldrb.w	r3, [r5, #92]	@ 0x5c
10008bc8:	7123      	strb	r3, [r4, #4]
10008bca:	696b      	ldr	r3, [r5, #20]
10008bcc:	b3a3      	cbz	r3, 10008c38 <FusionAhrsGetInternalStates+0xa6>
10008bce:	edd5 7a18 	vldr	s15, [r5, #96]	@ 0x60
10008bd2:	eef8 6ae7 	vcvt.f32.s32	s13, s15
10008bd6:	ee07 3a90 	vmov	s15, r3
10008bda:	eef8 7a67 	vcvt.f32.u32	s15, s15
10008bde:	ee86 7aa7 	vdiv.f32	s14, s13, s15
10008be2:	ed84 7a02 	vstr	s14, [r4, #8]
10008be6:	f105 0350 	add.w	r3, r5, #80	@ 0x50
10008bea:	e893 0007 	ldmia.w	r3, {r0, r1, r2}
10008bee:	f7ff fb89 	bl	10008304 <FusionVectorMagnitude>
10008bf2:	ee07 0a90 	vmov	s15, r0
10008bf6:	ee77 7aa7 	vadd.f32	s15, s15, s15
10008bfa:	ee17 0a90 	vmov	r0, s15
10008bfe:	f7ff fb8f 	bl	10008320 <FusionAsin>
10008c02:	ee07 0a90 	vmov	s15, r0
10008c06:	ed9f 7a0f 	vldr	s14, [pc, #60]	@ 10008c44 <FusionAhrsGetInternalStates+0xb2>
10008c0a:	ee67 7a87 	vmul.f32	s15, s15, s14
10008c0e:	edc4 7a03 	vstr	s15, [r4, #12]
10008c12:	f895 3068 	ldrb.w	r3, [r5, #104]	@ 0x68
10008c16:	7423      	strb	r3, [r4, #16]
10008c18:	696b      	ldr	r3, [r5, #20]
10008c1a:	b183      	cbz	r3, 10008c3e <FusionAhrsGetInternalStates+0xac>
10008c1c:	edd5 6a1b 	vldr	s13, [r5, #108]	@ 0x6c
10008c20:	eef8 6ae6 	vcvt.f32.s32	s13, s13
10008c24:	ee07 3a90 	vmov	s15, r3
10008c28:	eef8 7a67 	vcvt.f32.u32	s15, s15
10008c2c:	ee86 7aa7 	vdiv.f32	s14, s13, s15
10008c30:	ed84 7a05 	vstr	s14, [r4, #20]
10008c34:	4620      	mov	r0, r4
10008c36:	bd38      	pop	{r3, r4, r5, pc}
10008c38:	ed9f 7a03 	vldr	s14, [pc, #12]	@ 10008c48 <FusionAhrsGetInternalStates+0xb6>
10008c3c:	e7d1      	b.n	10008be2 <FusionAhrsGetInternalStates+0x50>
10008c3e:	ed9f 7a02 	vldr	s14, [pc, #8]	@ 10008c48 <FusionAhrsGetInternalStates+0xb6>
10008c42:	e7f5      	b.n	10008c30 <FusionAhrsGetInternalStates+0x9e>
10008c44:	42652ee0 	.word	0x42652ee0
10008c48:	00000000 	.word	0x00000000

10008c4c <FusionAhrsGetFlags>:
10008c4c:	b082      	sub	sp, #8
10008c4e:	f890 3034 	ldrb.w	r3, [r0, #52]	@ 0x34
10008c52:	f88d 3000 	strb.w	r3, [sp]
10008c56:	f890 3040 	ldrb.w	r3, [r0, #64]	@ 0x40
10008c5a:	f88d 3001 	strb.w	r3, [sp, #1]
10008c5e:	6e03      	ldr	r3, [r0, #96]	@ 0x60
10008c60:	6e42      	ldr	r2, [r0, #100]	@ 0x64
10008c62:	4293      	cmp	r3, r2
10008c64:	bfd4      	ite	le
10008c66:	2300      	movle	r3, #0
10008c68:	2301      	movgt	r3, #1
10008c6a:	f88d 3002 	strb.w	r3, [sp, #2]
10008c6e:	6ec3      	ldr	r3, [r0, #108]	@ 0x6c
10008c70:	6f02      	ldr	r2, [r0, #112]	@ 0x70
10008c72:	4293      	cmp	r3, r2
10008c74:	bfd4      	ite	le
10008c76:	2300      	movle	r3, #0
10008c78:	2301      	movgt	r3, #1
10008c7a:	f88d 3003 	strb.w	r3, [sp, #3]
10008c7e:	9b00      	ldr	r3, [sp, #0]
10008c80:	9301      	str	r3, [sp, #4]
10008c82:	2000      	movs	r0, #0
10008c84:	f89d 3004 	ldrb.w	r3, [sp, #4]
10008c88:	f363 0007 	bfi	r0, r3, #0, #8
10008c8c:	f89d 3005 	ldrb.w	r3, [sp, #5]
10008c90:	f363 200f 	bfi	r0, r3, #8, #8
10008c94:	f89d 3006 	ldrb.w	r3, [sp, #6]
10008c98:	f363 4017 	bfi	r0, r3, #16, #8
10008c9c:	f89d 3007 	ldrb.w	r3, [sp, #7]
10008ca0:	f363 601f 	bfi	r0, r3, #24, #8
10008ca4:	b002      	add	sp, #8
10008ca6:	4770      	bx	lr

10008ca8 <FusionAhrsSetHeading>:
10008ca8:	b530      	push	{r4, r5, lr}
10008caa:	ed2d 8b02 	vpush	{d8}
10008cae:	b08f      	sub	sp, #60	@ 0x3c
10008cb0:	4604      	mov	r4, r0
10008cb2:	ee08 1a10 	vmov	s16, r1
10008cb6:	ed90 6a06 	vldr	s12, [r0, #24]
10008cba:	ed90 7a09 	vldr	s14, [r0, #36]	@ 0x24
10008cbe:	ee26 6a07 	vmul.f32	s12, s12, s14
10008cc2:	edd0 6a07 	vldr	s13, [r0, #28]
10008cc6:	edd0 7a08 	vldr	s15, [r0, #32]
10008cca:	ee66 6aa7 	vmul.f32	s13, s13, s15
10008cce:	ee67 7aa7 	vmul.f32	s15, s15, s15
10008cd2:	eef6 8a00 	vmov.f32	s17, #96	@ 0x3f000000  0.5
10008cd6:	ee78 7ae7 	vsub.f32	s15, s17, s15
10008cda:	ee27 7a07 	vmul.f32	s14, s14, s14
10008cde:	ee77 7ac7 	vsub.f32	s15, s15, s14
10008ce2:	ee17 1a90 	vmov	r1, s15
10008ce6:	ee76 7a26 	vadd.f32	s15, s12, s13
10008cea:	ee17 0a90 	vmov	r0, s15
10008cee:	f7fd fb65 	bl	100063bc <__wrap_atan2f>
10008cf2:	ee07 0a90 	vmov	s15, r0
10008cf6:	ed9f 7a18 	vldr	s14, [pc, #96]	@ 10008d58 <FusionAhrsSetHeading+0xb0>
10008cfa:	ee28 8a07 	vmul.f32	s16, s16, s14
10008cfe:	ee77 7ac8 	vsub.f32	s15, s15, s16
10008d02:	ee67 7aa8 	vmul.f32	s15, s15, s17
10008d06:	ee17 5a90 	vmov	r5, s15
10008d0a:	4628      	mov	r0, r5
10008d0c:	f7fd fa0b 	bl	10006126 <__wrap_cosf>
10008d10:	900a      	str	r0, [sp, #40]	@ 0x28
10008d12:	2300      	movs	r3, #0
10008d14:	930b      	str	r3, [sp, #44]	@ 0x2c
10008d16:	930c      	str	r3, [sp, #48]	@ 0x30
10008d18:	4628      	mov	r0, r5
10008d1a:	f7fd fa01 	bl	10006120 <__wrap_sinf>
10008d1e:	ee07 0a90 	vmov	s15, r0
10008d22:	eef1 7a67 	vneg.f32	s15, s15
10008d26:	edcd 7a0d 	vstr	s15, [sp, #52]	@ 0x34
10008d2a:	ad06      	add	r5, sp, #24
10008d2c:	f10d 0c04 	add.w	ip, sp, #4
10008d30:	3418      	adds	r4, #24
10008d32:	e894 000f 	ldmia.w	r4, {r0, r1, r2, r3}
10008d36:	e88c 000f 	stmia.w	ip, {r0, r1, r2, r3}
10008d3a:	9b0d      	ldr	r3, [sp, #52]	@ 0x34
10008d3c:	9300      	str	r3, [sp, #0]
10008d3e:	ab0a      	add	r3, sp, #40	@ 0x28
10008d40:	cb0e      	ldmia	r3, {r1, r2, r3}
10008d42:	4628      	mov	r0, r5
10008d44:	f7ff f8ae 	bl	10007ea4 <FusionQuaternionMultiply>
10008d48:	e895 000f 	ldmia.w	r5, {r0, r1, r2, r3}
10008d4c:	e884 000f 	stmia.w	r4, {r0, r1, r2, r3}
10008d50:	b00f      	add	sp, #60	@ 0x3c
10008d52:	ecbd 8b02 	vpop	{d8}
10008d56:	bd30      	pop	{r4, r5, pc}
10008d58:	3c8efa35 	.word	0x3c8efa35

10008d5c <FusionAhrsUpdateNoMagnetometer>:
10008d5c:	b510      	push	{r4, lr}
10008d5e:	b090      	sub	sp, #64	@ 0x40
10008d60:	4604      	mov	r4, r0
10008d62:	f10d 0c24 	add.w	ip, sp, #36	@ 0x24
10008d66:	e88c 000e 	stmia.w	ip, {r1, r2, r3}
10008d6a:	2300      	movs	r3, #0
10008d6c:	930d      	str	r3, [sp, #52]	@ 0x34
10008d6e:	930e      	str	r3, [sp, #56]	@ 0x38
10008d70:	930f      	str	r3, [sp, #60]	@ 0x3c
10008d72:	9b15      	ldr	r3, [sp, #84]	@ 0x54
10008d74:	9306      	str	r3, [sp, #24]
10008d76:	ab03      	add	r3, sp, #12
10008d78:	aa10      	add	r2, sp, #64	@ 0x40
10008d7a:	e912 0007 	ldmdb	r2, {r0, r1, r2}
10008d7e:	e883 0007 	stmia.w	r3, {r0, r1, r2}
10008d82:	ab12      	add	r3, sp, #72	@ 0x48
10008d84:	e893 0007 	ldmia.w	r3, {r0, r1, r2}
10008d88:	e88d 0007 	stmia.w	sp, {r0, r1, r2}
10008d8c:	e89c 000e 	ldmia.w	ip, {r1, r2, r3}
10008d90:	4620      	mov	r0, r4
10008d92:	f7ff fb9f 	bl	100084d4 <FusionAhrsUpdate>
10008d96:	f894 3034 	ldrb.w	r3, [r4, #52]	@ 0x34
10008d9a:	b90b      	cbnz	r3, 10008da0 <FusionAhrsUpdateNoMagnetometer+0x44>
10008d9c:	b010      	add	sp, #64	@ 0x40
10008d9e:	bd10      	pop	{r4, pc}
10008da0:	2100      	movs	r1, #0
10008da2:	4620      	mov	r0, r4
10008da4:	f7ff ff80 	bl	10008ca8 <FusionAhrsSetHeading>
10008da8:	e7f8      	b.n	10008d9c <FusionAhrsUpdateNoMagnetometer+0x40>
10008daa:	bf00      	nop

10008dac <memset>:
10008dac:	0783      	lsls	r3, r0, #30
10008dae:	b530      	push	{r4, r5, lr}
10008db0:	d046      	beq.n	10008e40 <memset+0x94>
10008db2:	1884      	adds	r4, r0, r2
10008db4:	4684      	mov	ip, r0
10008db6:	e004      	b.n	10008dc2 <memset+0x16>
10008db8:	f803 1b01 	strb.w	r1, [r3], #1
10008dbc:	079d      	lsls	r5, r3, #30
10008dbe:	d004      	beq.n	10008dca <memset+0x1e>
10008dc0:	469c      	mov	ip, r3
10008dc2:	45a4      	cmp	ip, r4
10008dc4:	4663      	mov	r3, ip
10008dc6:	d1f7      	bne.n	10008db8 <memset+0xc>
10008dc8:	bd30      	pop	{r4, r5, pc}
10008dca:	3a01      	subs	r2, #1
10008dcc:	4402      	add	r2, r0
10008dce:	eba2 020c 	sub.w	r2, r2, ip
10008dd2:	2a03      	cmp	r2, #3
10008dd4:	d929      	bls.n	10008e2a <memset+0x7e>
10008dd6:	b2cc      	uxtb	r4, r1
10008dd8:	2a0f      	cmp	r2, #15
10008dda:	eb04 2404 	add.w	r4, r4, r4, lsl #8
10008dde:	eb04 4404 	add.w	r4, r4, r4, lsl #16
10008de2:	d92f      	bls.n	10008e44 <memset+0x98>
10008de4:	f1a2 0c10 	sub.w	ip, r2, #16
10008de8:	f103 0510 	add.w	r5, r3, #16
10008dec:	f02c 0c0f 	bic.w	ip, ip, #15
10008df0:	44ac      	add	ip, r5
10008df2:	e9c3 4400 	strd	r4, r4, [r3]
10008df6:	e9c3 4402 	strd	r4, r4, [r3, #8]
10008dfa:	3310      	adds	r3, #16
10008dfc:	4563      	cmp	r3, ip
10008dfe:	d1f8      	bne.n	10008df2 <memset+0x46>
10008e00:	f012 0f0c 	tst.w	r2, #12
10008e04:	f002 0e0f 	and.w	lr, r2, #15
10008e08:	d018      	beq.n	10008e3c <memset+0x90>
10008e0a:	f02e 0c03 	bic.w	ip, lr, #3
10008e0e:	f1ae 0504 	sub.w	r5, lr, #4
10008e12:	461a      	mov	r2, r3
10008e14:	449c      	add	ip, r3
10008e16:	f842 4b04 	str.w	r4, [r2], #4
10008e1a:	4562      	cmp	r2, ip
10008e1c:	d1fb      	bne.n	10008e16 <memset+0x6a>
10008e1e:	f025 0403 	bic.w	r4, r5, #3
10008e22:	3304      	adds	r3, #4
10008e24:	f00e 0203 	and.w	r2, lr, #3
10008e28:	4423      	add	r3, r4
10008e2a:	2a00      	cmp	r2, #0
10008e2c:	d0cc      	beq.n	10008dc8 <memset+0x1c>
10008e2e:	b2c9      	uxtb	r1, r1
10008e30:	441a      	add	r2, r3
10008e32:	f803 1b01 	strb.w	r1, [r3], #1
10008e36:	4293      	cmp	r3, r2
10008e38:	d1fb      	bne.n	10008e32 <memset+0x86>
10008e3a:	bd30      	pop	{r4, r5, pc}
10008e3c:	4672      	mov	r2, lr
10008e3e:	e7f4      	b.n	10008e2a <memset+0x7e>
10008e40:	4603      	mov	r3, r0
10008e42:	e7c6      	b.n	10008dd2 <memset+0x26>
10008e44:	4696      	mov	lr, r2
10008e46:	e7e0      	b.n	10008e0a <memset+0x5e>

10008e48 <__errno>:
10008e48:	4b01      	ldr	r3, [pc, #4]	@ (10008e50 <__errno+0x8>)
10008e4a:	6818      	ldr	r0, [r3, #0]
10008e4c:	4770      	bx	lr
10008e4e:	bf00      	nop
10008e50:	20000b04 	.word	0x20000b04

10008e54 <memcpy>:
10008e54:	4684      	mov	ip, r0
10008e56:	ea41 0300 	orr.w	r3, r1, r0
10008e5a:	f013 0303 	ands.w	r3, r3, #3
10008e5e:	d149      	bne.n	10008ef4 <memcpy+0xa0>
10008e60:	3a40      	subs	r2, #64	@ 0x40
10008e62:	d323      	bcc.n	10008eac <memcpy+0x58>
10008e64:	680b      	ldr	r3, [r1, #0]
10008e66:	6003      	str	r3, [r0, #0]
10008e68:	684b      	ldr	r3, [r1, #4]
10008e6a:	6043      	str	r3, [r0, #4]
10008e6c:	688b      	ldr	r3, [r1, #8]
10008e6e:	6083      	str	r3, [r0, #8]
10008e70:	68cb      	ldr	r3, [r1, #12]
10008e72:	60c3      	str	r3, [r0, #12]
10008e74:	690b      	ldr	r3, [r1, #16]
10008e76:	6103      	str	r3, [r0, #16]
10008e78:	694b      	ldr	r3, [r1, #20]
10008e7a:	6143      	str	r3, [r0, #20]
10008e7c:	698b      	ldr	r3, [r1, #24]
10008e7e:	6183      	str	r3, [r0, #24]
10008e80:	69cb      	ldr	r3, [r1, #28]
10008e82:	61c3      	str	r3, [r0, #28]
10008e84:	6a0b      	ldr	r3, [r1, #32]
10008e86:	6203      	str	r3, [r0, #32]
10008e88:	6a4b      	ldr	r3, [r1, #36]	@ 0x24
10008e8a:	6243      	str	r3, [r0, #36]	@ 0x24
10008e8c:	6a8b      	ldr	r3, [r1, #40]	@ 0x28
10008e8e:	6283      	str	r3, [r0, #40]	@ 0x28
10008e90:	6acb      	ldr	r3, [r1, #44]	@ 0x2c
10008e92:	62c3      	str	r3, [r0, #44]	@ 0x2c
10008e94:	6b0b      	ldr	r3, [r1, #48]	@ 0x30
10008e96:	6303      	str	r3, [r0, #48]	@ 0x30
10008e98:	6b4b      	ldr	r3, [r1, #52]	@ 0x34
10008e9a:	6343      	str	r3, [r0, #52]	@ 0x34
10008e9c:	6b8b      	ldr	r3, [r1, #56]	@ 0x38
10008e9e:	6383      	str	r3, [r0, #56]	@ 0x38
10008ea0:	6bcb      	ldr	r3, [r1, #60]	@ 0x3c
10008ea2:	63c3      	str	r3, [r0, #60]	@ 0x3c
10008ea4:	3040      	adds	r0, #64	@ 0x40
10008ea6:	3140      	adds	r1, #64	@ 0x40
10008ea8:	3a40      	subs	r2, #64	@ 0x40
10008eaa:	d2db      	bcs.n	10008e64 <memcpy+0x10>
10008eac:	3230      	adds	r2, #48	@ 0x30
10008eae:	d30b      	bcc.n	10008ec8 <memcpy+0x74>
10008eb0:	680b      	ldr	r3, [r1, #0]
10008eb2:	6003      	str	r3, [r0, #0]
10008eb4:	684b      	ldr	r3, [r1, #4]
10008eb6:	6043      	str	r3, [r0, #4]
10008eb8:	688b      	ldr	r3, [r1, #8]
10008eba:	6083      	str	r3, [r0, #8]
10008ebc:	68cb      	ldr	r3, [r1, #12]
10008ebe:	60c3      	str	r3, [r0, #12]
10008ec0:	3010      	adds	r0, #16
10008ec2:	3110      	adds	r1, #16
10008ec4:	3a10      	subs	r2, #16
10008ec6:	d2f3      	bcs.n	10008eb0 <memcpy+0x5c>
10008ec8:	320c      	adds	r2, #12
10008eca:	d305      	bcc.n	10008ed8 <memcpy+0x84>
10008ecc:	f851 3b04 	ldr.w	r3, [r1], #4
10008ed0:	f840 3b04 	str.w	r3, [r0], #4
10008ed4:	3a04      	subs	r2, #4
10008ed6:	d2f9      	bcs.n	10008ecc <memcpy+0x78>
10008ed8:	3204      	adds	r2, #4
10008eda:	d008      	beq.n	10008eee <memcpy+0x9a>
10008edc:	07d2      	lsls	r2, r2, #31
10008ede:	bf1c      	itt	ne
10008ee0:	f811 3b01 	ldrbne.w	r3, [r1], #1
10008ee4:	f800 3b01 	strbne.w	r3, [r0], #1
10008ee8:	d301      	bcc.n	10008eee <memcpy+0x9a>
10008eea:	880b      	ldrh	r3, [r1, #0]
10008eec:	8003      	strh	r3, [r0, #0]
10008eee:	4660      	mov	r0, ip
10008ef0:	4770      	bx	lr
10008ef2:	bf00      	nop
10008ef4:	2a08      	cmp	r2, #8
10008ef6:	d313      	bcc.n	10008f20 <memcpy+0xcc>
10008ef8:	078b      	lsls	r3, r1, #30
10008efa:	d0b1      	beq.n	10008e60 <memcpy+0xc>
10008efc:	f010 0303 	ands.w	r3, r0, #3
10008f00:	d0ae      	beq.n	10008e60 <memcpy+0xc>
10008f02:	f1c3 0304 	rsb	r3, r3, #4
10008f06:	1ad2      	subs	r2, r2, r3
10008f08:	07db      	lsls	r3, r3, #31
10008f0a:	bf1c      	itt	ne
10008f0c:	f811 3b01 	ldrbne.w	r3, [r1], #1
10008f10:	f800 3b01 	strbne.w	r3, [r0], #1
10008f14:	d3a4      	bcc.n	10008e60 <memcpy+0xc>
10008f16:	f831 3b02 	ldrh.w	r3, [r1], #2
10008f1a:	f820 3b02 	strh.w	r3, [r0], #2
10008f1e:	e79f      	b.n	10008e60 <memcpy+0xc>
10008f20:	3a04      	subs	r2, #4
10008f22:	d3d9      	bcc.n	10008ed8 <memcpy+0x84>
10008f24:	3a01      	subs	r2, #1
10008f26:	f811 3b01 	ldrb.w	r3, [r1], #1
10008f2a:	f800 3b01 	strb.w	r3, [r0], #1
10008f2e:	d2f9      	bcs.n	10008f24 <memcpy+0xd0>
10008f30:	780b      	ldrb	r3, [r1, #0]
10008f32:	7003      	strb	r3, [r0, #0]
10008f34:	784b      	ldrb	r3, [r1, #1]
10008f36:	7043      	strb	r3, [r0, #1]
10008f38:	788b      	ldrb	r3, [r1, #2]
10008f3a:	7083      	strb	r3, [r0, #2]
10008f3c:	4660      	mov	r0, ip
10008f3e:	4770      	bx	lr

10008f40 <strlen>:
10008f40:	f020 0103 	bic.w	r1, r0, #3
10008f44:	f010 0003 	ands.w	r0, r0, #3
10008f48:	f1c0 0000 	rsb	r0, r0, #0
10008f4c:	f851 3b04 	ldr.w	r3, [r1], #4
10008f50:	f100 0c04 	add.w	ip, r0, #4
10008f54:	ea4f 0ccc 	mov.w	ip, ip, lsl #3
10008f58:	f06f 0200 	mvn.w	r2, #0
10008f5c:	bf1c      	itt	ne
10008f5e:	fa22 f20c 	lsrne.w	r2, r2, ip
10008f62:	4313      	orrne	r3, r2
10008f64:	f04f 0c01 	mov.w	ip, #1
10008f68:	ea4c 2c0c 	orr.w	ip, ip, ip, lsl #8
10008f6c:	ea4c 4c0c 	orr.w	ip, ip, ip, lsl #16
10008f70:	eba3 020c 	sub.w	r2, r3, ip
10008f74:	ea22 0203 	bic.w	r2, r2, r3
10008f78:	ea12 12cc 	ands.w	r2, r2, ip, lsl #7
10008f7c:	bf04      	itt	eq
10008f7e:	f851 3b04 	ldreq.w	r3, [r1], #4
10008f82:	3004      	addeq	r0, #4
10008f84:	d0f4      	beq.n	10008f70 <strlen+0x30>
10008f86:	f1c2 0100 	rsb	r1, r2, #0
10008f8a:	ea02 0201 	and.w	r2, r2, r1
10008f8e:	fab2 f282 	clz	r2, r2
10008f92:	f1c2 021f 	rsb	r2, r2, #31
10008f96:	eb00 00d2 	add.w	r0, r0, r2, lsr #3
10008f9a:	4770      	bx	lr

10008f9c <_fini>:
10008f9c:	b5f8      	push	{r3, r4, r5, r6, r7, lr}
10008f9e:	bf00      	nop

10008fa0 <____aeabi_f2d_veneer>:
10008fa0:	f85f f000 	ldr.w	pc, [pc]	@ 10008fa4 <____aeabi_f2d_veneer+0x4>
10008fa4:	2000057d 	.word	0x2000057d

10008fa8 <____aeabi_uldivmod_veneer>:
10008fa8:	f85f f000 	ldr.w	pc, [pc]	@ 10008fac <____aeabi_uldivmod_veneer+0x4>
10008fac:	200006cd 	.word	0x200006cd

10008fb0 <__mutex_exit_veneer>:
10008fb0:	f85f f000 	ldr.w	pc, [pc]	@ 10008fb4 <__mutex_exit_veneer+0x4>
10008fb4:	2000020d 	.word	0x2000020d

10008fb8 <____aeabi_ldivmod_veneer>:
10008fb8:	f85f f000 	ldr.w	pc, [pc]	@ 10008fbc <____aeabi_ldivmod_veneer+0x4>
10008fbc:	2000062d 	.word	0x2000062d

10008fc0 <__mutex_try_enter_block_until_veneer>:
10008fc0:	f85f f000 	ldr.w	pc, [pc]	@ 10008fc4 <__mutex_try_enter_block_until_veneer+0x4>
10008fc4:	200001d9 	.word	0x200001d9

10008fc8 <__sqrtf_veneer>:
10008fc8:	f85f f000 	ldr.w	pc, [pc]	@ 10008fcc <__sqrtf_veneer+0x4>
10008fcc:	2000025d 	.word	0x2000025d

10008fd0 <__pre_init_runtime_init_bootrom_reset>:
10008fd0:	100050b9                                .P..

10008fd4 <__pre_init_runtime_init_early_resets>:
10008fd4:	10005031                                1P..

10008fd8 <__pre_init_runtime_init_usb_power_down>:
10008fd8:	1000505d                                ]P..

10008fdc <__pre_init_runtime_init_clocks>:
10008fdc:	10005155                                UQ..

10008fe0 <__pre_init_runtime_init_post_clock_resets>:
10008fe0:	10005099                                .P..

10008fe4 <__pre_init_runtime_init_boot_locks_reset>:
10008fe4:	100049c5                                .I..

10008fe8 <__pre_init_runtime_init_spin_locks_reset>:
10008fe8:	100050dd                                .P..

10008fec <__pre_init_runtime_init_bootrom_locking_enable>:
10008fec:	10004991                                .I..

10008ff0 <__pre_init_runtime_init_mutex>:
10008ff0:	1000403d                                =@..

10008ff4 <__pre_init_runtime_init_install_ram_vector_table>:
10008ff4:	100050e5                                .P..

10008ff8 <__pre_init_runtime_init_default_alarm_pool>:
10008ff8:	1000477d                                }G..

10008ffc <__pre_init_first_per_core_initializer>:
10008ffc:	1000501d                                .P..

10009000 <__pre_init_runtime_init_per_core_bootrom_reset>:
10009000:	100050cb                                .P..

10009004 <__pre_init_runtime_init_per_core_enable_coprocessors>:
10009004:	1000507d                                }P..

10009008 <__pre_init_spinlock_set_extexclall>:
10009008:	10003711                                .7..

1000900c <__pre_init_runtime_init_per_core_irq_priorities>:
1000900c:	1000396d                                m9..

10009010 <__frame_dummy_init_array_entry>:
10009010:	10000211 100014a9                       ........

Disassembly of section .data:

20000110 <mutex_try_enter>:
20000110:	b538      	push	{r3, r4, r5, lr}
20000112:	4604      	mov	r4, r0
20000114:	6803      	ldr	r3, [r0, #0]
20000116:	f3ef 8510 	mrs	r5, PRIMASK
2000011a:	b672      	cpsid	i
2000011c:	e8d3 0fcf 	ldaexb	r0, [r3]
20000120:	2201      	movs	r2, #1
20000122:	2800      	cmp	r0, #0
20000124:	d1fa      	bne.n	2000011c <mutex_try_enter+0xc>
20000126:	e8c3 2f40 	strexb	r0, r2, [r3]
2000012a:	2800      	cmp	r0, #0
2000012c:	d1f6      	bne.n	2000011c <mutex_try_enter+0xc>
2000012e:	f3bf 8f5f 	dmb	sy
20000132:	6863      	ldr	r3, [r4, #4]
20000134:	f1b3 3fff 	cmp.w	r3, #4294967295
20000138:	d009      	beq.n	2000014e <mutex_try_enter+0x3e>
2000013a:	b169      	cbz	r1, 20000158 <mutex_try_enter+0x48>
2000013c:	600b      	str	r3, [r1, #0]
2000013e:	2000      	movs	r0, #0
20000140:	6822      	ldr	r2, [r4, #0]
20000142:	2300      	movs	r3, #0
20000144:	e8c2 3f8f 	stlb	r3, [r2]
20000148:	f385 8810 	msr	PRIMASK, r5
2000014c:	bd38      	pop	{r3, r4, r5, pc}
2000014e:	f000 fc7f 	bl	20000a50 <__ulPortLockGetCurrentOwnerId_veneer>
20000152:	6060      	str	r0, [r4, #4]
20000154:	2001      	movs	r0, #1
20000156:	e7f3      	b.n	20000140 <mutex_try_enter+0x30>
20000158:	2000      	movs	r0, #0
2000015a:	e7f1      	b.n	20000140 <mutex_try_enter+0x30>

2000015c <mutex_enter_block_until>:
2000015c:	e92d 41f0 	stmdb	sp!, {r4, r5, r6, r7, r8, lr}
20000160:	461f      	mov	r7, r3
20000162:	6803      	ldr	r3, [r0, #0]
20000164:	b30b      	cbz	r3, 200001aa <mutex_enter_block_until+0x4e>
20000166:	4604      	mov	r4, r0
20000168:	4616      	mov	r6, r2
2000016a:	f000 fc71 	bl	20000a50 <__ulPortLockGetCurrentOwnerId_veneer>
2000016e:	4680      	mov	r8, r0
20000170:	6825      	ldr	r5, [r4, #0]
20000172:	f3ef 8110 	mrs	r1, PRIMASK
20000176:	b672      	cpsid	i
20000178:	460b      	mov	r3, r1
2000017a:	e8d5 0fcf 	ldaexb	r0, [r5]
2000017e:	2201      	movs	r2, #1
20000180:	2800      	cmp	r0, #0
20000182:	d1fa      	bne.n	2000017a <mutex_enter_block_until+0x1e>
20000184:	e8c5 2f40 	strexb	r0, r2, [r5]
20000188:	2800      	cmp	r0, #0
2000018a:	d1f6      	bne.n	2000017a <mutex_enter_block_until+0x1e>
2000018c:	f3bf 8f5f 	dmb	sy
20000190:	6865      	ldr	r5, [r4, #4]
20000192:	f1b5 3fff 	cmp.w	r5, #4294967295
20000196:	d00e      	beq.n	200001b6 <mutex_enter_block_until+0x5a>
20000198:	4632      	mov	r2, r6
2000019a:	463b      	mov	r3, r7
2000019c:	4620      	mov	r0, r4
2000019e:	f000 fc5b 	bl	20000a58 <__xPortLockInternalSpinUnlockWithBestEffortWaitOrTimeout_veneer>
200001a2:	2800      	cmp	r0, #0
200001a4:	d0e4      	beq.n	20000170 <mutex_enter_block_until+0x14>
200001a6:	2000      	movs	r0, #0
200001a8:	e00e      	b.n	200001c8 <mutex_enter_block_until+0x6c>
200001aa:	4b08      	ldr	r3, [pc, #32]	@ (200001cc <mutex_enter_block_until+0x70>)
200001ac:	4a08      	ldr	r2, [pc, #32]	@ (200001d0 <mutex_enter_block_until+0x74>)
200001ae:	21a6      	movs	r1, #166	@ 0xa6
200001b0:	4808      	ldr	r0, [pc, #32]	@ (200001d4 <mutex_enter_block_until+0x78>)
200001b2:	f000 fc55 	bl	20000a60 <____assert_func_veneer>
200001b6:	f8c4 8004 	str.w	r8, [r4, #4]
200001ba:	6821      	ldr	r1, [r4, #0]
200001bc:	2200      	movs	r2, #0
200001be:	e8c1 2f8f 	stlb	r2, [r1]
200001c2:	f383 8810 	msr	PRIMASK, r3
200001c6:	2001      	movs	r0, #1
200001c8:	e8bd 81f0 	ldmia.w	sp!, {r4, r5, r6, r7, r8, pc}
200001cc:	1000a424 	.word	0x1000a424
200001d0:	1000ac8c 	.word	0x1000ac8c
200001d4:	1000a3dc 	.word	0x1000a3dc

200001d8 <mutex_try_enter_block_until>:
200001d8:	b5f0      	push	{r4, r5, r6, r7, lr}
200001da:	b083      	sub	sp, #12
200001dc:	4607      	mov	r7, r0
200001de:	4615      	mov	r5, r2
200001e0:	461c      	mov	r4, r3
200001e2:	a901      	add	r1, sp, #4
200001e4:	f7ff ff94 	bl	20000110 <mutex_try_enter>
200001e8:	4606      	mov	r6, r0
200001ea:	b110      	cbz	r0, 200001f2 <mutex_try_enter_block_until+0x1a>
200001ec:	4630      	mov	r0, r6
200001ee:	b003      	add	sp, #12
200001f0:	bdf0      	pop	{r4, r5, r6, r7, pc}
200001f2:	f000 fc2d 	bl	20000a50 <__ulPortLockGetCurrentOwnerId_veneer>
200001f6:	9b01      	ldr	r3, [sp, #4]
200001f8:	4298      	cmp	r0, r3
200001fa:	d0f7      	beq.n	200001ec <mutex_try_enter_block_until+0x14>
200001fc:	462a      	mov	r2, r5
200001fe:	4623      	mov	r3, r4
20000200:	4638      	mov	r0, r7
20000202:	f7ff ffab 	bl	2000015c <mutex_enter_block_until>
20000206:	4606      	mov	r6, r0
20000208:	e7f0      	b.n	200001ec <mutex_try_enter_block_until+0x14>
	...

2000020c <mutex_exit>:
2000020c:	b508      	push	{r3, lr}
2000020e:	6803      	ldr	r3, [r0, #0]
20000210:	f3ef 8110 	mrs	r1, PRIMASK
20000214:	b672      	cpsid	i
20000216:	e8d3 cfcf 	ldaexb	ip, [r3]
2000021a:	2201      	movs	r2, #1
2000021c:	f1bc 0f00 	cmp.w	ip, #0
20000220:	d1f9      	bne.n	20000216 <mutex_exit+0xa>
20000222:	e8c3 2f4c 	strexb	ip, r2, [r3]
20000226:	f1bc 0f00 	cmp.w	ip, #0
2000022a:	d1f4      	bne.n	20000216 <mutex_exit+0xa>
2000022c:	f3bf 8f5f 	dmb	sy
20000230:	6843      	ldr	r3, [r0, #4]
20000232:	f1b3 3fff 	cmp.w	r3, #4294967295
20000236:	d005      	beq.n	20000244 <mutex_exit+0x38>
20000238:	f04f 33ff 	mov.w	r3, #4294967295
2000023c:	6043      	str	r3, [r0, #4]
2000023e:	f000 fc17 	bl	20000a70 <__vPortLockInternalSpinUnlockWithNotify_veneer>
20000242:	bd08      	pop	{r3, pc}
20000244:	4b02      	ldr	r3, [pc, #8]	@ (20000250 <mutex_exit+0x44>)
20000246:	4a03      	ldr	r2, [pc, #12]	@ (20000254 <mutex_exit+0x48>)
20000248:	21d5      	movs	r1, #213	@ 0xd5
2000024a:	4803      	ldr	r0, [pc, #12]	@ (20000258 <mutex_exit+0x4c>)
2000024c:	f000 fc08 	bl	20000a60 <____assert_func_veneer>
20000250:	1000a438 	.word	0x1000a438
20000254:	1000ac80 	.word	0x1000ac80
20000258:	1000a3dc 	.word	0x1000a3dc

2000025c <sqrtf>:
2000025c:	b508      	push	{r3, lr}
2000025e:	ed2d 8b02 	vpush	{d8}
20000262:	ee08 0a10 	vmov	s16, r0
20000266:	f000 f81d 	bl	200002a4 <__ieee754_sqrtf>
2000026a:	eeb4 8a48 	vcmp.f32	s16, s16
2000026e:	eef1 fa10 	vmrs	APSR_nzcv, fpscr
20000272:	d606      	bvs.n	20000282 <sqrtf+0x26>
20000274:	eddf 8a0a 	vldr	s17, [pc, #40]	@ 200002a0 <sqrtf+0x44>
20000278:	eeb4 8ae8 	vcmpe.f32	s16, s17
2000027c:	eef1 fa10 	vmrs	APSR_nzcv, fpscr
20000280:	d402      	bmi.n	20000288 <sqrtf+0x2c>
20000282:	ecbd 8b02 	vpop	{d8}
20000286:	bd08      	pop	{r3, pc}
20000288:	f000 fbee 	bl	20000a68 <____errno_veneer>
2000028c:	eec8 7aa8 	vdiv.f32	s15, s17, s17
20000290:	4603      	mov	r3, r0
20000292:	2221      	movs	r2, #33	@ 0x21
20000294:	601a      	str	r2, [r3, #0]
20000296:	ecbd 8b02 	vpop	{d8}
2000029a:	ee17 0a90 	vmov	r0, s15
2000029e:	bd08      	pop	{r3, pc}
200002a0:	00000000 	.word	0x00000000

200002a4 <__ieee754_sqrtf>:
200002a4:	ee07 0a90 	vmov	s15, r0
200002a8:	eef1 7ae7 	vsqrt.f32	s15, s15
200002ac:	ee17 0a90 	vmov	r0, s15
200002b0:	4770      	bx	lr
200002b2:	bf00      	nop

200002b4 <__aeabi_drsub>:
200002b4:	f081 4100 	eor.w	r1, r1, #2147483648	@ 0x80000000
200002b8:	e002      	b.n	200002c0 <__adddf3>
200002ba:	bf00      	nop

200002bc <__aeabi_dsub>:
200002bc:	f083 4300 	eor.w	r3, r3, #2147483648	@ 0x80000000

200002c0 <__adddf3>:
200002c0:	b530      	push	{r4, r5, lr}
200002c2:	ea4f 0441 	mov.w	r4, r1, lsl #1
200002c6:	ea4f 0543 	mov.w	r5, r3, lsl #1
200002ca:	ea94 0f05 	teq	r4, r5
200002ce:	bf08      	it	eq
200002d0:	ea90 0f02 	teqeq	r0, r2
200002d4:	bf1f      	itttt	ne
200002d6:	ea54 0c00 	orrsne.w	ip, r4, r0
200002da:	ea55 0c02 	orrsne.w	ip, r5, r2
200002de:	ea7f 5c64 	mvnsne.w	ip, r4, asr #21
200002e2:	ea7f 5c65 	mvnsne.w	ip, r5, asr #21
200002e6:	f000 80e2 	beq.w	200004ae <__adddf3+0x1ee>
200002ea:	ea4f 5454 	mov.w	r4, r4, lsr #21
200002ee:	ebd4 5555 	rsbs	r5, r4, r5, lsr #21
200002f2:	bfb8      	it	lt
200002f4:	426d      	neglt	r5, r5
200002f6:	dd0c      	ble.n	20000312 <__adddf3+0x52>
200002f8:	442c      	add	r4, r5
200002fa:	ea80 0202 	eor.w	r2, r0, r2
200002fe:	ea81 0303 	eor.w	r3, r1, r3
20000302:	ea82 0000 	eor.w	r0, r2, r0
20000306:	ea83 0101 	eor.w	r1, r3, r1
2000030a:	ea80 0202 	eor.w	r2, r0, r2
2000030e:	ea81 0303 	eor.w	r3, r1, r3
20000312:	2d36      	cmp	r5, #54	@ 0x36
20000314:	bf88      	it	hi
20000316:	bd30      	pophi	{r4, r5, pc}
20000318:	f011 4f00 	tst.w	r1, #2147483648	@ 0x80000000
2000031c:	ea4f 3101 	mov.w	r1, r1, lsl #12
20000320:	f44f 1c80 	mov.w	ip, #1048576	@ 0x100000
20000324:	ea4c 3111 	orr.w	r1, ip, r1, lsr #12
20000328:	d002      	beq.n	20000330 <__adddf3+0x70>
2000032a:	4240      	negs	r0, r0
2000032c:	eb61 0141 	sbc.w	r1, r1, r1, lsl #1
20000330:	f013 4f00 	tst.w	r3, #2147483648	@ 0x80000000
20000334:	ea4f 3303 	mov.w	r3, r3, lsl #12
20000338:	ea4c 3313 	orr.w	r3, ip, r3, lsr #12
2000033c:	d002      	beq.n	20000344 <__adddf3+0x84>
2000033e:	4252      	negs	r2, r2
20000340:	eb63 0343 	sbc.w	r3, r3, r3, lsl #1
20000344:	ea94 0f05 	teq	r4, r5
20000348:	f000 80a7 	beq.w	2000049a <__adddf3+0x1da>
2000034c:	f1a4 0401 	sub.w	r4, r4, #1
20000350:	f1d5 0e20 	rsbs	lr, r5, #32
20000354:	db0d      	blt.n	20000372 <__adddf3+0xb2>
20000356:	fa02 fc0e 	lsl.w	ip, r2, lr
2000035a:	fa22 f205 	lsr.w	r2, r2, r5
2000035e:	1880      	adds	r0, r0, r2
20000360:	f141 0100 	adc.w	r1, r1, #0
20000364:	fa03 f20e 	lsl.w	r2, r3, lr
20000368:	1880      	adds	r0, r0, r2
2000036a:	fa43 f305 	asr.w	r3, r3, r5
2000036e:	4159      	adcs	r1, r3
20000370:	e00e      	b.n	20000390 <__adddf3+0xd0>
20000372:	f1a5 0520 	sub.w	r5, r5, #32
20000376:	f10e 0e20 	add.w	lr, lr, #32
2000037a:	2a01      	cmp	r2, #1
2000037c:	fa03 fc0e 	lsl.w	ip, r3, lr
20000380:	bf28      	it	cs
20000382:	f04c 0c02 	orrcs.w	ip, ip, #2
20000386:	fa43 f305 	asr.w	r3, r3, r5
2000038a:	18c0      	adds	r0, r0, r3
2000038c:	eb51 71e3 	adcs.w	r1, r1, r3, asr #31
20000390:	f001 4500 	and.w	r5, r1, #2147483648	@ 0x80000000
20000394:	d507      	bpl.n	200003a6 <__adddf3+0xe6>
20000396:	f04f 0e00 	mov.w	lr, #0
2000039a:	f1dc 0c00 	rsbs	ip, ip, #0
2000039e:	eb7e 0000 	sbcs.w	r0, lr, r0
200003a2:	eb6e 0101 	sbc.w	r1, lr, r1
200003a6:	f5b1 1f80 	cmp.w	r1, #1048576	@ 0x100000
200003aa:	d31b      	bcc.n	200003e4 <__adddf3+0x124>
200003ac:	f5b1 1f00 	cmp.w	r1, #2097152	@ 0x200000
200003b0:	d30c      	bcc.n	200003cc <__adddf3+0x10c>
200003b2:	0849      	lsrs	r1, r1, #1
200003b4:	ea5f 0030 	movs.w	r0, r0, rrx
200003b8:	ea4f 0c3c 	mov.w	ip, ip, rrx
200003bc:	f104 0401 	add.w	r4, r4, #1
200003c0:	ea4f 5244 	mov.w	r2, r4, lsl #21
200003c4:	f512 0f80 	cmn.w	r2, #4194304	@ 0x400000
200003c8:	f080 809a 	bcs.w	20000500 <__adddf3+0x240>
200003cc:	f1bc 4f00 	cmp.w	ip, #2147483648	@ 0x80000000
200003d0:	bf08      	it	eq
200003d2:	ea5f 0c50 	movseq.w	ip, r0, lsr #1
200003d6:	f150 0000 	adcs.w	r0, r0, #0
200003da:	eb41 5104 	adc.w	r1, r1, r4, lsl #20
200003de:	ea41 0105 	orr.w	r1, r1, r5
200003e2:	bd30      	pop	{r4, r5, pc}
200003e4:	ea5f 0c4c 	movs.w	ip, ip, lsl #1
200003e8:	4140      	adcs	r0, r0
200003ea:	eb41 0101 	adc.w	r1, r1, r1
200003ee:	3c01      	subs	r4, #1
200003f0:	bf28      	it	cs
200003f2:	f5b1 1f80 	cmpcs.w	r1, #1048576	@ 0x100000
200003f6:	d2e9      	bcs.n	200003cc <__adddf3+0x10c>
200003f8:	f091 0f00 	teq	r1, #0
200003fc:	bf04      	itt	eq
200003fe:	4601      	moveq	r1, r0
20000400:	2000      	moveq	r0, #0
20000402:	fab1 f381 	clz	r3, r1
20000406:	bf08      	it	eq
20000408:	3320      	addeq	r3, #32
2000040a:	f1a3 030b 	sub.w	r3, r3, #11
2000040e:	f1b3 0220 	subs.w	r2, r3, #32
20000412:	da0c      	bge.n	2000042e <__adddf3+0x16e>
20000414:	320c      	adds	r2, #12
20000416:	dd08      	ble.n	2000042a <__adddf3+0x16a>
20000418:	f102 0c14 	add.w	ip, r2, #20
2000041c:	f1c2 020c 	rsb	r2, r2, #12
20000420:	fa01 f00c 	lsl.w	r0, r1, ip
20000424:	fa21 f102 	lsr.w	r1, r1, r2
20000428:	e00c      	b.n	20000444 <__adddf3+0x184>
2000042a:	f102 0214 	add.w	r2, r2, #20
2000042e:	bfd8      	it	le
20000430:	f1c2 0c20 	rsble	ip, r2, #32
20000434:	fa01 f102 	lsl.w	r1, r1, r2
20000438:	fa20 fc0c 	lsr.w	ip, r0, ip
2000043c:	bfdc      	itt	le
2000043e:	ea41 010c 	orrle.w	r1, r1, ip
20000442:	4090      	lslle	r0, r2
20000444:	1ae4      	subs	r4, r4, r3
20000446:	bfa2      	ittt	ge
20000448:	eb01 5104 	addge.w	r1, r1, r4, lsl #20
2000044c:	4329      	orrge	r1, r5
2000044e:	bd30      	popge	{r4, r5, pc}
20000450:	ea6f 0404 	mvn.w	r4, r4
20000454:	3c1f      	subs	r4, #31
20000456:	da1c      	bge.n	20000492 <__adddf3+0x1d2>
20000458:	340c      	adds	r4, #12
2000045a:	dc0e      	bgt.n	2000047a <__adddf3+0x1ba>
2000045c:	f104 0414 	add.w	r4, r4, #20
20000460:	f1c4 0220 	rsb	r2, r4, #32
20000464:	fa20 f004 	lsr.w	r0, r0, r4
20000468:	fa01 f302 	lsl.w	r3, r1, r2
2000046c:	ea40 0003 	orr.w	r0, r0, r3
20000470:	fa21 f304 	lsr.w	r3, r1, r4
20000474:	ea45 0103 	orr.w	r1, r5, r3
20000478:	bd30      	pop	{r4, r5, pc}
2000047a:	f1c4 040c 	rsb	r4, r4, #12
2000047e:	f1c4 0220 	rsb	r2, r4, #32
20000482:	fa20 f002 	lsr.w	r0, r0, r2
20000486:	fa01 f304 	lsl.w	r3, r1, r4
2000048a:	ea40 0003 	orr.w	r0, r0, r3
2000048e:	4629      	mov	r1, r5
20000490:	bd30      	pop	{r4, r5, pc}
20000492:	fa21 f004 	lsr.w	r0, r1, r4
20000496:	4629      	mov	r1, r5
20000498:	bd30      	pop	{r4, r5, pc}
2000049a:	f094 0f00 	teq	r4, #0
2000049e:	f483 1380 	eor.w	r3, r3, #1048576	@ 0x100000
200004a2:	bf06      	itte	eq
200004a4:	f481 1180 	eoreq.w	r1, r1, #1048576	@ 0x100000
200004a8:	3401      	addeq	r4, #1
200004aa:	3d01      	subne	r5, #1
200004ac:	e74e      	b.n	2000034c <__adddf3+0x8c>
200004ae:	ea7f 5c64 	mvns.w	ip, r4, asr #21
200004b2:	bf18      	it	ne
200004b4:	ea7f 5c65 	mvnsne.w	ip, r5, asr #21
200004b8:	d029      	beq.n	2000050e <__adddf3+0x24e>
200004ba:	ea94 0f05 	teq	r4, r5
200004be:	bf08      	it	eq
200004c0:	ea90 0f02 	teqeq	r0, r2
200004c4:	d005      	beq.n	200004d2 <__adddf3+0x212>
200004c6:	ea54 0c00 	orrs.w	ip, r4, r0
200004ca:	bf04      	itt	eq
200004cc:	4619      	moveq	r1, r3
200004ce:	4610      	moveq	r0, r2
200004d0:	bd30      	pop	{r4, r5, pc}
200004d2:	ea91 0f03 	teq	r1, r3
200004d6:	bf1e      	ittt	ne
200004d8:	2100      	movne	r1, #0
200004da:	2000      	movne	r0, #0
200004dc:	bd30      	popne	{r4, r5, pc}
200004de:	ea5f 5c54 	movs.w	ip, r4, lsr #21
200004e2:	d105      	bne.n	200004f0 <__adddf3+0x230>
200004e4:	0040      	lsls	r0, r0, #1
200004e6:	4149      	adcs	r1, r1
200004e8:	bf28      	it	cs
200004ea:	f041 4100 	orrcs.w	r1, r1, #2147483648	@ 0x80000000
200004ee:	bd30      	pop	{r4, r5, pc}
200004f0:	f514 0480 	adds.w	r4, r4, #4194304	@ 0x400000
200004f4:	bf3c      	itt	cc
200004f6:	f501 1180 	addcc.w	r1, r1, #1048576	@ 0x100000
200004fa:	bd30      	popcc	{r4, r5, pc}
200004fc:	f001 4500 	and.w	r5, r1, #2147483648	@ 0x80000000
20000500:	f045 41fe 	orr.w	r1, r5, #2130706432	@ 0x7f000000
20000504:	f441 0170 	orr.w	r1, r1, #15728640	@ 0xf00000
20000508:	f04f 0000 	mov.w	r0, #0
2000050c:	bd30      	pop	{r4, r5, pc}
2000050e:	ea7f 5c64 	mvns.w	ip, r4, asr #21
20000512:	bf1a      	itte	ne
20000514:	4619      	movne	r1, r3
20000516:	4610      	movne	r0, r2
20000518:	ea7f 5c65 	mvnseq.w	ip, r5, asr #21
2000051c:	bf1c      	itt	ne
2000051e:	460b      	movne	r3, r1
20000520:	4602      	movne	r2, r0
20000522:	ea50 3401 	orrs.w	r4, r0, r1, lsl #12
20000526:	bf06      	itte	eq
20000528:	ea52 3503 	orrseq.w	r5, r2, r3, lsl #12
2000052c:	ea91 0f03 	teqeq	r1, r3
20000530:	f441 2100 	orrne.w	r1, r1, #524288	@ 0x80000
20000534:	bd30      	pop	{r4, r5, pc}
20000536:	bf00      	nop

20000538 <__aeabi_ui2d>:
20000538:	f090 0f00 	teq	r0, #0
2000053c:	bf04      	itt	eq
2000053e:	2100      	moveq	r1, #0
20000540:	4770      	bxeq	lr
20000542:	b530      	push	{r4, r5, lr}
20000544:	f44f 6480 	mov.w	r4, #1024	@ 0x400
20000548:	f104 0432 	add.w	r4, r4, #50	@ 0x32
2000054c:	f04f 0500 	mov.w	r5, #0
20000550:	f04f 0100 	mov.w	r1, #0
20000554:	e750      	b.n	200003f8 <__adddf3+0x138>
20000556:	bf00      	nop

20000558 <__aeabi_i2d>:
20000558:	f090 0f00 	teq	r0, #0
2000055c:	bf04      	itt	eq
2000055e:	2100      	moveq	r1, #0
20000560:	4770      	bxeq	lr
20000562:	b530      	push	{r4, r5, lr}
20000564:	f44f 6480 	mov.w	r4, #1024	@ 0x400
20000568:	f104 0432 	add.w	r4, r4, #50	@ 0x32
2000056c:	f010 4500 	ands.w	r5, r0, #2147483648	@ 0x80000000
20000570:	bf48      	it	mi
20000572:	4240      	negmi	r0, r0
20000574:	f04f 0100 	mov.w	r1, #0
20000578:	e73e      	b.n	200003f8 <__adddf3+0x138>
2000057a:	bf00      	nop

2000057c <__aeabi_f2d>:
2000057c:	0042      	lsls	r2, r0, #1
2000057e:	ea4f 01e2 	mov.w	r1, r2, asr #3
20000582:	ea4f 0131 	mov.w	r1, r1, rrx
20000586:	ea4f 7002 	mov.w	r0, r2, lsl #28
2000058a:	bf1f      	itttt	ne
2000058c:	f012 437f 	andsne.w	r3, r2, #4278190080	@ 0xff000000
20000590:	f093 4f7f 	teqne	r3, #4278190080	@ 0xff000000
20000594:	f081 5160 	eorne.w	r1, r1, #939524096	@ 0x38000000
20000598:	4770      	bxne	lr
2000059a:	f032 427f 	bics.w	r2, r2, #4278190080	@ 0xff000000
2000059e:	bf08      	it	eq
200005a0:	4770      	bxeq	lr
200005a2:	f093 4f7f 	teq	r3, #4278190080	@ 0xff000000
200005a6:	bf04      	itt	eq
200005a8:	f441 2100 	orreq.w	r1, r1, #524288	@ 0x80000
200005ac:	4770      	bxeq	lr
200005ae:	b530      	push	{r4, r5, lr}
200005b0:	f44f 7460 	mov.w	r4, #896	@ 0x380
200005b4:	f001 4500 	and.w	r5, r1, #2147483648	@ 0x80000000
200005b8:	f021 4100 	bic.w	r1, r1, #2147483648	@ 0x80000000
200005bc:	e71c      	b.n	200003f8 <__adddf3+0x138>
200005be:	bf00      	nop

200005c0 <__aeabi_ul2d>:
200005c0:	ea50 0201 	orrs.w	r2, r0, r1
200005c4:	bf08      	it	eq
200005c6:	4770      	bxeq	lr
200005c8:	b530      	push	{r4, r5, lr}
200005ca:	f04f 0500 	mov.w	r5, #0
200005ce:	e00a      	b.n	200005e6 <__aeabi_l2d+0x16>

200005d0 <__aeabi_l2d>:
200005d0:	ea50 0201 	orrs.w	r2, r0, r1
200005d4:	bf08      	it	eq
200005d6:	4770      	bxeq	lr
200005d8:	b530      	push	{r4, r5, lr}
200005da:	f011 4500 	ands.w	r5, r1, #2147483648	@ 0x80000000
200005de:	d502      	bpl.n	200005e6 <__aeabi_l2d+0x16>
200005e0:	4240      	negs	r0, r0
200005e2:	eb61 0141 	sbc.w	r1, r1, r1, lsl #1
200005e6:	f44f 6480 	mov.w	r4, #1024	@ 0x400
200005ea:	f104 0432 	add.w	r4, r4, #50	@ 0x32
200005ee:	ea5f 5c91 	movs.w	ip, r1, lsr #22
200005f2:	f43f aed8 	beq.w	200003a6 <__adddf3+0xe6>
200005f6:	f04f 0203 	mov.w	r2, #3
200005fa:	ea5f 0cdc 	movs.w	ip, ip, lsr #3
200005fe:	bf18      	it	ne
20000600:	3203      	addne	r2, #3
20000602:	ea5f 0cdc 	movs.w	ip, ip, lsr #3
20000606:	bf18      	it	ne
20000608:	3203      	addne	r2, #3
2000060a:	eb02 02dc 	add.w	r2, r2, ip, lsr #3
2000060e:	f1c2 0320 	rsb	r3, r2, #32
20000612:	fa00 fc03 	lsl.w	ip, r0, r3
20000616:	fa20 f002 	lsr.w	r0, r0, r2
2000061a:	fa01 fe03 	lsl.w	lr, r1, r3
2000061e:	ea40 000e 	orr.w	r0, r0, lr
20000622:	fa21 f102 	lsr.w	r1, r1, r2
20000626:	4414      	add	r4, r2
20000628:	e6bd      	b.n	200003a6 <__adddf3+0xe6>
2000062a:	bf00      	nop

2000062c <__aeabi_ldivmod>:
2000062c:	b97b      	cbnz	r3, 2000064e <__aeabi_ldivmod+0x22>
2000062e:	b972      	cbnz	r2, 2000064e <__aeabi_ldivmod+0x22>
20000630:	2900      	cmp	r1, #0
20000632:	bfbe      	ittt	lt
20000634:	2000      	movlt	r0, #0
20000636:	f04f 4100 	movlt.w	r1, #2147483648	@ 0x80000000
2000063a:	e006      	blt.n	2000064a <__aeabi_ldivmod+0x1e>
2000063c:	bf08      	it	eq
2000063e:	2800      	cmpeq	r0, #0
20000640:	bf1c      	itt	ne
20000642:	f06f 4100 	mvnne.w	r1, #2147483648	@ 0x80000000
20000646:	f04f 30ff 	movne.w	r0, #4294967295
2000064a:	f000 b9fd 	b.w	20000a48 <__aeabi_idiv0>
2000064e:	f1ad 0c08 	sub.w	ip, sp, #8
20000652:	e96d ce04 	strd	ip, lr, [sp, #-16]!
20000656:	2900      	cmp	r1, #0
20000658:	db09      	blt.n	2000066e <__aeabi_ldivmod+0x42>
2000065a:	2b00      	cmp	r3, #0
2000065c:	db1a      	blt.n	20000694 <__aeabi_ldivmod+0x68>
2000065e:	f000 f84d 	bl	200006fc <__udivmoddi4>
20000662:	f8dd e004 	ldr.w	lr, [sp, #4]
20000666:	e9dd 2302 	ldrd	r2, r3, [sp, #8]
2000066a:	b004      	add	sp, #16
2000066c:	4770      	bx	lr
2000066e:	4240      	negs	r0, r0
20000670:	eb61 0141 	sbc.w	r1, r1, r1, lsl #1
20000674:	2b00      	cmp	r3, #0
20000676:	db1b      	blt.n	200006b0 <__aeabi_ldivmod+0x84>
20000678:	f000 f840 	bl	200006fc <__udivmoddi4>
2000067c:	f8dd e004 	ldr.w	lr, [sp, #4]
20000680:	e9dd 2302 	ldrd	r2, r3, [sp, #8]
20000684:	b004      	add	sp, #16
20000686:	4240      	negs	r0, r0
20000688:	eb61 0141 	sbc.w	r1, r1, r1, lsl #1
2000068c:	4252      	negs	r2, r2
2000068e:	eb63 0343 	sbc.w	r3, r3, r3, lsl #1
20000692:	4770      	bx	lr
20000694:	4252      	negs	r2, r2
20000696:	eb63 0343 	sbc.w	r3, r3, r3, lsl #1
2000069a:	f000 f82f 	bl	200006fc <__udivmoddi4>
2000069e:	f8dd e004 	ldr.w	lr, [sp, #4]
200006a2:	e9dd 2302 	ldrd	r2, r3, [sp, #8]
200006a6:	b004      	add	sp, #16
200006a8:	4240      	negs	r0, r0
200006aa:	eb61 0141 	sbc.w	r1, r1, r1, lsl #1
200006ae:	4770      	bx	lr
200006b0:	4252      	negs	r2, r2
200006b2:	eb63 0343 	sbc.w	r3, r3, r3, lsl #1
200006b6:	f000 f821 	bl	200006fc <__udivmoddi4>
200006ba:	f8dd e004 	ldr.w	lr, [sp, #4]
200006be:	e9dd 2302 	ldrd	r2, r3, [sp, #8]
200006c2:	b004      	add	sp, #16
200006c4:	4252      	negs	r2, r2
200006c6:	eb63 0343 	sbc.w	r3, r3, r3, lsl #1
200006ca:	4770      	bx	lr

200006cc <__aeabi_uldivmod>:
200006cc:	b953      	cbnz	r3, 200006e4 <__aeabi_uldivmod+0x18>
200006ce:	b94a      	cbnz	r2, 200006e4 <__aeabi_uldivmod+0x18>
200006d0:	2900      	cmp	r1, #0
200006d2:	bf08      	it	eq
200006d4:	2800      	cmpeq	r0, #0
200006d6:	bf1c      	itt	ne
200006d8:	f04f 31ff 	movne.w	r1, #4294967295
200006dc:	f04f 30ff 	movne.w	r0, #4294967295
200006e0:	f000 b9b2 	b.w	20000a48 <__aeabi_idiv0>
200006e4:	f1ad 0c08 	sub.w	ip, sp, #8
200006e8:	e96d ce04 	strd	ip, lr, [sp, #-16]!
200006ec:	f000 f806 	bl	200006fc <__udivmoddi4>
200006f0:	f8dd e004 	ldr.w	lr, [sp, #4]
200006f4:	e9dd 2302 	ldrd	r2, r3, [sp, #8]
200006f8:	b004      	add	sp, #16
200006fa:	4770      	bx	lr

200006fc <__udivmoddi4>:
200006fc:	e92d 4ff0 	stmdb	sp!, {r4, r5, r6, r7, r8, r9, sl, fp, lr}
20000700:	468c      	mov	ip, r1
20000702:	9e09      	ldr	r6, [sp, #36]	@ 0x24
20000704:	4604      	mov	r4, r0
20000706:	460f      	mov	r7, r1
20000708:	2b00      	cmp	r3, #0
2000070a:	d148      	bne.n	2000079e <__udivmoddi4+0xa2>
2000070c:	428a      	cmp	r2, r1
2000070e:	4615      	mov	r5, r2
20000710:	d95e      	bls.n	200007d0 <__udivmoddi4+0xd4>
20000712:	fab2 f382 	clz	r3, r2
20000716:	b13b      	cbz	r3, 20000728 <__udivmoddi4+0x2c>
20000718:	f1c3 0220 	rsb	r2, r3, #32
2000071c:	409f      	lsls	r7, r3
2000071e:	409d      	lsls	r5, r3
20000720:	409c      	lsls	r4, r3
20000722:	fa20 f202 	lsr.w	r2, r0, r2
20000726:	4317      	orrs	r7, r2
20000728:	ea4f 4e15 	mov.w	lr, r5, lsr #16
2000072c:	fa1f fc85 	uxth.w	ip, r5
20000730:	0c22      	lsrs	r2, r4, #16
20000732:	fbb7 f1fe 	udiv	r1, r7, lr
20000736:	fb0e 7711 	mls	r7, lr, r1, r7
2000073a:	fb01 f00c 	mul.w	r0, r1, ip
2000073e:	ea42 4207 	orr.w	r2, r2, r7, lsl #16
20000742:	4290      	cmp	r0, r2
20000744:	d907      	bls.n	20000756 <__udivmoddi4+0x5a>
20000746:	18aa      	adds	r2, r5, r2
20000748:	f101 37ff 	add.w	r7, r1, #4294967295
2000074c:	d202      	bcs.n	20000754 <__udivmoddi4+0x58>
2000074e:	4290      	cmp	r0, r2
20000750:	f200 8158 	bhi.w	20000a04 <__udivmoddi4+0x308>
20000754:	4639      	mov	r1, r7
20000756:	1a12      	subs	r2, r2, r0
20000758:	b2a4      	uxth	r4, r4
2000075a:	fbb2 f0fe 	udiv	r0, r2, lr
2000075e:	fb0e 2210 	mls	r2, lr, r0, r2
20000762:	fb00 fc0c 	mul.w	ip, r0, ip
20000766:	ea44 4402 	orr.w	r4, r4, r2, lsl #16
2000076a:	45a4      	cmp	ip, r4
2000076c:	d90b      	bls.n	20000786 <__udivmoddi4+0x8a>
2000076e:	192c      	adds	r4, r5, r4
20000770:	f100 32ff 	add.w	r2, r0, #4294967295
20000774:	bf2c      	ite	cs
20000776:	2701      	movcs	r7, #1
20000778:	2700      	movcc	r7, #0
2000077a:	45a4      	cmp	ip, r4
2000077c:	d902      	bls.n	20000784 <__udivmoddi4+0x88>
2000077e:	2f00      	cmp	r7, #0
20000780:	f000 8143 	beq.w	20000a0a <__udivmoddi4+0x30e>
20000784:	4610      	mov	r0, r2
20000786:	ea40 4001 	orr.w	r0, r0, r1, lsl #16
2000078a:	eba4 040c 	sub.w	r4, r4, ip
2000078e:	2100      	movs	r1, #0
20000790:	b11e      	cbz	r6, 2000079a <__udivmoddi4+0x9e>
20000792:	40dc      	lsrs	r4, r3
20000794:	2300      	movs	r3, #0
20000796:	e9c6 4300 	strd	r4, r3, [r6]
2000079a:	e8bd 8ff0 	ldmia.w	sp!, {r4, r5, r6, r7, r8, r9, sl, fp, pc}
2000079e:	428b      	cmp	r3, r1
200007a0:	d906      	bls.n	200007b0 <__udivmoddi4+0xb4>
200007a2:	b10e      	cbz	r6, 200007a8 <__udivmoddi4+0xac>
200007a4:	e9c6 0100 	strd	r0, r1, [r6]
200007a8:	2100      	movs	r1, #0
200007aa:	4608      	mov	r0, r1
200007ac:	e8bd 8ff0 	ldmia.w	sp!, {r4, r5, r6, r7, r8, r9, sl, fp, pc}
200007b0:	fab3 f183 	clz	r1, r3
200007b4:	2900      	cmp	r1, #0
200007b6:	d151      	bne.n	2000085c <__udivmoddi4+0x160>
200007b8:	4563      	cmp	r3, ip
200007ba:	f0c0 8116 	bcc.w	200009ea <__udivmoddi4+0x2ee>
200007be:	4282      	cmp	r2, r0
200007c0:	f240 8113 	bls.w	200009ea <__udivmoddi4+0x2ee>
200007c4:	4608      	mov	r0, r1
200007c6:	2e00      	cmp	r6, #0
200007c8:	d0e7      	beq.n	2000079a <__udivmoddi4+0x9e>
200007ca:	e9c6 4700 	strd	r4, r7, [r6]
200007ce:	e7e4      	b.n	2000079a <__udivmoddi4+0x9e>
200007d0:	2a00      	cmp	r2, #0
200007d2:	f000 80af 	beq.w	20000934 <__udivmoddi4+0x238>
200007d6:	fab2 f382 	clz	r3, r2
200007da:	2b00      	cmp	r3, #0
200007dc:	f040 80c2 	bne.w	20000964 <__udivmoddi4+0x268>
200007e0:	1a8a      	subs	r2, r1, r2
200007e2:	ea4f 4e15 	mov.w	lr, r5, lsr #16
200007e6:	b2af      	uxth	r7, r5
200007e8:	2101      	movs	r1, #1
200007ea:	0c20      	lsrs	r0, r4, #16
200007ec:	fbb2 fcfe 	udiv	ip, r2, lr
200007f0:	fb0e 221c 	mls	r2, lr, ip, r2
200007f4:	ea40 4202 	orr.w	r2, r0, r2, lsl #16
200007f8:	fb07 f00c 	mul.w	r0, r7, ip
200007fc:	4290      	cmp	r0, r2
200007fe:	d90e      	bls.n	2000081e <__udivmoddi4+0x122>
20000800:	18aa      	adds	r2, r5, r2
20000802:	f10c 38ff 	add.w	r8, ip, #4294967295
20000806:	bf2c      	ite	cs
20000808:	f04f 0901 	movcs.w	r9, #1
2000080c:	f04f 0900 	movcc.w	r9, #0
20000810:	4290      	cmp	r0, r2
20000812:	d903      	bls.n	2000081c <__udivmoddi4+0x120>
20000814:	f1b9 0f00 	cmp.w	r9, #0
20000818:	f000 80f0 	beq.w	200009fc <__udivmoddi4+0x300>
2000081c:	46c4      	mov	ip, r8
2000081e:	1a12      	subs	r2, r2, r0
20000820:	b2a4      	uxth	r4, r4
20000822:	fbb2 f0fe 	udiv	r0, r2, lr
20000826:	fb0e 2210 	mls	r2, lr, r0, r2
2000082a:	fb00 f707 	mul.w	r7, r0, r7
2000082e:	ea44 4402 	orr.w	r4, r4, r2, lsl #16
20000832:	42a7      	cmp	r7, r4
20000834:	d90e      	bls.n	20000854 <__udivmoddi4+0x158>
20000836:	192c      	adds	r4, r5, r4
20000838:	f100 32ff 	add.w	r2, r0, #4294967295
2000083c:	bf2c      	ite	cs
2000083e:	f04f 0e01 	movcs.w	lr, #1
20000842:	f04f 0e00 	movcc.w	lr, #0
20000846:	42a7      	cmp	r7, r4
20000848:	d903      	bls.n	20000852 <__udivmoddi4+0x156>
2000084a:	f1be 0f00 	cmp.w	lr, #0
2000084e:	f000 80d2 	beq.w	200009f6 <__udivmoddi4+0x2fa>
20000852:	4610      	mov	r0, r2
20000854:	1be4      	subs	r4, r4, r7
20000856:	ea40 400c 	orr.w	r0, r0, ip, lsl #16
2000085a:	e799      	b.n	20000790 <__udivmoddi4+0x94>
2000085c:	f1c1 0520 	rsb	r5, r1, #32
20000860:	408b      	lsls	r3, r1
20000862:	fa0c f401 	lsl.w	r4, ip, r1
20000866:	fa00 f901 	lsl.w	r9, r0, r1
2000086a:	fa22 f705 	lsr.w	r7, r2, r5
2000086e:	fa2c fc05 	lsr.w	ip, ip, r5
20000872:	408a      	lsls	r2, r1
20000874:	431f      	orrs	r7, r3
20000876:	fa20 f305 	lsr.w	r3, r0, r5
2000087a:	0c38      	lsrs	r0, r7, #16
2000087c:	4323      	orrs	r3, r4
2000087e:	fa1f fe87 	uxth.w	lr, r7
20000882:	0c1c      	lsrs	r4, r3, #16
20000884:	fbbc f8f0 	udiv	r8, ip, r0
20000888:	fb00 cc18 	mls	ip, r0, r8, ip
2000088c:	ea44 440c 	orr.w	r4, r4, ip, lsl #16
20000890:	fb08 fc0e 	mul.w	ip, r8, lr
20000894:	45a4      	cmp	ip, r4
20000896:	d90e      	bls.n	200008b6 <__udivmoddi4+0x1ba>
20000898:	193c      	adds	r4, r7, r4
2000089a:	f108 3aff 	add.w	sl, r8, #4294967295
2000089e:	bf2c      	ite	cs
200008a0:	f04f 0b01 	movcs.w	fp, #1
200008a4:	f04f 0b00 	movcc.w	fp, #0
200008a8:	45a4      	cmp	ip, r4
200008aa:	d903      	bls.n	200008b4 <__udivmoddi4+0x1b8>
200008ac:	f1bb 0f00 	cmp.w	fp, #0
200008b0:	f000 80b8 	beq.w	20000a24 <__udivmoddi4+0x328>
200008b4:	46d0      	mov	r8, sl
200008b6:	eba4 040c 	sub.w	r4, r4, ip
200008ba:	fa1f fc83 	uxth.w	ip, r3
200008be:	fbb4 f3f0 	udiv	r3, r4, r0
200008c2:	fb00 4413 	mls	r4, r0, r3, r4
200008c6:	fb03 fe0e 	mul.w	lr, r3, lr
200008ca:	ea4c 4404 	orr.w	r4, ip, r4, lsl #16
200008ce:	45a6      	cmp	lr, r4
200008d0:	d90e      	bls.n	200008f0 <__udivmoddi4+0x1f4>
200008d2:	193c      	adds	r4, r7, r4
200008d4:	f103 30ff 	add.w	r0, r3, #4294967295
200008d8:	bf2c      	ite	cs
200008da:	f04f 0c01 	movcs.w	ip, #1
200008de:	f04f 0c00 	movcc.w	ip, #0
200008e2:	45a6      	cmp	lr, r4
200008e4:	d903      	bls.n	200008ee <__udivmoddi4+0x1f2>
200008e6:	f1bc 0f00 	cmp.w	ip, #0
200008ea:	f000 809f 	beq.w	20000a2c <__udivmoddi4+0x330>
200008ee:	4603      	mov	r3, r0
200008f0:	ea43 4008 	orr.w	r0, r3, r8, lsl #16
200008f4:	eba4 040e 	sub.w	r4, r4, lr
200008f8:	fba0 ec02 	umull	lr, ip, r0, r2
200008fc:	4564      	cmp	r4, ip
200008fe:	4673      	mov	r3, lr
20000900:	46e0      	mov	r8, ip
20000902:	d302      	bcc.n	2000090a <__udivmoddi4+0x20e>
20000904:	d107      	bne.n	20000916 <__udivmoddi4+0x21a>
20000906:	45f1      	cmp	r9, lr
20000908:	d205      	bcs.n	20000916 <__udivmoddi4+0x21a>
2000090a:	ebbe 0302 	subs.w	r3, lr, r2
2000090e:	eb6c 0c07 	sbc.w	ip, ip, r7
20000912:	3801      	subs	r0, #1
20000914:	46e0      	mov	r8, ip
20000916:	b15e      	cbz	r6, 20000930 <__udivmoddi4+0x234>
20000918:	ebb9 0203 	subs.w	r2, r9, r3
2000091c:	eb64 0408 	sbc.w	r4, r4, r8
20000920:	fa04 f505 	lsl.w	r5, r4, r5
20000924:	fa22 f301 	lsr.w	r3, r2, r1
20000928:	40cc      	lsrs	r4, r1
2000092a:	431d      	orrs	r5, r3
2000092c:	e9c6 5400 	strd	r5, r4, [r6]
20000930:	2100      	movs	r1, #0
20000932:	e732      	b.n	2000079a <__udivmoddi4+0x9e>
20000934:	0842      	lsrs	r2, r0, #1
20000936:	462f      	mov	r7, r5
20000938:	084b      	lsrs	r3, r1, #1
2000093a:	46ac      	mov	ip, r5
2000093c:	ea42 72c1 	orr.w	r2, r2, r1, lsl #31
20000940:	46ae      	mov	lr, r5
20000942:	07c4      	lsls	r4, r0, #31
20000944:	0c11      	lsrs	r1, r2, #16
20000946:	b292      	uxth	r2, r2
20000948:	ea41 4103 	orr.w	r1, r1, r3, lsl #16
2000094c:	ea42 4201 	orr.w	r2, r2, r1, lsl #16
20000950:	fbb1 f1f5 	udiv	r1, r1, r5
20000954:	fbb3 f0f5 	udiv	r0, r3, r5
20000958:	231f      	movs	r3, #31
2000095a:	eba2 020c 	sub.w	r2, r2, ip
2000095e:	ea41 4100 	orr.w	r1, r1, r0, lsl #16
20000962:	e742      	b.n	200007ea <__udivmoddi4+0xee>
20000964:	409d      	lsls	r5, r3
20000966:	f1c3 0220 	rsb	r2, r3, #32
2000096a:	4099      	lsls	r1, r3
2000096c:	409c      	lsls	r4, r3
2000096e:	fa2c fc02 	lsr.w	ip, ip, r2
20000972:	ea4f 4e15 	mov.w	lr, r5, lsr #16
20000976:	fa20 f202 	lsr.w	r2, r0, r2
2000097a:	b2af      	uxth	r7, r5
2000097c:	fbbc f8fe 	udiv	r8, ip, lr
20000980:	430a      	orrs	r2, r1
20000982:	fb0e cc18 	mls	ip, lr, r8, ip
20000986:	0c11      	lsrs	r1, r2, #16
20000988:	ea41 410c 	orr.w	r1, r1, ip, lsl #16
2000098c:	fb08 fc07 	mul.w	ip, r8, r7
20000990:	458c      	cmp	ip, r1
20000992:	d950      	bls.n	20000a36 <__udivmoddi4+0x33a>
20000994:	1869      	adds	r1, r5, r1
20000996:	f108 30ff 	add.w	r0, r8, #4294967295
2000099a:	bf2c      	ite	cs
2000099c:	f04f 0901 	movcs.w	r9, #1
200009a0:	f04f 0900 	movcc.w	r9, #0
200009a4:	458c      	cmp	ip, r1
200009a6:	d902      	bls.n	200009ae <__udivmoddi4+0x2b2>
200009a8:	f1b9 0f00 	cmp.w	r9, #0
200009ac:	d030      	beq.n	20000a10 <__udivmoddi4+0x314>
200009ae:	eba1 010c 	sub.w	r1, r1, ip
200009b2:	fbb1 f8fe 	udiv	r8, r1, lr
200009b6:	fb08 fc07 	mul.w	ip, r8, r7
200009ba:	fb0e 1118 	mls	r1, lr, r8, r1
200009be:	b292      	uxth	r2, r2
200009c0:	ea42 4201 	orr.w	r2, r2, r1, lsl #16
200009c4:	4562      	cmp	r2, ip
200009c6:	d234      	bcs.n	20000a32 <__udivmoddi4+0x336>
200009c8:	18aa      	adds	r2, r5, r2
200009ca:	f108 31ff 	add.w	r1, r8, #4294967295
200009ce:	bf2c      	ite	cs
200009d0:	f04f 0901 	movcs.w	r9, #1
200009d4:	f04f 0900 	movcc.w	r9, #0
200009d8:	4562      	cmp	r2, ip
200009da:	d2be      	bcs.n	2000095a <__udivmoddi4+0x25e>
200009dc:	f1b9 0f00 	cmp.w	r9, #0
200009e0:	d1bb      	bne.n	2000095a <__udivmoddi4+0x25e>
200009e2:	f1a8 0102 	sub.w	r1, r8, #2
200009e6:	442a      	add	r2, r5
200009e8:	e7b7      	b.n	2000095a <__udivmoddi4+0x25e>
200009ea:	1a84      	subs	r4, r0, r2
200009ec:	eb6c 0203 	sbc.w	r2, ip, r3
200009f0:	2001      	movs	r0, #1
200009f2:	4617      	mov	r7, r2
200009f4:	e6e7      	b.n	200007c6 <__udivmoddi4+0xca>
200009f6:	442c      	add	r4, r5
200009f8:	3802      	subs	r0, #2
200009fa:	e72b      	b.n	20000854 <__udivmoddi4+0x158>
200009fc:	f1ac 0c02 	sub.w	ip, ip, #2
20000a00:	442a      	add	r2, r5
20000a02:	e70c      	b.n	2000081e <__udivmoddi4+0x122>
20000a04:	3902      	subs	r1, #2
20000a06:	442a      	add	r2, r5
20000a08:	e6a5      	b.n	20000756 <__udivmoddi4+0x5a>
20000a0a:	442c      	add	r4, r5
20000a0c:	3802      	subs	r0, #2
20000a0e:	e6ba      	b.n	20000786 <__udivmoddi4+0x8a>
20000a10:	eba5 0c0c 	sub.w	ip, r5, ip
20000a14:	f1a8 0002 	sub.w	r0, r8, #2
20000a18:	4461      	add	r1, ip
20000a1a:	fbb1 f8fe 	udiv	r8, r1, lr
20000a1e:	fb08 fc07 	mul.w	ip, r8, r7
20000a22:	e7ca      	b.n	200009ba <__udivmoddi4+0x2be>
20000a24:	f1a8 0802 	sub.w	r8, r8, #2
20000a28:	443c      	add	r4, r7
20000a2a:	e744      	b.n	200008b6 <__udivmoddi4+0x1ba>
20000a2c:	3b02      	subs	r3, #2
20000a2e:	443c      	add	r4, r7
20000a30:	e75e      	b.n	200008f0 <__udivmoddi4+0x1f4>
20000a32:	4641      	mov	r1, r8
20000a34:	e791      	b.n	2000095a <__udivmoddi4+0x25e>
20000a36:	eba1 010c 	sub.w	r1, r1, ip
20000a3a:	4640      	mov	r0, r8
20000a3c:	fbb1 f8fe 	udiv	r8, r1, lr
20000a40:	fb08 fc07 	mul.w	ip, r8, r7
20000a44:	e7b9      	b.n	200009ba <__udivmoddi4+0x2be>
20000a46:	bf00      	nop

20000a48 <__aeabi_idiv0>:
20000a48:	4770      	bx	lr
20000a4a:	bf00      	nop
20000a4c:	0000      	movs	r0, r0
	...

20000a50 <__ulPortLockGetCurrentOwnerId_veneer>:
20000a50:	f85f f000 	ldr.w	pc, [pc]	@ 20000a54 <__ulPortLockGetCurrentOwnerId_veneer+0x4>
20000a54:	10001291 	.word	0x10001291

20000a58 <__xPortLockInternalSpinUnlockWithBestEffortWaitOrTimeout_veneer>:
20000a58:	f85f f000 	ldr.w	pc, [pc]	@ 20000a5c <__xPortLockInternalSpinUnlockWithBestEffortWaitOrTimeout_veneer+0x4>
20000a5c:	100013b9 	.word	0x100013b9

20000a60 <____assert_func_veneer>:
20000a60:	f85f f000 	ldr.w	pc, [pc]	@ 20000a64 <____assert_func_veneer+0x4>
20000a64:	10007831 	.word	0x10007831

20000a68 <____errno_veneer>:
20000a68:	f85f f000 	ldr.w	pc, [pc]	@ 20000a6c <____errno_veneer+0x4>
20000a6c:	10008e49 	.word	0x10008e49

20000a70 <__vPortLockInternalSpinUnlockWithNotify_veneer>:
20000a70:	f85f f000 	ldr.w	pc, [pc]	@ 20000a74 <__vPortLockInternalSpinUnlockWithNotify_veneer+0x4>
20000a74:	100012bd 	.word	0x100012bd

20000a78 <cDoorbellNum>:
20000a78:	                                         .

20000a79 <ucPrimaryCoreNum>:
20000a79:	                                         ...

20000a7c <ulCriticalNesting>:
20000a7c:	aaaaaaaa                                ....

20000a80 <striped_spin_lock_num>:
20000a80:	00000010                                ....

20000a84 <irq_handler_chain_slots>:
20000a84:	00000000 	.word	0x00000000
20000a88:	00010000 	.word	0x00010000
	...
20000a94:	00020000 	.word	0x00020000
	...
20000aa0:	00030000 	.word	0x00030000
	...
20000aac:	00ff0000 	.word	0x00ff0000
20000ab0:	00000000 	.word	0x00000000

20000ab4 <irq_handler_chain_first_slot>:
20000ab4:	b501      	push	{r0, lr}
20000ab6:	6848      	ldr	r0, [r1, #4]
20000ab8:	3101      	adds	r1, #1
20000aba:	468e      	mov	lr, r1
20000abc:	4700      	bx	r0

20000abe <irq_handler_chain_remove_tail>:
20000abe:	4670      	mov	r0, lr
20000ac0:	3809      	subs	r0, #9
20000ac2:	4901      	ldr	r1, [pc, #4]	@ (20000ac8 <irq_handler_chain_remove_tail+0xa>)
20000ac4:	4788      	blx	r1
20000ac6:	bd01      	pop	{r0, pc}
20000ac8:	10003efd 	.word	0x10003efd

20000acc <default_alarm_pool>:
	...
20000ae0:	20000c58                                X.. 

20000ae4 <i2c0_inst>:
20000ae4:	40090000 00000000                       ...@....

20000aec <stdio_uart>:
20000aec:	10007bd5 10007c6d 10007bf5 10007c81     .{..m|...{...|..
20000afc:	00000000 00000100                       ........

20000b04 <_impure_ptr>:
20000b04:	20000b08                                ... 

20000b08 <_impure_data>:
20000b08:	00000000 20000dd8 20000e40 20000ea8     ....... @.. ... 
	...
20000ba0:	00000001 00000000 abcd330e e66d1234     .........3..4.m.
20000bb0:	0005deec 0000000b 00000000 00000000     ................
	...

20000c48 <malloc_mutex>:
	...

20000c50 <print_mutex>:
	...
