:020000041000EA
:10000000002008205D0100101B0100101D010010E0
:100010001101001011010010110100101101001058
:100020001901001019010010190100101F01001022
:10003000110100101901001021010010230100100E
:100040001101001011010010110100101101001028
:100050001101001011010010110100101101001018
:100060001101001011010010110100101101001008
:1000700011010010110100101101001011010010F8
:1000800011010010110100101101001011010010E8
:1000900011010010110100101101001011010010D8
:1000A00011010010110100101101001011010010C8
:1000B00011010010110100101101001011010010B8
:1000C00011010010110100101101001011010010A8
:1000D0001101001011010010110100101101001098
:1000E0001101001011010010110100101101001088
:1000F0001101001011010010110100101101001078
:100100001101001011010010110100101101001067
:10011000EFF30580103800BE00BE00BE00BE00BE7A
:1001200000BE00BEF2EB887110AE001038AE0010B9
:10013000A001001090A31AE7D3DEFFFF42012110B7
:10014000FF01000048B80000793512AB4FF0000005
:100150001E49086006C881F3088810474FF05040D8
:10016000006810B14FF00000F2E70DA40ECC00299A
:1001700002D000F012F8F9E71549164A002000E015
:1001800001C19142FCD11449884714498847144958
:10019000884700BEFDE701C901C29A42FBD3704700
:1001A00038AE001010010020580C002080B900105B
:1001B000000008200000082080B90010001008206E
:1001C00000100820000000007047000008ED00E06B
:1001D000580C0020B0130220657800109D0A001012
:1001E00029780010F8B500BF064B0749C91A8910D5
:1001F00048BF0131491003D0044B0BB101481847E7
:10020000704700BF580C0020580C00200000000070
:1002100008B5054B1BB105490548AFF30080BDE8A3
:100220000840FFF7E1BF00BF000000008C0F002076
:100230001890001010B584B004464FF4E1313648F0
:1002400004F0B2FE0221002003F0DAFA02210120BC
:1002500003F0D6FA50E0304B9B6913F0200FFAD12F
:10026000134613F8010B2C4A106001311A4600297D
:10027000F1D09DF808308DF8073000210DF107020C
:100280000BE0254B9B6913F0200FFAD1134613F8AE
:10029000010B214A106001311A460029F1D0039B5D
:1002A0001FFA83FC8DF8073000210DF107020BE0E7
:1002B000194B9B6913F0200FFAD1134613F8010B69
:1002C000154A106001311A460029F1D04FEA1C236B
:1002D0008DF8073000210DF107020BE00E4B9B69F2
:1002E00013F0200FFAD1134613F8010B0A4A1060DD
:1002F00001311A460029F1D04FF0FF3202A9204601
:1003000001F004FE0028F7D0FF238DF8073000210C
:100310000DF10702ABE700BF0000074000B585B054
:100320006B23ADF80C3000230093022303AA68214D
:10033000024804F0A1FD05B05DF804FBE40A0020CA
:100340002DE9F04186B007460D4616463B238DF851
:100350000F30DFF8D880012300930DF10F026821E0
:10036000404604F089FD00240094062304AA682175
:10037000404604F08DFD23460EE05A0006A901EB2D
:10038000430111F8081C19326A4412F8082C42EA99
:10039000012227F813200133022BEEDD43238DF8D1
:1003A0000F30224F012300930DF10F0268213846D0
:1003B00004F062FD00240094062304AA6821384654
:1003C00004F066FD234610E0580006AA02EB430243
:1003D00012F8081C00F119020DEB020010F8082CAD
:1003E00042EA012225F813200133022BECDD4123E0
:1003F0008DF80F300D4C012300930DF10F02682191
:10040000204604F039FD00230093022304AA68214A
:10041000204604F03DFD9DF810209DF8113043EA80
:100420000223338006B0BDE8F08100BFE40A00205B
:10043000F0B52DED028B89B00546284807F03CFB4E
:1004400000249FED278AF0EE488A1FE00DF10E028E
:1004500004A906A8FFF774FFBDF9103007EE903A23
:10046000F8EEE77A9FED1F7AC7EE876A78EEA68AE4
:10047000BDF9143007EE903AF8EEE77AC7EE876AD6
:1004800038EE268A0A2002F00BFB0134B4F5FA7F1D
:10049000DCDB9FED157AC8EE877AC5ED007AC8EEF1
:1004A000078AC5ED018A17EE900A08F079FD064625
:1004B0000F4618EE900A08F073FDCDE900013246B0
:1004C0003B460A4807F028FB0F234FF0000242EC9E
:1004D0004030284609B0BDEC028BF0BD18900010EA
:1004E00000000000000003430000FA435090001099
:1004F00030B52DED028BB3B005460A2007F0CDFADA
:10050000C44C204607F0D8FAC34807F0D5FA204675
:1005100007F0D2FAC14807F0CFFA0A2007F0BDFA77
:10052000BF4807F0C9FABF4807F0C6FABE4807F04F
:10053000C3FABE4807F0C0FABD4807F0BDFABD488F
:1005400007F0BAFA0A2007F0A8FABB4807F0B4FA95
:10055000BA4807F0B1FABA4807F0AEFAB94807F05E
:10056000ABFAB94807F0A8FAB84807F0A5FAB849B5
:10057000B84804F057FC0321042003F041F903219B
:10058000052003F03DF900220121042003F054F975
:1005900000220121052003F04FF9FFF7BFFE30A82C
:1005A000FFF746FF0EA807F07DFF02F0AFF80B90B3
:1005B000002492E084F001040F2344EC4030A6486C
:1005C00007F07AFA64B1A549A54807F0A5FA4CB13D
:1005D000A449A54807F0A0FAA44807F06DFA84E002
:1005E000A349F1E7A349F4E7A34807F065FA062316
:1005F0000C9301230D9300231A460CA9284601F001
:10060000B5FA9E4807F058FA77E09D4807F054FA8B
:1006100003230C9301230D9300231A460CA92846AB
:1006200001F0A4FA974807F047FA6DE0964807F002
:1006300043FA07230C9301230D9300231A460CA9B8
:10064000284601F093FA914807F036FA63E0B1EEDC
:10065000007A68EE877A28EE478A00230C939FED94
:100660008C7AF4EEC77AF1EE10FA00F3C8809FEDB1
:10067000897AF4EEC77AF1EE10FA00F1C380FDEE4C
:10068000E77A17EE903A1BB20D9300231A460CA995
:10069000284601F06BFA01230C93DFED7D7AB4EE6E
:1006A000E78AF1EE10FA00F3AF80DFED7A7AB4EE6C
:1006B000E78AF1EE10FA00F1AA80BDEEC88A18EEC2
:1006C000103A1BB20D9300231A460CA9284601F0DC
:1006D0004DFA0A210BA802F08DF900216E4B186823
:1006E00001F0B8FC01283FF465AF00216B4B18689E
:1006F00001F0B0FC01283FF477AF0021684B186887
:1007000001F0A8FC012880D00021664B186801F098
:10071000A1FC01288AD0002CDBD00DF1AE022CA95F
:100720002EA8FFF70DFEBDF9B03007EE903AF8EEB7
:10073000E77A9FED5D7A87EE876ADDED307A76EEB7
:10074000678ABDF9B43007EE903AF8EEE77AC7EE63
:10075000876A9DED318A36EEC88A8DED056ACDED4A
:10076000066ABDF9B23007EE903AF8EEE77AC7EEC6
:10077000876ACDED076ABDF9B83007EE903AF8EE1A
:10078000E77A9FED4A7A67EE877ACDED087ABDF970
:10079000BC3007EE903AF8EEE77A67EE877ACDED57
:1007A000097ABDF9BA3007EE903AF8EEE77A67EECB
:1007B000877ACDED0A7A3E4B039308AB93E80700A6
:1007C0008DE8070005AB0ECB0EA808F0C7FAB0EE17
:1007D000E87AF3EE047AB4EEE77AF1EE10FA01D596
:1007E000DFED348AF0EEC87AB3EE047AF4EEC77A1D
:1007F000F1EE10FA7FF52BAF9FED2E8A27E747F633
:10080000FF7341E72C4B3FE747F6FF735AE72A4B4C
:1008100058E700BFAC900010D89000100091001075
:1008200028910010489100107091001090910010D4
:10083000AC910010D0910010F891001010920010AF
:100840003492001050920010709200108C920010A0
:10085000801A0600E40A0020B89200108890001068
:10086000E49200109C900010FC9200100C93001079
:1008700090900010A4900010389300105C9300102A
:100880008C930010B8930010E09300100C940010AB
:1008900000FEFF46000000C774120020740F002005
:1008A0006C12002068120020000003430000803812
:1008B0000AD7233C000000000080FFFF2DE9F0472D
:1008C0000E2003F032F84FF00E0A002545EC44A04C
:1008D0002A460121504602F0AFFF0C2003F025F814
:1008E0004FF00C0945EC44902A460121484602F09D
:1008F000A3FF0B2003F019F84FF00B0845EC4480E0
:100900002A460121404602F097FF0A2003F00DF825
:100910000A2745EC44702A460121384602F08CFF34
:100920000F2003F002F80F23012444EC443045EC7F
:100930004030194B22460421504602F0E3FF224684
:100940000421484602F094FF22460421404602F06A
:100950008FFF22460421384602F08AFF03222946EF
:10096000204601F0D3F80D4B18600322294620469B
:1009700001F0CCF80A4B186003222946204601F00A
:10098000C5F8084B186003222946204601F0BEF83E
:10099000054B1860BDE8F087AD0900107412002007
:1009A0006C12002068120020740F002030B583B054
:1009B00004460D4603F038FFC1B14FF47A720023AC
:1009C00008F0F2FA002201920C2C14D00B2C22D049
:1009D0000E2C30D00A2C3ED0019B2BB14FF0E023DF
:1009E0004FF08052C3F8042D03B030BD224BA3FB5F
:1009F00000239809E6E715F0040FE7D01F4A1268B4
:100A0000821A502AE8D91D4A106001A91C4B1868A7
:100A100001F002FAE0E715F0040FD9D0194A126884
:100A2000821A502AD8D9174A106001A9164B1868A3
:100A300001F0F2F9D0E715F0040FCBD0134A126899
:100A4000821A502AC8D9114A106001A9104B18689F
:100A500001F0E2F9C0E715F0040FBDD00D4A1268AD
:100A6000821A502AB8D90B4A106001A90A4B18689B
:100A700001F0D2F9B0E700BFD34D6210880F00201B
:100A8000741200207C0F0020740F0020840F0020BF
:100A90006C120020800F00206812002070B582B018
:100AA00006F0F6FF002208210A2001F02FF8044684
:100AB000FFF704FF002601960125009523464FF419
:100AC00000520849084801F0A9FD01960095234607
:100AD0004FF480620549064801F0A0FD01F0DAFDFF
:100AE000FEE700BF38940010F10400104894001095
:100AF000350200100FB400B583B0049C074806F01F
:100B0000DBFF3CB105A90191204606F0E5FF044852
:100B100006F0D2FF012006F085FE00BF54940010BD
:100B2000B4920010104A12F0070F1AD0D11D21F014
:100B30000701C1F5003313440A460C480260002146
:100B400041601344083B23F00703094803605960E0
:100B50001960991A51601360064B1960064B1960B1
:100B600070474FF40033E8E7801200206C13022036
:100B7000D40F0020FC120220F012022010B51B4BF3
:100B800019461B688342FBD3184A914205D0184A84
:100B9000914211D3174A91420ED84A6801EB020CD8
:100BA000844510D0426800EB020C634510D003600E
:100BB000884200D0086010BD0F4B104A4FF40071FE
:100BC0000F4806F035FE406802444A600846E9E7EF
:100BD0000C4C2468A34206D05B681A4442600B6840
:100BE0001B680360E4E70460E2E700BF6C130220C7
:100BF000801200207F120220649400106CA8001064
:100C0000E0940010D40F002070B5044670B110F1CC
:100C1000090F0AD8083414F0070307D0C3F10802FB
:100C2000093BA34226D3144400E0002401F066FDF2
:100C3000464B1B6803B3002C79DB002C79D0444B66
:100C40001868A04277D3434B1A68434B9A4216D395
:100C5000424B9A4213D83F495368A3421BD21368B0
:100C6000CBB13D498B4210D311463C4A93420CD83C
:100C70001A46F1E70024D9E7FFF754FFDBE7384BCA
:100C8000384AF621384806F0D3FD354B354AFC2169
:100C9000354806F0CDFD2D4B1B6893424DD00D68B5
:100CA00008352D4B9D422DD32C4B9D422AD81368DD
:100CB0000B605368A3422CD31B1B102B08D91619A9
:100CC00016F0070F2CD1736054600B6813510E603F
:100CD0005368C01A1E49086024490968884201D235
:100CE0002249086043F00043536000231360204A08
:100CF00013680133136001F0D5FD15F0070F1ED105
:100D0000284670BD1B4B174A4FF48371164806F0F6
:100D10008FFD194B134A4FF48771134806F088FD75
:100D2000164B104A40F217110F4806F081FD0025BE
:100D3000E1E70025DFE70025DDE70025DBE7104BD5
:100D4000084A40F25D11084806F072FDD40F0020F9
:100D5000F01202206C130220801200207F12022069
:100D60005095001094A80010E0940010FC1202208E
:100D700008130220C49500103C96001070960010D5
:100D8000A496001000283BD038B50446A0F1080511
:100D90001C4B9D421FD31C4B9D421CD850F8043C59
:100DA000002B1FDA50F8082C1ABB23F0004340F840
:100DB000043C01F0A3FC54F8041C144A13680B44CF
:100DC00013602846FFF7DAFE114A136801331360F7
:100DD00001F068FD38BD0F4B0F4A4FF4B8710F4852
:100DE00006F026FD0E4B0C4A40F271110B4806F03E
:100DF0001FFD0C4B084A4FF4B971084806F018FD66
:100E0000704700BF801200207F120220F0120220E3
:100E10000C130220E096001088A80010E094001047
:100E200054970010C89700104FF0E023D3F8882D96
:100E300042F47002C3F8882DD3F8342F42F04042B8
:100E4000C3F8342F7047000000B583B0002301932E
:100E5000094B1B68B3F1FF3F07D100F055FB019B25
:100E6000002BFCD003B05DF804FB044B044A40F2B5
:100E70006631044806F0DCFC7C0A0020F097001084
:100E800010A900100C98001010B500F03DFB0446AE
:100E900001F048FC28B14FF0E0234FF08052C3F836
:100EA000042D204600F03BFB10BD0000204B93F9C1
:100EB0000030002B08DB4FF05042D2F8881101229D
:100EC00002FA03F3194200D1704700B583B04FF026
:100ED0005042C2F88C3100230193164A1168EFF397
:100EE000108C72B6D1E8CFEF0120BEF1000FF9D11E
:100EF000C1E84E0FBEF1000FF4D1BFF35F8F0E4873
:100F0000016803601268C2E88F3F8CF3108801AA61
:100F10000A4B186800F04AFC019B2BB14FF0E0230C
:100F20004FF08052C3F8042D03B05DF804FB00BFFE
:100F3000780A0020C40F002084120220EC12022044
:100F400038B504460D4603F06FFC201A65EB01012D
:100F500040F2E733C01841F10001B0F57A7F71F13A
:100F6000000301DA002038BD4FF47A72002308F044
:100F700023F8F8E710B54FF0E024042323610023A1
:100F8000A361052002F07AFB044BA3FB00239B091D
:100F9000013B63610723236110BD00BFD34D621085
:100FA0004FF0E0234FF08052C3F8042DBFF34F8F72
:100FB000BFF36F8F7047000008B500F0A5FA044A30
:100FC000136801331360BFF34F8FBFF36F8F08BDFA
:100FD0007C0A002008B50A4B1B6833B1084B1A681D
:100FE000013A1A601B683BB108BD064B064A40F245
:100FF0002441064806F01CFC002000F090FAF3E7BC
:101000007C0A00209C98001038A900100C98001051
:1010100008B5836913F8023C662B04D1FFF704FF7F
:1010200000F054FA08BD034B034A40F2CA4103489A
:1010300006F0FEFBB098001024A900100C980010D8
:1010400010B44FF0807440F8044C40F8082C1F4A4C
:1010500040F80C2C4FF0123240F8102C4FF00332B5
:1010600040F8142C4FF0023240F8182C4FF00132A7
:1010700040F81C2C40F8203C4FF0113340F8243C41
:101080004FF0103340F8283C4FF0093340F82C3C27
:101090004FF0083340F8303C4FF0073340F8343C11
:1010A0004FF0063340F8383C4FF0053340F83C3CF5
:1010B0004FF0043340F8403C6FF0020340F8443CEA
:1010C00040F8481C48385DF8044B7047490E001042
:1010D00070B582B0002301934FF0E0234FF07F42C0
:1010E000C3F81C2DD3F81C3D1B0E8DF803309DF862
:1010F000033003F01003404A13705BB19DF80330D6
:1011000013F0100F16D13D4B3D4A40F2BD713D48E2
:1011100006F08EFB3C4B3A4A40F2B971394806F072
:1011200087FB019B013301939DF803305B00DBB229
:101130008DF803309DF8033013F0800FF1D1019B3F
:10114000082B54D0019BC3F10703304A13602F4A88
:1011500013681B02136003F4E06313604FF0E02395
:10116000D3F8202D42F47F02C3F8202DD3F8202D90
:1011700042F07F42C3F8202D0024C3F81C4D2449BF
:101180000E2003F05BFC23490F2003F057FC22499B
:101190000B2003F053FCFFF7EDFE204B1C604FF0DB
:1011A00050452A681E4B1A700121032003F0A8FC49
:1011B00040B21C4B1870012606FA00F0C5F88C01ED
:1011C000C5F88401FF211A2002F082FE16491A2078
:1011D00002F078FC31461A2002F052FC00F08CF943
:1011E00001F080FCFFF730FE204602B070BD074BD7
:1011F00000221A60ABE700BFAD130220E098001098
:10120000FCA800100C980010C89800108012022052
:101210002D150010890E0010AD1500107C0A00205D
:10122000790A0020780A0020AD0E001008B5EFF30F
:1012300005830F2B05D90F4A9A5C0F4B1B789A42F6
:101240000AD34FF0E023D3F80C3D03F4E0630B4ADC
:101250001268934207D808BD094B0A4A40F6351177
:10126000094806F0E5FA094B064A40F645110648DA
:1012700006F0DEFAF0E300E0AD1302208012022057
:1012800020990010DCA800100C9800104C99001058
:1012900008B5094B1B784FF050421068834200D0CC
:1012A00008BDEFF30583DBB213B100EB4300F7E7B2
:1012B00001F04CFEF4E700BF790A002000B583B0CE
:1012C0008C460268354BD21A354BA3FB02131B091F
:1012D00003EB4303A2EBC30301219940314B1A787E
:1012E0004FF050431B689A4230D040BF02682E4BEB
:1012F0001B689A424CD0D3E8CFEF0122BEF1000F19
:10130000F9D1C3E84E2FBEF1000FF4D1BFF35F8FC8
:10131000264A13680B431360234B1A680023C2E864
:101320008F3F234B93F90030002B06DB012202FA9A
:1013300003F34FF05042C2F8803102680023C2E844
:101340008F3F8CF3108803B05DF804FB40BF026848
:101350000023C2E88F3F8CF31088EFF3058313F06E
:10136000FF0F04D1134B186800F0D0F9EBE700230E
:10137000019301AA0F4B186800F018FA019B002B8B
:10138000E1D04FF0E0234FF08052C3F8042DDAE7AC
:10139000064A13680B431360C3E700BF100F002019
:1013A000ABAAAAAA790A0020C40F00208412022046
:1013B000780A0020EC120220F0B583B01D46EFF34E
:1013C000058313F0FF0F16D104460F461646036837
:1013D000C3B12C4A11784FF050421268914218D094
:1013E0000022C3E88F2F87F310883046294603F088
:1013F00043F903B0F0BD244B244A40F6522124485F
:1014000006F016FA234B214A40F65321204806F0F5
:101410000FFA30462946FFF793FD844688B92268C3
:101420000023C2E88F3F87F310881B4B5B6A9D4205
:1014300022D8194A926AB24222D29D421CD001207F
:10144000D7E722680023C2E88F3F87F3108822681D
:101450001249521A1249A1FB0201090901EB41018B
:10146000A2EBC1010122CDF800C002FA01F10D4842
:10147000006800F0C1F8D8E7FFF792FD0020B8E758
:101480000120B6E7790A0020A8990010A4A800104E
:101490000C980010149A001000000B40100F002050
:1014A000ABAAAAAAEC12022008B502F023F9044B59
:1014B0000344044A136000F092F8034B186008BD1F
:1014C000100F0020C40F0020EC120220094A1168FE
:1014D000086806C881F30B88022181F31488203044
:1014E00080F30988BFF36F8F4FF0000080F31188FD
:1014F00010470000C80F002062B661B6BFF34F8FDF
:10150000BFF36F8F66DF00BFEFF311804FF0100164
:1015100081F31188BFF34F8FBFF36F8F704780F354
:101520001188BFF34F8FBFF36F8F7047EFF30981BF
:101530001EF0100F08BF21ED108AEFF30B827346E7
:1015400021E9FC0F55FC084457FC096459FC0A8446
:1015500001E9F003144A136819604FF0100181F398
:101560001188BFF34F8FBFF36F8F01F0BBFA4FF0BD
:10157000000080F311880C4A116808681838B0E838
:10158000F00345EC004447EC016449EC0284B0E808
:10159000FC0F13F0100F08BFB0EC108A82F30B8819
:1015A00080F3098818470000C80F00201EF0040FC0
:1015B0000CBFEFF30880EFF30980014908470000F2
:1015C000111000101AB9084205D110467047814326
:1015D00003D000207047012070470120704710B5EC
:1015E0001C20FFF711FB044620B1002340F8043B08
:1015F00000F0E6F8204610BD2DE9F843089F80B3BF
:101600000D4690461E468146B1F1807F30D20029BA
:1016100035D001F0A1FC08B9002F37D101F06EF8E8
:10162000D9F80040324629462046FFF7CBFF002874
:1016300033D0B8F1000F44D024EA0503C9F80030D4
:10164000002701F02FF94FB100283CD001F0CCFD6C
:10165000044610F0007F39D024F07F442046BDE8D6
:10166000F883244B244A40F24711244806F0E0F85E
:10167000234B214A4FF4A471204806F0D9F8214B9E
:101680001D4A40F249111D4806F0D2F81E4B1A4A75
:101690004FF4A671194806F0CBF8002FD1D0B8F15D
:1016A000000F0BD100210EB141F080613A46294371
:1016B00009F1040001F082FA0024C2E74FF08071C2
:1016C000F1E70027BDE7FFF76BFCBFE7FFF774FC0E
:1016D000D9F80040324629462046FFF773FF30B163
:1016E000B8F1000F03D024EA0505C9F80050FFF750
:1016F00071FCB1E7289A001060A90010349A00101C
:10170000989A0010D09A0010E89A0010F8B570B1BD
:101710000D460446B1F1807F10D200F10C0600F0B6
:10172000EDFF206923682B432360002718E0194B45
:10173000194A40F23221194806F07AF8184B164A35
:1017400040F23321154806F073F8216832EA0101AE
:1017500005D111E0216841F0007101F017FB284626
:10176000B0420ED04568036823F07F4213F0806FCB
:10177000EBD121681142F2D013F0807FEAD01743F9
:10178000E8E7236823EA0703236001F08BF8206869
:10179000F8BD00BF289A00104CA90010349A001020
:1017A0003C9B001008B5FFF7B1FF08BD08B5134614
:1017B0000A460146014801F0E7FE08BDA5170010E2
:1017C00000F1080343604FF0FF328260C3600361A1
:1017D00000230360704700230361704730B40D6835
:1017E000B5F1FF3F11D000F108031C465B681A6891
:1017F000AA42FAD963684B6099608C6061600861A5
:1018000003680133036030BC70470469F2E7036981
:10181000416882688A60416851605A68824205D096
:1018200000220261186801381860704782685A60A7
:10183000F6E70346406A18B11B6B1868C0F1200038
:10184000704710B50446FFF7B7FBA26BE36B9A42F3
:1018500004D00024FFF7BEFB204610BD0124F9E7A9
:1018600010B50446FFF7A8FBA36B23B90124FFF7CB
:10187000B1FB204610BD0024F9E770B504461546BB
:10188000866B026C5AB903681BB100200136A6634F
:1018900070BD806801F0D4FB0023A360F6E76DB94A
:1018A000406807F0D7FA6368226C13446360A2684B
:1018B000934219D3236863602846E7E7C06807F0BE
:1018C000C9FAE368226C51429B1AE3602268934292
:1018D00002D2A3680B44E360022D01D00020D5E7BB
:1018E00026B1013E0020D1E72846CFE70020CDE712
:1018F0000346026C6AB110B50846D9681144D96034
:101900009C68A14201D31968D960D96807F0A2FA8E
:1019100010BD704770B582B00190846C54B1A26B59
:10192000E36B9A420DD2A26B934211D80025284650
:1019300002B070BD1B4B1C4A40F6F8411B4805F035
:1019400077FF1B4B184A40F6F941184805F070FF25
:1019500094F8456076B2002201A92046FFF78DFF7A
:101960000546B6F1FF3F0AD1636A002BDFD004F1D0
:10197000240001F08DF90028D9D00125D7E700F027
:10198000CBFE8642D3D27F2E04D0013676B284F8C5
:101990004560CCE7074B044A40F61951034805F06F
:1019A00047FF00BF709B0010DCA90010849B001053
:1019B000E49B00102C9C001038B50546FFF7FCFA9C
:1019C00095F8454064B208E06B6AB3B105F12400B4
:1019D00001F05EF970B9013C64B2002C0DDDAB6C16
:1019E000002BF1D02846FFF795FF0028F3D001F037
:1019F000A7FAF0E701F0A4FAEDE7FF2385F84530F8
:101A0000FFF7E8FAFFF7D8FA95F8444064B201E02E
:101A1000013C64B2002C0ADD2B6943B105F11000D2
:101A200001F036F90028F3D001F08AFAF0E7FF233D
:101A300085F84430FFF7CEFA38BD000038B530B332
:101A40000D460446C36B002B3CD0026C0021A2FB68
:101A500003231BBB002935D1FFF7AEFA2368E26BE5
:101A6000216C01FB0230A0600020A0636360013A9A
:101A700002FB0133E360FF2384F8443084F84530EF
:101A8000BDB9236963B9FFF7A5FA012038BD114B31
:101A9000114A40F23711114805F0CAFE0121D9E779
:101AA00004F1100001F0F4F80028ECD0FFF778FA08
:101AB000E9E704F11000FFF783FE04F12400FFF7CB
:101AC0007FFEE0E7064B044A4FF4B671034805F089
:101AD000AFFE00BF509C001020AA0010849B001095
:101AE000589C001038B51D46049C0B4659B924601B
:101AF000E063236401212046FFF7A0FF84F85050E3
:101B00000023A36438BD2260F2E70000F0B583B083
:101B1000F0B10C46174605460023A4FB0012AAB9F3
:101B2000B3B904FB05F010F1550F11D85430FFF78D
:101B30006BF8064638B100903B4600F1540221464E
:101B40002846FFF7CFFF304603B0F0BD0123E7E79B
:101B5000034B044A40F22A21034805F069FE00BF06
:101B60007C9C00100CAA0010849B0010F0B585B07E
:101B70000192B0B10F461D460446C9B1022D02D1F3
:101B8000E36B012B1ED101F0E7F9064608BB019B70
:101B9000002B5DD04F4B504A40F2BB314F4805F00F
:101BA00047FE4F4B4C4A40F2B6314C4805F040FEE0
:101BB000036C002BE2D04B4B474A40F2B731474809
:101BC00005F036FE484B444A4FF46E71434805F029
:101BD0002FFE00263CE0A66B2A4639462046FFF73A
:101BE0004CFEA36C73B1022D00D11EB92046FFF745
:101BF00091FE20B9FFF7EEF9012005B0F0BDFFF727
:101C0000CFF9F7E7636A23B90028F3D0FFF7C8F9E3
:101C1000F0E704F1240001F03BF80028EAD0FFF7D8
:101C2000BFF9E7E7FFF7D6F90020E6E702A801F0E1
:101C300025F9012619E0002384F8443021E000232F
:101C400084F8453023E02046FFF7B6FE00F02AFE78
:101C5000FFF7B2F9A26BE36B9A42BCD3022DBAD064
:101C6000019B002BDED0002EE0D0FFF7B3F900F08F
:101C700045FDFFF7A1F994F8442052B2B2F1FF3FBD
:101C8000D9D094F8452052B2B2F1FF3FD7D0FFF738
:101C9000A1F901A902A801F0FDF898B92046FFF7C3
:101CA000D0FD0028CFD0019904F1100000F06AFFA8
:101CB0002046FFF781FE00F0F5FD0028C8D1FFF7B0
:101CC0006FF9C5E72046FFF777FE00F0EBFD002037
:101CD00093E700BFE89A0010F8A90010849B001059
:101CE000509C0010889C0010E09C00102DE9F047EB
:101CF000D8B10E4691461D460446E9B1022D02D1E7
:101D0000E36B012B22D1FFF791FAFFF7FDFB0746AA
:101D1000A26BE36B9A4220D3022D1ED000243846DA
:101D2000FFF7FDFB2046BDE8F087354B354A4FF401
:101D30009261354805F07CFD036C002BDED0334BFF
:101D4000304A40F29141304805F072FD304B2D4A47
:101D500040F292412C4805F06BFD94F845804FFA13
:101D600088F8D4F838A02A4631462046FFF785FD8A
:101D7000B8F1FF3F21D1A36C7BB1022D02D1BAF1A2
:101D8000000F30D12046FFF7C5FD70B3B9F1000F49
:101D90002DD00124C9F80040C1E7636A0BB90124C2
:101DA000BDE704F1240000F073FF10B3B9F1000F98
:101DB00021D00124C9F80040B1E700F0ADFC804516
:101DC0001BD2B8F17F0F07D008F101084FFA88F84D
:101DD00084F845800124A2E70E4B0A4A40F21E51C6
:101DE000094805F025FD012499E7012497E701241E
:101DF00095E7012493E7012491E701248FE700BFD1
:101E0000509C0010C0A90010849B0010889C0010FA
:101E1000E09C00102C9C0010F8B510B30F4604464F
:101E2000036C2BBB036853B3FFF700FAFFF76CFB9F
:101E30000546A36BE26B9A424BD994F8456076B2A3
:101E40000133A363B6F1FF3F30D1A36C0BB320463F
:101E5000FFF760FD002842D0002F42D001243C60F3
:101E600038E0244B244A4FF4A861244805F0E0FCF4
:101E7000234B214A40F24451204805F0D9FC8368A5
:101E8000002BD1D01F4B1C4A40F249511B4805F092
:101E9000CFFC636A0BB901241CE004F1240000F0BC
:101EA000F7FE00B30FB301243C6013E000F034FCF4
:101EB00086421CD27F2E05D0013676B284F845606A
:101EC000012407E0104B0C4A40F2CB510B4805F0BF
:101ED000AFFC00242846FFF722FB2046F8BD012472
:101EE000F8E70124F6E70124F4E70124F2E70124EE
:101EF000F0E700BF509C0010ACA90010849B0010BC
:101F0000309D00104C9D00102C9C0010F0B585B049
:101F1000019280B10F460446A1B101F01DF80646BA
:101F2000D0B9019B002B50D0454B464A40F2F251AC
:101F3000454805F07DFC454B424A40F2E951424894
:101F400005F076FC036C002BE7D0414B3D4A40F294
:101F5000ED513D4805F06CFC002636E03946204640
:101F6000FFF7C6FC013DA563236923B9FFF732F8EB
:101F7000012005B0F0BD04F1100000F089FE00283A
:101F8000F4D0FFF70DF8F1E7FFF724F80020F0E7B1
:101F900002A800F073FF012621E0002384F84430FA
:101FA00029E0002384F845302BE02046FFF704FDAC
:101FB00000F078FC09E02046FFF7FEFC00F072FC20
:101FC0002046FFF74DFC002837D1FEF7F5FFA56B43
:101FD000002DC3D1019B002BD6D0002ED8D0FEF708
:101FE000F9FF00F08BFBFEF7E7FF94F844305BB29B
:101FF000B3F1FF3FD1D094F845305BB2B3F1FF3F6E
:10200000CFD0FEF7E7FF01A902A800F043FF0028A8
:10201000D1D12046FFF724FC0028C6D0019904F155
:10202000240000F0AFFD2046FFF7C6FC00F03AFCAC
:102030000028CAD1FEF7B4FFC7E7002099E700BF28
:10204000E89A00109CA90010849B0010B09D00101D
:10205000BC9D001070B584B0019150B10446036C72
:1020600073B900F079FF0546C0B9019B7BB90646FC
:1020700059E0524B524A40F28261524805F0D8FB77
:10208000514B4F4A40F286614E4805F0D1FB4F4B11
:102090004B4A40F28B614B4805F0CAFB002635469F
:1020A00041E0013BA363236833B1236943B9FEF7E1
:1020B00091FF012004B070BD01F0A2F8A060F4E728
:1020C00004F1100000F0E4FD0028F0D0FEF768FFF6
:1020D000EDE7FEF77FFF0020ECE702A800F0CEFE60
:1020E00001252AE0002384F8443032E0002384F8FC
:1020F000453034E0FEF760FFA06800F03DFF064683
:10210000FEF768FF3BE02046FFF756FC00F0CAFBF5
:1021100009E02046FFF750FC00F0C4FB2046FFF723
:102120009FFB00283AD1FEF747FFA36B002BB8D1E5
:10213000019B002BCDD0002DCFD0FEF74BFF00F040
:10214000DDFAFEF739FF94F844305BB2B3F1FF3F9C
:10215000C8D094F845305BB2B3F1FF3FC6D0FEF76C
:1021600039FF01A902A800F095FE0028D1D1204630
:10217000FFF776FB0028C6D02368002BBAD0019960
:1021800004F1240000F0FEFC2046FFF715FC00F0EF
:1021900089FB0028C7D1FEF703FFC4E70EB9002072
:1021A00088E7FEF709FF2046FFF743FB0146A068DA
:1021B00000F0ACFFFEF70EFFF1E700BFB09D00108E
:1021C00088A90010849B0010309D0010E89A001030
:1021D00010B520B1044621B3002003460BE0114B9B
:1021E000114A40F6C931114805F022FB104800EBB6
:1021F000C30014E00133072B10D80D4A02EBC302D1
:102200005268A242F2D00028F4D1094A52F8332091
:10221000002AEFD1064800EBC300EBE708B10160EC
:10222000446010BD189E001074A90010849B00101B
:102230002813022070B504460D461646FEF7BCFE74
:1022400094F844305BB2B3F1FF3F0DD094F84530C1
:102250005BB2B3F1FF3F0BD0FEF7BCFEA36B5BB1EB
:102260002046FFF7A9FB70BD002384F84430EDE75A
:10227000002384F84530EFE73246294604F1240074
:1022800000F0D8FCECE70000074B1B681B6823B983
:10229000064B4FF0FF321A607047034B1B68DB6838
:1022A0001A68024B1A607047D00F002000130220FA
:1022B00010B50446006BFEF765FD2046FEF762FD93
:1022C00010BD00002DE9F04780460D46174699469F
:1022D000089EDDF824A00A9C9200A521206B06F040
:1022E00065FD236B07F18042013A03EB820727F07B
:1022F00007078DB14FF0000CBCF10F0F09D815F88E
:102300000C3004EB0C0282F8343013B10CF1010CE8
:10231000F2E7002384F843301F2E1BD8E662E66400
:10232000201DFFF758FA04F11800FFF754FA246152
:10233000C6F12006A66164624B464246216B3846D0
:10234000FEF77EFE2060BAF1000F01D0CAF800400F
:10235000BDE8F087034B044A40F26671034805F07C
:1023600067FA00BF889E001088AB0010289E0010FE
:102370002DE9F04385B006460F4614469846900076
:10238000FEF742FC8146F8B17020FEF73DFC0546A1
:10239000B0B17022002106F009FDC5F8309000238D
:1023A000039302950D9B01930C9B00934346224699
:1023B00039463046FFF786FF284605B0BDE8F08372
:1023C0004846FEF7DFFCF7E70546F5E738B5002499
:1023D00007E004EB840293000E481844FFF7F0F97D
:1023E00001341F2CF5D90C4D2846FFF7E9F90B4CA9
:1023F0002046FFF7E5F90A48FFF7E2F90948FFF739
:10240000DFF90948FFF7DCF9084B1D60084B1C6039
:1024100038BD00BFE00F0020C4120220D8120220F5
:10242000141302208813022074130220D00F0020FE
:10243000D80F002010B50446FEF7BEFD274A1368EA
:1024400001331360264B1B685BB1264B1B686BB9CD
:10245000234B1B68DA6AE36A9A4207D8204B1C6058
:1024600004E01F4B1C601368012B30D01E4A136818
:10247000013313606364E36A01229A401B490868D0
:1024800002430A601A4A03EB830302EB83035B688F
:10249000A3609868E060211D41609960E36A03EBE6
:1024A000830102EB8100606152F82110013103EBDE
:1024B000830342F82310FEF78DFD0A4B1B682BB1F6
:1024C000074B1B68DA6AE36A9A4203D310BDFFF731
:1024D0007DFFCBE7FEF764FDF8E700BF881202201E
:1024E000C80F0020681302209412022098120220C4
:1024F000E00F00200F4B1B68D3B110B5FEF75CFD59
:102500000D4BDB68DC68201DFFF781F90B4A13686F
:10251000013B1360074A1368013B1360FEF75AFD45
:102520002046FFF7C5FE034B1B68002BE6D110BD0C
:10253000704700BF8C1202208813022088120220EC
:1025400008B5FFF7D7FF034B1B68012BF9D9FEF73E
:1025500027FDF6E7E00F00202DE9F04104460D4687
:10256000274B1E68274B1F68274BD3F80080274B4B
:102570001A68002182F86D1018680430FFF747F9D7
:1025800048B9224B1B68DB6A01229A4020490B683C
:1025900023EA02030B60B4F1FF3F0DD034441B4B20
:1025A0001B685C60A6421DD9184B1968043140466F
:1025B000FFF714F9BDE8F081002DEFD0154A5168FE
:1025C000124B1868816018688C68C4601868043001
:1025D00060601868043088601B685A6113680133B2
:1025E0001360E7E7094B196804313846FFF7F6F83E
:1025F000094B1B68A342DDD9074B1C60DAE700BF1B
:102600009C130220D00F0020D80F0020C80F0020FC
:1026100098120220741302200013022010B582B019
:10262000059C0194049C0094FFF7A2FE20B1FFF7E3
:1026300001FF012002B010BD4FF0FF30FAE70000AB
:1026400010B586B000230F2B18DC0F4AD25C03F1C3
:102650001801694401F8102C82B10133F3E70B4BE8
:1026600003EB84030193002300934FF4007202A94B
:102670000748FFF7D3FF28B1013401E0002401200F
:10268000002CECDD06B010BD989E0010F412022064
:102690004125001008B5FFF7D3FF012805D0B0F1A0
:1026A000FF3F15D00E4B1B6808BD00F041FF01280D
:1026B000F5D1FEF729FF0B4B4FF0FF321A600A4BA2
:1026C00001221A60094B00221A60FEF701FDE9E7BA
:1026D000074B084A40F6AD61074805F0A9F800BF6E
:1026E000A0AB001000130220681302209C130220EC
:1026F000A09E001058AB0010289E0010024A1368DC
:1027000001331360704700BF90120220014B18681C
:10271000704700BF9C130220014B1868704700BF30
:1027200088120220F8B5514B1B68002B40F09780AF
:102730004F4B1C6801341C607CB94E4B1B681B68F6
:102740000BBB4C4A11684C4B1868106019604B4A1F
:10275000136801331360FFF797FD494B1B68A342D1
:1027600018D90020474B1B68DB6A03EB83039A00F0
:10277000454B9B58012B00D90120444B1B68002B73
:1027800072D0012070E0424B424A41F2632142483C
:1027900005F04EF8002037E0394B4FF0FF321A6059
:1027A000E0E7374B1A60DDE7D968516042E000216D
:1027B0009962116801391160DA6A01219140374E3E
:1027C000376839433160304902EB82024FEA820CAC
:1027D0008C44DCF804209A609668DE607560956031
:1027E000DA6A02EB820C4FEA8C056E185E614D5975
:1027F00001354FEA8C0C41F80C50DA6A214B1B680A
:10280000DB6A9A4200D901201A4B1B681B68002B17
:10281000C2D0184B1B68DB68DB685A689442C0D38F
:102820005A699D68D968A9609D684D6051681D1DF1
:10283000A942B9D0002159611168013911609A6A21
:10284000002AB9D0DE69196AB160DE694E60566847
:1028500003F118018E42AAD1196A5160A7E7104A04
:102860001368013313600020F8BD00BF90120220EE
:102870009C130220D00F0020D80F00200413022048
:1028800000130220C80F0020E00F0020A813022030
:10289000B49E001034AB0010289E00109812022045
:1028A0001013022038B5FEF787FB474B1B685BB15E
:1028B000454B1A68013A1A601B68002B7ED1434BC6
:1028C0001B6873B900247AE0414B424A40F68F718D
:1028D000414804F0ADFF196A516015E0D9685160B4
:1028E00021E000233D4A1268002A4AD03B4BDB68B6
:1028F000DB689A6AD869196A8160D869486050684B
:1029000003F118018842E6D000219962116801396B
:1029100011605A699868D968816098684860516800
:10292000181D8142DAD00021596111680139116006
:10293000DA6A012191402A4C2568294321602949FE
:1029400002EB820201EB820252689A609468DC60BA
:1029500060609060DA6A02EB820001EB80045C61E7
:1029600051F82000013002EB820241F82200D96ABE
:102970001D4A1268D26A9142B4D91C4A01211160E1
:10298000B0E70BB1FFF780FC194B1C6854B9174B2B
:102990001C68A4B1144B1B68FEF702FB01240EE077
:1029A000013C07D0FFF7BEFE0028F9D00F4B0122F3
:1029B0001A60F5E70E4B00221A60E8E70024FEF7E4
:1029C00009FB204638BD00BF901202208812022069
:1029D0002C9F001048AB0010289E001014130220FA
:1029E00098120220E00F0020C80F0020A813022038
:1029F0001013022038B598B10C460546B9B1FFF75F
:102A00007DFE204B1A68204B1B68012B16D12B68CA
:102A10001C44934220D9A34217D82C60002425E0FF
:102A20001A4B1B4A40F631111A4804F001FF1A4BA9
:102A3000174A40F63211174804F0FAFE174B144AB1
:102A400040F63A11134804F0F3FEA24202D32C6080
:102A500000240BE02C6004E0A34201D8A2420AD279
:102A60002C600021A01AFFF777FD0124FFF71AFF61
:102A700020B1204638BD2C600024F7E7FEF790FA1D
:102A8000F7E700BF9C13022090120220489F00101D
:102A900078AB0010289E00105C9F0010749F0010FF
:102AA00010B568B10446FFF729FE0A4B1B68012BDD
:102AB00009D100212046FFF74FFDFFF7F3FE08B9CB
:102AC000FEF76EFA10BD044B044A4FF41961044836
:102AD00004F0AEFE90120220749F00106CAB001048
:102AE000289E001008B51F4B1B681BB11E4B01220E
:102AF0001A6008BD1C4B00221A601C4B1B68B3FAFD
:102B000083F3C3F11F0303EB83018A0018498A583A
:102B1000D2B1174803EB83018A0002445168496827
:102B2000516003EB830C4FEA8C020832024491425D
:102B300011D003EB83039A000D4B13445B68DA68F2
:102B40000C4B1A601B68D4E70B4B0C4A41F2FE3168
:102B50000B4804F06DFE6246910002460A44D168BB
:102B60005160E6E790120220A8130220981202207A
:102B7000E00F0020C80F0020909F001020AB001035
:102B8000289E001010B550B10C46084A1168183143
:102B9000FEF724FE01212046FFF7DEFC10BD044BAA
:102BA000044A41F28441044804F042FEC80F002068
:102BB000D89F001008AB0010289E001038B5F0B167
:102BC0000446164B1B680BB3154B186841F00041C7
:102BD000816161681868C16118688D68056218684C
:102BE000183068601868183088601B689C62236819
:102BF0000133236001211046FFF7AEFC38BD094BBD
:102C0000094A41F2A241094804F012FE084B064A63
:102C100041F2A641054804F00BFE00BF90120220CD
:102C2000C80F0020D89F0010E8AA0010289E0010AE
:102C3000E49F001070B50346D0B1084611461E4609
:102C40005A680F4B1C68E2611C68956825621C6815
:102C500018346C601C68183494601B689E6233687A
:102C60000133336009B14FF0FF30FFF775FC70BDE1
:102C7000044B054A41F2C241044804F0D9FD00BFAB
:102C8000C80F0020D89F0010C8AA0010289E00106E
:102C900038B5C368DB68002B4BD09A6AD869196ACB
:102CA0008160D8694860516803F11800814247D0BB
:102CB000002199621168013911602B4A1268002ABB
:102CC00044D15A699868D9688160986848605168A9
:102CD000181D814237D000215961116801391160F6
:102CE000DA6A01219140214C25682943216020495D
:102CF00002EB820201EB820252689A609468DC6007
:102D000060609060DA6A02EB820001EB80045C6133
:102D100051F82000013002EB820241F82200DA6A09
:102D2000144B1B68DB6A9A421CD90120124B1860B5
:102D300038BD124B124A41F2F941124804F078FDB5
:102D4000196A5160B4E7D9685160C4E70E4A516806
:102D5000D9618C681C62606088609A621168013178
:102D60001160DCE70020E3E79012022098120220B5
:102D7000E00F0020C80F0020A813022010A00010B0
:102D8000ACAA0010289E00101413022038B5324B54
:102D90001B68002B4BD041F000410160C368002B41
:102DA0004CD0026944688168A16044684C605168F5
:102DB00081424AD0002101611168013911605A69CC
:102DC0009868D9688160986848605168181D814288
:102DD0003ED000215961116801391160DA6A012180
:102DE00091401E4C2568294321601D4902EB820257
:102DF00001EB820252689A609468DC6060609060C7
:102E0000DA6A02EB820001EB80045C6151F8200079
:102E1000013002EB820241F82200DA6A114B1B6892
:102E2000DB6A9A4202D9104B01221A6038BD0F4B5F
:102E30000F4A41F247510F4804F0FAFC0E4B0C4A7E
:102E400041F252510B4804F0F3FC81685160B1E744
:102E5000D9685160BDE700BF90120220981202208D
:102E6000E00F0020C80F0020A8130220E49F0010EC
:102E700088AA0010289E001010A00010034B1B68A9
:102E80000360034B1B684360704700BF04130220BC
:102E90009C130220F8B5B8B10C460546D9B1FEF72F
:102EA0008BF8204B1A686B68D01A1F49096891F893
:102EB0006D10B9B11C4B1B68002283F86D200124F2
:102EC000FEF788F82046F8BD184B194A41F2A9517F
:102ED000184804F0ADFC184B154A41F2AA511548A8
:102EE00004F0A6FC2168B1F1FF3F18D0134E3668FC
:102EF0002F68B74205D0934203D8002323600124F2
:102F0000DEE7814203D8002323600124D8E79B1A1F
:102F10000B4423602846FFF7B1FF0024D0E70024CC
:102F2000CEE700BF9C130220C80F002020A0001095
:102F300070AA0010289E00102CA00010041302207C
:102F4000014B01221A607047A8130220014B186838
:102F5000704700BFC80F0020054B1B6833B1054BFD
:102F60001B680BB10020704702207047012070479A
:102F70006813022090120220002857D070B5044632
:102F8000C36A2C4A1268D26A934247D28269002AE5
:102F900005DB284A1268D26AC2F1200282616169A7
:102FA00003EB8303244A02EB8303994205D0214BB0
:102FB0001B68DB6AE362012070BD251D2846FEF711
:102FC00026FC38B9E36A01229A401C490B6823EABF
:102FD00002030B60174B1B68DB6AE362012000FAF7
:102FE00003F216490E6832430A60134A03EB830367
:102FF00002EB83035B68A3609968E1604D609D60AC
:10300000E36A03EB830102EB8105656152F821104D
:10301000014403EB830342F82310CDE7C26C054B58
:103020001B68DB6A9A4203D30020C5E70020704783
:103030000120C1E7C80F0020E00F002098120220F5
:10304000002850D070B50446294B1B6883420AD132
:10305000036D7BB1013B0365C16AC26C914244D0F0
:103060007BB1002070BD234B234A41F62C2123481D
:1030700004F0DEFB224B204A41F62D211F4804F0CC
:10308000D7FB051D2846FEF7C2FB38B9E36A0122CB
:103090009A401C490B6823EA02030B60E36CE3626D
:1030A000C3F12002A261012000FA03F215490E6863
:1030B00032430A60144A03EB830302EB83035B6829
:1030C000A3609968E1604D609D60E36A03EB830152
:1030D00002EB8105656152F82110014403EB830383
:1030E00042F82310BEE7002070470020BAE700BF77
:1030F000C80F00203CA0001058AA0010289E001005
:1031000054A0001098120220E00F002000285BD08D
:1031100038B50446006D48B1E36C8B4200D20B46D3
:10312000E26A9A4201D0012807D038BD274B284ACD
:1031300041F68A21274804F07BFB27490968A14210
:103140003BD0E362A169002902DBC3F12003A36144
:10315000616902EB8202214B03EB82039942E4D1C5
:10316000251D2846FEF753FB38B9E36A01229A4031
:103170001B490B6823EA02030B60E36A01229A40B1
:103180001749086802430A60144A03EB830302EB01
:1031900083035B68A3609968E1604D609D60E36AAA
:1031A00003EB830102EB8100606152F821100131D1
:1031B00003EB830342F82310B7E70A4B044A41F6B6
:1031C000A521044804F034FB704700BF54A0001050
:1031D00034AA0010289E0010C80F0020E00F002025
:1031E000981202206CA00010044A136898691368B2
:1031F000DB6A1268C3F1200393617047C80F002097
:10320000034B186810B1036D01330365704700BFAD
:10321000C80F0020064B1A6813682BB901230360FE
:1032200023B9D368186870470023F8E70020704777
:10323000CC0F002008B54160006191420CD8D21A31
:1032400083699A4201D3012008BD011D094B18680A
:10325000FEF7C4FA0020F7E79A4201D2994206D25B
:10326000011D054B1868FEF7B9FA0020ECE70120B4
:10327000EAE700BFDC0F0020CC0F002070B5044649
:103280000D46164604E0A3691D44236A204698476C
:10329000A1692B46324629442046FFF7CBFF002880
:1032A000F1D170BD70B505460E460D4B1B68DB684D
:1032B000DC68201DFEF7ABFA94F8283013F0040FF9
:1032C00007D123F0010384F82830236A2046984769
:1032D00070BD324629462046FFF7D0FFF5E700BF14
:1032E000CC0F002008B505E0DB684FF0FF3118680F
:1032F000FFF7D8FF054B1B681A68002AF4D1044A6F
:10330000106802490860136008BD00BFCC0F0020A0
:10331000DC0F002038B50546FFF7F8F90446074BE7
:103320001B68834205D800232B60044B1C60204699
:1033300038BDFFF7D7FF01232B60F6E7F812022014
:1033400070B582B006460C46FFF7D8F901A8FFF722
:10335000E1FF019B03BB05469CB9B0420AD222465D
:10336000711B0F4B1868FEF765FFFFF79BFA80B1E2
:1033700002B070BDFFF796FA29463046FFF792FF7C
:10338000F6E7084A126812680AB90124E7E71C4602
:10339000E5E7FDF705FEEBE7FFF784FAE8E700BF96
:1033A000A0130220DC0F002030B587B00023029369
:1033B00003930493059302E0029B002B0FDA002293
:1033C00002A93A4B1868FEF7A1FD00286CD0029BB9
:1033D000002BF1DA05990498039B9847ECE7049CCD
:1033E000636913B1201DFEF712FA01A8FFF792FFDF
:1033F0000546029B013B082BE1D8DFE803F00505F9
:10340000293047050529300094F8283043F001039E
:1034100084F82830039BA169024619442046FFF72F
:1034200009FF0028CBD094F8283013F0040F07D1FF
:1034300023F0010384F82830236A20469847BEE72A
:10344000A3692A46039919442046FFF717FFF3E7BB
:1034500094F8283023F0010384F82830AFE794F87B
:10346000283043F0010384F828300399A16131B179
:103470000346024601442046FFF7DCFE9FE70C4B63
:103480000C4A4FF482610C4804F0D2F994F82830C9
:1034900013F0020F04D023F0010384F828308EE7E4
:1034A0002046FDF76FFC8AE707B030BDA01302206D
:1034B00084A00010A4AB0010ACA0001000B583B035
:1034C00001A8FFF7A7FE0199FFF73AFFFFF76CFF8E
:1034D000F6E7000038B5FDF76FFD0F4B1B6813B121
:1034E000FDF778FD38BD0D4D2846FEF769F90C4C07
:1034F0002046FEF765F90B4B1D600B4B1C6000224C
:1035000010210A20FEF702FB034B18600028E7D0C9
:103510000649FEF75DFEE3E7A01302209C1202209D
:10352000B0120220CC0F0020DC0F00200CA10010F4
:1035300000B583B0FFF7CEFF0C4B1B6873B10C4B8B
:1035400001931F23009300234FF4806209490A4826
:10355000FFF764F810B103B05DF804FB074B084AAD
:103560004FF4A371074804F063F900BFA0130220D1
:10357000A413022014A10010BD3400101CA10010DF
:10358000C0AB0010ACA0001010B584B014461A46B1
:103590006FF00103009301900291039400236946A8
:1035A00002480068FEF7A2FB04B010BDA013022081
:1035B00070B51646049D00EB400C4FEA8C0C0CF1E4
:1035C000804C0CF5803CDCF80420AA4201D2CCF8F7
:1035D0000450A0F1040E5FFA8EFEBEF1010F28D94F
:1035E0000CF540524FF4006414601E4A52F820203B
:1035F00042B11C4C6469B4FBF2F4013404EB4404A2
:10360000033CFDD2DCF8002082EA461202F0E00220
:103610000CF580542260BEF1010F16D90CF5005252
:103620004FF400611160CCF804500E4A42F820308B
:1036300070BD0129D4D10CF5405203241460DCF88C
:10364000082012F0010FFAD0DCE7DCF800204A4035
:1036500002F003022260DCF8084001228A40144292
:10366000F9D0DBE7440F002010B582B04FF480346E
:103670000094FFF79DFF02B010BD0000014B53F80E
:1036800020007047440F0020EFF3108072B6064B05
:10369000D3E8CF1F01220029FAD1C3E8412F002926
:1036A000F6D1BFF35F8F70471B0F00200023034A42
:1036B000C2E88F3F80F31088704700BF1B0F0020C7
:1036C00070B505460C461646FFF7DEFFE208A95C1A
:1036D00004F0070C012303FA0CF3194205D1DBB205
:1036E0000B43AB54FFF7E2FF70BD21463046FDF7B8
:1036F00001FA0000054A1078431CDBB21370172B47
:1037000002D9134610221A70704700BF800A0020A9
:103710004FF0E022936843F000539360704700003D
:10372000002305E0044A1A440021C2E88F1F013338
:103730001F2BF7D9704700BF100F00202DE9F84369
:103740004FF050431F681B4B53F827801FB1DFF821
:103750007090002624E0DFF86C90FAE72409013528
:10376000ECB106F10803AB4219D914F00F01F5D002
:10377000114B53F82730EB4013F0010FEED105F059
:1037800007029200EB0801FA02F28C330B4840F872
:103790002320B8F1000FE1D02846C047DEE7083605
:1037A0001D2E05D8F3080C3359F823403546D7E7CA
:1037B000BDE8F883300F0020601200200080024036
:1037C000908202404882024010B400F0070C4FEA99
:1037D0008C0CC00801FA0CF100F18C0C074C44F879
:1037E0002C1003EB80032AB103F5005319605DF838
:1037F000044B704703F540531960F8E7008002401E
:103800000C4B03EB800253F8203083F0400303F0AD
:10381000C00302F5805CCCF80030C00000F18040AD
:1038200000F52030416002F540524FF48073136080
:10383000704700BF0480034010B40C4C04EB800CB4
:1038400079B108237AB10422134354F8202053405D
:1038500003F00C030CF5805CCCF800305DF8044BF1
:1038600070470023EEE70022EEE700BF048003402C
:1038700070B505460C46164652B94FF050431B68CA
:103880008BB10A4B324621462846FFF79DFF70BD9B
:10389000152000F007F90028EFD1054B054ABD219E
:1038A000054803F0C5FF054BECE700BF90820240DE
:1038B00024A10010D8AB001050A100104882024093
:1038C00038B504464FF050431D680C4B53F8253073
:1038D0004BB118B1094B43F8254038BD08491520B4
:1038E00000F03AFAF6E70028F7D0044B43F8250039
:1038F00000220349152000F015F9EEE7300F0020F3
:103900003D37001070B505460E4614461846FFF7C1
:10391000D7FF224631462846FFF7AAFF04B970BDFB
:103920000121152000F0ACF8F9E708B54FF00002CE
:1039300042EC440042EC40000521FFF761FF08BD66
:10394000064B9B68103043F82010BFF35F8F0023B5
:103950000349C1E88F3F82F31088704700ED00E013
:10396000190F00200048704700E400E008B5FFF799
:10397000F9FF002304E04FF0803240F8042B0133BC
:103980000C2BF8D962B608BD08B50388DA0A1C2AE0
:1039900006D15B050BD45B15023300EB430008BD79
:1039A000064B074A4FF48E71064803F041FF03F5BA
:1039B000FF1303F5FF531F33EDE700BF98A100107D
:1039C0003CAC0010B0A1001008B5091A01F2FC725D
:1039D00040F6FE739A4208D8081F11F0010F04D177
:1039E000C0F34A0040F4604008BD034B034A4FF463
:1039F0008771034803F01CFFF8A1001030AC0010E1
:103A0000B0A1001008B5091A04394B08090B0AD1F6
:103A1000C1F30A0141F4704101806FEA43536FEA38
:103A20005353438008BD034B034A4FF48B71034843
:103A300003F0FEFE28A200100CAC0010B0A1001094
:103A40004209064B53F8223000F01F000122824049
:103A500003EA0200003818BF0120704700E100E0CF
:103A60003AB1064B00F1600243F8221043F82010EF
:103A700070472030014B43F82010704700E100E010
:103A800008B50A4600F01F03012199404009FFF7DD
:103A9000E7FF08BD024B9B68103053F820007047C9
:103AA00000ED00E008B5FFF7F5FF30B1044A9042A1
:103AB00001D0012008BD0020FCE70020FAE700BF8C
:103AC0001101001070B505460C46EFF3108672B672
:103AD0000F4BD3E8CF1F01220029FAD1C3E8412FB1
:103AE0000029F6D1BFF35F8FFFF7D4FF094B98424F
:103AF00001D0A04205D1324621462846FFF720FFDB
:103B000070BD054B054AED21054803F091FE00BF4D
:103B1000190F00201101001038A2001064AC001031
:103B2000B0A100102DE9F04F87B000911546EFF3DA
:103B3000108A72B67C4BD3E8CF1F01220029FAD13C
:103B4000C3E8412F0029F6D1BFF35F8F774B93F97C
:103B50000040002C44DB804604EB4407744B03EB2D
:103B6000870797F90610714A1170724A926800F13E
:103B7000100152F82190A9EB03022F2A3ED96E4B77
:103B8000994534D14FF42143ADF80C304FEA440944
:103B900004EB4400664E06EB800068490230FFF7F4
:103BA00013FFADF80E004BF60153ADF81030FF23B4
:103BB0008DF812308DF81350009B0593A14406EB4D
:103BC000890306AA12E9070083E8070047F0010904
:103BD000524649464046FFF7B3FE07B0BDE8F08FB6
:103BE000574B584A4FF4BE71574803F021FE574BCC
:103BF000544A40F28311544803F01AFE29F0010B95
:103C0000ABEB0303524AA2FB0312D20802EB4202BF
:103C1000B3EB820F0FD15B460026DA79AA4212D9A4
:103C200093F90620002A0DDB02EB42021E46404BB0
:103C300003EB8203F1E7474B424A4FF4CA71424813
:103C400003F0F6FD1E46A6B344F60103ADF80C30B2
:103C50004FF48F43ADF80E3096F906B0BBF1000F6C
:103C60001ADA4BF60150ADF810008DF812B08DF84D
:103C70001350009B05933946301DFFF7A5FEB08019
:103C8000B47104EB44042A4B03EB840306AA12E943
:103C9000070083E807009BE7301DFFF775FE01462C
:103CA00004EB4402224B03EB8203181DFFF78CFE4A
:103CB000D9E74FF42143ADF80C306300019304EBD6
:103CC0004406DFF86C9009EB86061C49B01CFFF730
:103CD0007BFEADF80E005946301DFFF775FEADF8BE
:103CE00010004AF6AA235A464946521A52415343F3
:103CF0001B0D8DF812308DF81350009A0592019B20
:103D0000234409EB830906AB13E9070089E80700A0
:103D100044F60103ABF800304FF48F43ABF80230A8
:103D200047F0010954E700BF190F0020AC1302202F
:103D3000840A002000ED00E011010010B40A002008
:103D400070A200104CAC0010B0A1001098A200109E
:103D5000ABAAAAAAC0A200102DE9F04706460D465C
:103D6000EFF3108872B6504BD3E8CF1F0122002921
:103D7000FAD1C3E8412F0029F6D1BFF35F8F4B4B37
:103D80009B6800F1100A53F82A70494B9F4207D0F4
:103D9000AF4200F087803C46464BFB1A2F2B06D9DA
:103DA000424639463046FFF7CBFDBDE8F087FFF7C6
:103DB00047FE814600213046FFF762FEBFF35F8F6A
:103DC000EFF30580C0B208B1824510D124F00104A0
:103DD0000021A268954212D094F90630002B0DDB29
:103DE00003EB43032146334C04EB8304F1E7324BEE
:103DF000324A40F20221324803F01AFD2146954230
:103E000049D194F90650002D2BDB05EB4502294BD7
:103E100003EB82039A68A260DA79E27193F90630C3
:103E2000A371002B10DA4BF60150A08005EB450280
:103E3000204B03EB8203234A117899711570494690
:103E40003046FFF71DFEABE705EB4503194800EBD5
:103E500083000430FFF798FD0146201DFFF7B4FDF5
:103E6000E3E798B981B1FF238B714BF601538B8047
:103E7000144A1378A3714AF6AA230E49641A6441BE
:103E800063431B0D1370DAE7094FF1E70E49201D5C
:103E9000FFF7B8FDD3E70D4B084A4FF411710848FE
:103EA00003F0C6FC024F7BE7190F002000ED00E095
:103EB00011010010840A002044A300101CAC001063
:103EC000B0A10010AC130220BE0A002078A300109D
:103ED00038B504460D46FFF745FD4FEA940C50F8FF
:103EE0002C3004F00304E400FF22A24023EA020382
:103EF000A5402B4340F82C3038BD000038B540F0C9
:103F00000104324BE31A2F2B31D8EFF30581C9B2EC
:103F1000002933D0EFF3108E72B62D4BD3E8CF5F6C
:103F20000122002DFAD1C3E8452F002DF6D1BFF3B1
:103F30005F8F4AF6AA230246244D521B5241534337
:103F40001B0D4FFA83FC234B9B6853F82130A3428F
:103F50001BD00023032B32D803EB43011B4A02EB97
:103F6000810292F90620624520D00133F2E71A4B14
:103F70001A4A40F27F211A4803F05AFC194B174A9B
:103F800040F28221164803F053FC124B9B68164AFC
:103F900043F82120154B1A78827183F800C0002362
:103FA0000B4AC2E88F3F8EF3108838BD074A02EBF8
:103FB0008101FF248C714BF601538B80EAE70C4B97
:103FC000064A40F29321064803F032FC840A00209E
:103FD000190F002000ED00E080A30010F0AB0010EE
:103FE000B0A10010A8A3001011010010AC13022012
:103FF000B4A30010014B0B4403607047100F002066
:1040000010B50446FFF776FB01462046FFF7F2FFA6
:104010004FF0FF336360BFF35F8F10BD10B50446F0
:10402000FFF768FB01462046FFF7E4FF4FF0FF3340
:10403000636000232372BFF35F8F10BD10B50D4C7A
:1040400009E00D4B0D4A1A210D4803F0F1FB204603
:10405000FFF7D6FF08340B4B9C4209D22368002B94
:10406000F5D0012BEDD12046FFF7D8FF0C34F2E755
:1040700010BD00BF480C0020BCA30010A4AC001071
:10408000DCA30010580C00200246EFF30583DBB2DE
:10409000103B990804D0034803F0030313607047F2
:1040A0000148F9E700800B4000000B4010B4846A1F
:1040B000A2EB040C0B1D50F823301B1B9C4504D3B2
:1040C000046A01238B401C4202D1043140F82120B4
:1040D0005DF8044B704741EA004070472DE9F04F0E
:1040E00085B003A8FFF7D0FF954B984214BF00237B
:1040F0000123039901EB8303924A52F8234023786A
:10410000994206D1054601228A4000F541535A6082
:104110002CE18D4B8D4A92218D4803F089FBD4F818
:10412000149006EB46074FEAC70A09EBC707D7F812
:1041300008B0D7F80C80284600F04CFBB0EB0B0021
:1041400061EB0803002BC0F21A81B8F1000F64DBA9
:104150003B691A4600937F4B9A4230D0798889B2E6
:10416000B4F90800FFF7B7FF7969009B9847009002
:1041700001910099019A51EA02034ED01346002A98
:1041800029DABBEB010268EB0308BA60C7F80C80C0
:1041900039F90A70002FC0F2F280D4F814E007EB6E
:1041A00047030EEBC3039968DB68511A68EB0303FE
:1041B000002BC0F2E480A4462CF8087F17E07A694F
:1041C000136900921046984738B3009A1368009319
:1041D00053680193CDE7284600F0FCFA009B1A18BB
:1041E000019B43EB0108D0E79C463EF90B70002F82
:1041F0000EDBBCF9003003EB43034FEAC30B0EEBBD
:10420000C3039868D968101A68EB01010029EBDA3A
:1042100029F80A70ACF80060B1E039F90A3023815E
:104220002369EFF3108272B6D3E8CF0F0121002883
:10423000FAD1C3E8401F0028F6D1BFF35F8FB4F96D
:10424000023029F80A30668021690023C1E88F3FD7
:1042500082F3108893E02369EFF3108272B6D3E8FB
:10426000CF0F01210028FAD1C3E8401F0028F6D162
:10427000BFF35F8FB4F804800FFA88F84FF6FF732E
:10428000A38021690023C1E88F3F82F310881AE0E0
:104290001F4630F90A60002E0FDBB7F9003003EB40
:1042A00043034FEAC30A00EBC3039968DA68BCEB27
:1042B00001016EEB0202002AEADAA7F8008030F969
:1042C000098020F80960B8F1000F5DDB606908EB38
:1042D00048034FEAC30900EBC303D3F808C0D3F87F
:1042E0000CE004F10807B4F90860D4E70023A371D7
:1042F00004F1080CB4F9083010E04FF0FF384FF02B
:10430000FF39C0E90289B4F90800984205D0ACF839
:104310000020B4F90800C85323811346B3F1FF3FCE
:1043200035D0616903EB4302D70001EBC20031F9DC
:104330003220468816F4004FDFD18446EDE700BFF7
:1043400000800B40A40F002070A40010D0AC00101F
:104350009CA40010DD400010284600F03BFA3F1AF4
:1043600066EB0106012F76F1000628DA039A012395
:104370009340EB63B4F90860002EBFF6D0AEA3887B
:1043800013F4004F3FF467AFA379002BAED1B4F91B
:104390000830002B13DB626903EB430302EBC3031A
:1043A0009F68DE68B6F1FF3F08BFB7F1FF3FD3D08B
:1043B0003A46334603992846FFF778FECCE740BFDC
:1043C00005B0BDE8F08F00BFF8B504460D461146B4
:1043D0000A4B984210D000262E44012707FA05F513
:1043E00025623046FFF76EFB39463046FFF748FB43
:1043F00004F501542560F8BD0426EDE700800B406C
:10440000F8B504460E4617461D46C160FFF772F91F
:10441000164B034423612770ABB263814FF05042C7
:10442000127862704FF6FF722281A280013B638096
:104430004FF0000C08E00CF1FF300CEB4C0E636900
:1044400023F83E000CF1010CAC45F4D3084B9E421E
:1044500014BF0023012307EB8303064A42F82340DD
:10446000054A39463046FFF7AFFFF8BD100F002070
:1044700000800B40A40F0020DD40001008B50B4861
:104480000368EFF3108172B6D3E8CFCF0122BCF1FD
:10449000000FF9D1C3E84C2FBCF1000FF4D1BFF3EA
:1044A0005F8FFCF70BFF0020002108BD7012002079
:1044B00008B5054B1B690BB1034808BD034B044A03
:1044C0006521044803F0B4F9CC0A0020DCA40010F4
:1044D000B8AC00109CA40010F8B504469E460069D4
:1044E000EFF3108172B6D0E8CF6F0125002EFAD11C
:1044F000C0E8465F002EF6D1BFF35F8FB4F90250DB
:10450000666905EB4500C70006EBC000002D03DB24
:1045100036F907C0A4F802C04FF0000C2369C3E8C5
:104520008FCF81F31088654533DB069901610799C8
:1045300041618260C0F80CE0418889B20131C1F369
:104540000E0101B9012141802846FFF7C4FD23690E
:10455000EFF3108272B6D3E8CFCF0121BCF1000F88
:10456000F9D1C3E84C1FBCF1000FF4D1BFF35F8F4A
:10457000A388F353A58021690023C1E88F3F82F30C
:104580001088E368217801228A4003F501535A60BC
:10459000F8BD4FF0FF30FBE770B582B00646154618
:1045A0001C469DF8203033B900F03EF9854264EB9B
:1045B000010100290ADB079B0193069B00932A4611
:1045C00023463046FFF788FF02B070BD0020FBE7AE
:1045D000F0B585B005460C4616461F46FFF768FF46
:1045E0009DF828300293019700962A462346FFF74C
:1045F000D3FF05B0F0BD03464089B0EB214F31DD5C
:1046000010B50A14586902EB420200EBC2001A69A5
:10461000EFF3108C72B6D2E8CF4F5FF0010E002C92
:10462000F9D1C2E844EF002CF5D1BFF35F8F428887
:1046300092B289B28A420FD0002019690022C1E8E3
:104640008F2F8CF3108830B1DA681B7801219940E4
:1046500002F50153596010BD42F40042428001202E
:104660009871EAE70020704710B50446FFF720FF75
:104670002146FFF7C0FF10BDF0B583B005460C46DC
:10468000EFF30583DBB293B1384B5B6A8B4209D3FE
:10469000364A926A824208D28B4201D0012002E05F
:1046A000002000E0002003B0F0BD0120FBE7FFF791
:1046B000FFFEC7680678384600F08CF82A1A64EBCB
:1046C0000101043657F826301B1A9A4271F1000195
:1046D00012DB20BF254B5B6A9C4209D8234A926AB1
:1046E000AA4207D29C4201D00120DCE70020DAE791
:1046F0000020D8E70120D6E7002300931C4A284673
:104700002146FFF765FF002818DD184B5B6A9C42C5
:1047100005D8164A926AAA4202D29C4200D120BF12
:10472000FFF7A2FF114B5B6A9C421BD80F4A926AAB
:10473000AA4219D29C4213D00120B4E70B4B5B6A0A
:104740009C4209D8094A926AAA4207D29C4201D0E7
:104750000120A8E70020A6E70020A4E70120A2E7A7
:104760000020A0E700209EE701209CE700000B400E
:104770007D4400100048704700000B4010B50A4B04
:104780001B6923B10A210948FFF734FC10BDFFF76C
:10479000F1FF0446032100F00BF810230322214609
:1047A0000148FFF72DFEEDE7CC0A00207012002033
:1047B00010B5054A054C064BA04214BF1846581CBC
:1047C000FEF77EFF10BD00BF00A5001000800B406B
:1047D000400F00200246436A906A1946536A994284
:1047E000FAD17047416A00E0416A9942FCD300E087
:1047F000416A994202D1816A9142F9D3704770B5FA
:10480000064614461D46FFF7E5FF021941EB050376
:10481000824273EB010102D24FF0FF321346304661
:10482000FFF7E0FF70BD000008B50248FFF7D2FFB8
:1048300008BD00BF00000B4008B502460B46024809
:10484000FFF7DDFF08BD00BF00000B4070B5049C02
:10485000344DB5FBF1FC344D1544344EB54237D8D8
:10486000B2FBFCF5A5F1100EBEF5987F36D803F12A
:10487000FF3EBEF1060F37D804F1FF3EBEF1060F32
:1048800032D8BCEB121F35D8240344EA0344036832
:10489000002B35DB264B984242D00E2301229A4052
:1048A000244B1A6003F580531A60234B9B6832EA4D
:1048B0000303FAD10160856000F5405204322123E0
:1048C00013600368002BFCDAC4600823136070BD1A
:1048D0001A4B1B4A11211B4802F0AAFF1A4B184A17
:1048E0001921184802F0A4FF184B154A1C2115483D
:1048F00002F09EFF164B124A2321124802F098FF45
:10490000036803F03F038B42C4D18368C3F30B03F6
:10491000AB42BFD1C36803F4EE23A342BAD1D6E7BA
:104920000F23BBE7001BB70080E84BD380F8A93208
:1049300000800540002002400000024024A5001035
:10494000E8AC001074A50010BCA50010D8A500109C
:1049500024A60010054A00EB400302EB83035960D4
:1049600000EB40008000012313507047008010408E
:1049700008B50023DB8A002242E800F212F4800F1F
:1049800002D11021984708BD04219847FBE7000099
:10499000034BD3F82838002BFAD0BFF35F8F704752
:1049A00000000E40002207E0054B13449B00BFF3BC
:1049B0005F8F002119600132072AF5D9704700BFC7
:1049C0000382031008B5FFF7EDFF08BD074B4FF456
:1049D0002A621A604FF48D72DA6003F50053044ABC
:1049E0001A60024B5B68002BFBDA704700800440C2
:1049F00000B0FA00054B984204D3054B984203D30C
:104A000000207047002070470120704710010010FF
:104A100024010010044B9B6843F82010BFF35F8F04
:104A200082F31088704700BF00ED00E0024B9B68E6
:104A300053F82000704700BF00ED00E0F8B50646CF
:104A40000D46EFF3108772B6FFF7F0FF0446A84259
:104A500002D0FFF7CFFF30B13A4629463046FFF784
:104A6000D9FF2046F8BD034B034A3921034802F021
:104A7000DFFE00BF40A60010F4AC001084A60010BA
:104A800070B503461046DD081B4E745D03F0070E3B
:104A9000012202FA0EFE04EA0E0403EB020C4FEAB6
:104AA000DC031644F35C0CF0070C02FA0CF2134022
:104AB000003B18BF01235B00002C18BF43F001032B
:104AC00013EA010207D000B970BD0A4619460B4827
:104AD000FCF710F80132012A0BD8012393400B4256
:104AE000F8D0054B1344585D5FFA8EF420435855B7
:104AF000F0E70120E8E700BF6C0F0020D8A6001007
:104B0000F8B505460E46FEF7BFFD07460724002C04
:104B100007DB002229462046FFF7B2FF18B9013C07
:104B2000F5E76FF008040EB1002C04DB3846FEF701
:104B3000BDFD2046F8BD0148FBF7DCFF2CA70010A7
:104B4000074B83420AD0052301229A40054B1A6085
:104B5000054B9B6832EA0303FAD170470423F3E75D
:104B6000E40A002000300240000002402DE9F04F2E
:104B700085B00746924601939DF838200F9EDDF8D8
:104B8000408003680025DD660368596003680121E1
:104B9000D966A94602952C46039227E03B79002B63
:104BA00032D0012330E0039A0AB1002230E0012222
:104BB0002EE060B93B685B6B13F0100F07D1002E3D
:104BC000F7D000214046B0470543EDB2F1E7044677
:104BD00040B93B68D3F88020029212BB002D32D13D
:104BE000CB4521D0002D37D109F10109019B994511
:104BF00032DA019B03F1FF3B16B101214046B04779
:104C0000B9F1000FCAD000239B02CB45CBD00022C4
:104C100043EA42231AF8011B3A680B43136120460A
:104C2000CDE75B6D01250EE0039B002BDAD10AE096
:104C300000214046B0470543EDB238B93B685B6B95
:104C400013F4007F02D1002EF2D1F6E704460028CB
:104C5000C8D13B681B6EC5E7039A45B164B9029B96
:104C60006BB113F0010F0DD113F0080F0DD03A7195
:104C7000484605B0BDE8F08F6FF00109F7E74FF047
:104C8000FF39F4E74FF0FF39F1E74FF0FF39EEE776
:104C90002DE9F04F83B0054600929A469DF83030DA
:104CA00001930D9FDDF8388003680024DC660368FB
:104CB000596003680122DA66A1462646D1453FDAEB
:104CC0000AF1FF3B17B101214046B8472B685A6FE4
:104CD000102AFBD0B9F1000F0AD000229202CB4576
:104CE0000BD0002142EA412242F480721A6115E0A1
:104CF0002A79002AF2D00122F0E7019909B10021B6
:104D0000F0E70121EEE72FB100214046B847064603
:104D10000443E4B2A4B92B689A6F4AB92B68D3F85C
:104D200080205A6B12F0400FEDD05B6D0124EAE752
:104D30001A69009B03F8012B09F101090093BDE7F3
:104D400014B13EB16FF00109019B2B71484603B0CD
:104D5000BDE8F08F4FF0FF39F6E70000F8B50446E4
:104D60000D460520FEF78AFC00EB5502B2FBF5F27A
:104D700002EB420C244BA3FB0C139F08A2EB9306FF
:104D8000224B9D4230D800EB40032149A1FB031385
:104D90009B0D0133B91E99422ED321680025CD66A3
:104DA00021680D6885F0040505F0060501F58051C0
:104DB0000D602168CE6121680F62BCF14F0F21D9CF
:104DC0001149A1FB0C5189092568C5F8A01021687B
:104DD000CD6F6B409BB201F58351CB6123680121FC
:104DE000D966B0FBF2F0F8BD00EB40030949A1FB26
:104DF0000313DB0D0133CDE7074B084A5D2108485B
:104E000002F016FD0121DFE7CDCCCCCC3F420F00F4
:104E10006BCA5F6B893BE65540A7001014AD0010CC
:104E200060A7001038B504460D46114B98421CD0BF
:104E30000522012393400F4A13602046FFF780FEAE
:104E4000002323712268D366226840F26511116045
:104E50002268D3632268936323680322C3F88820FF
:104E600029462046FFF77AFF38BD0422E1E700BF5C
:104E7000E40A00200020024010B584B0002402940F
:104E800001949DF818400094FFF770FE04B010BD27
:104E900010B584B00024029401949DF81840009449
:104EA000FFF7F6FE04B010BD074B98420AD01A2354
:104EB00001229A40054B1A60054B9B6832EA0303B6
:104EC000FAD170471B23F3E700800740003002400F
:104ED0000000024038B5046B14F0010F01D12046E8
:104EE00038BD00F5405340F201321A63436A856AC7
:104EF00005EB8315AD020620FEF7C0FB044BA3FBB8
:104F00000030C00AB5FBF0F00021FFF795FCE6E7A2
:104F1000757B2B8F70B505460C461646FFF7DAFFFA
:104F2000EB6A5C40344005F58153DC60286370BD5A
:104F300070B505460C460620FEF7A0FBC300B3FB88
:104F4000F4F30133DC0907D04FF6FE72944214D813
:104F50002646C3F3450400E001266E62AC620022DF
:104F600011462846FFF7D6FF0620FEF787FB800094
:104F700004EB8614B0FBF4F070BD00244FF6FF760E
:104F8000EBE7000049B10A22054B984214BF00200C
:104F90000120044B23F8102070474FF48072F3E790
:104FA000008007407812002038B504460D460620E0
:104FB000FEF764FBF8B1114B9C421DD01A2201236D
:104FC00093400F4A13602046FFF76EFF00212046F2
:104FD000FFF7D8FF29462046FFF7AAFFE36A83F0D0
:104FE000700303F07E0304F58152D36040F2013375
:104FF00023630323A36438BD1B22E0E7008007403E
:105000000020024010B5044602E054F8043B9847E3
:10501000014B9C42F9D310BD109000107047000066
:1050200008B50248FFF7EEFF08BD00BFD08F0010A3
:10503000064B074A1A6003F58053064A1A60064B6E
:105040009A68044B9343FAD1704700BF0020024096
:105050007F3BEFEFF6FFF30300000240054BDB6CF4
:10506000B3F5004F00D07047034B4FF48022DA6451
:10507000F9E700BF00001150002011504FF0E0226E
:10508000D2F8881D034B0B43C2F8883D10EE300464
:10509000704700BF03033000054B6FF060421A6099
:1050A000044B9B68DB4333F06043F9D1704700BF8A
:1050B000003002400000024008B545F25320FFF7DF
:1050C00057FC03460420984708BD08B545F2532015
:1050D000FFF74EFC03460120984708BD08B5FEF7D0
:1050E0001FFB08BD10B50C490C4A521A9210144609
:1050F000442A28BF44229200094803F0ABFE04E092
:10510000084A074B43F824200134432CF8D9044AB9
:10511000054B9A6010BD00BF000000101001001088
:10512000000000201101001000ED00E038B504205F
:10513000FEF7A4FA064BA3FB0035AD0C002404E0F7
:105140002946E0B2FFF706FC0134052CF8DD38BD36
:1051500083DE1B4330B583B0264B0022C3F8842086
:10516000FFF734FC244B0122DA63224B5B6C012BEA
:10517000FBD1214B03221A631E4B9B6B012BFBD1EE
:105180000224009405231D4A01211D48FFF75EFB00
:10519000052500952B461B4A01211B48FFF756FBAE
:1051A0001A4B002221460420FEF75EFA184C2346D3
:1051B000002201212846FEF757FA164D2B46002201
:1051C00011460820FEF750FA2B460022114609200E
:1051D000FEF74AFA2346002211460620FEF744FA5B
:1051E0002346002211460720FEF73EFAFFF79EFFF6
:1051F00003B030BD0000014000300140002F68596D
:1052000000000540008C864700800540001BB70069
:1052100080D1F008006CDC0286B003B451FC0804B5
:10522000CDE9020151FC0904CDE9040151EC0A0465
:10523000CDE9060103BCF047BDE800504EEC00C4C8
:10524000BDE800504EEC01C4BDE800504EEC02C475
:1052500000BD000000B5FFF7DFFF02E010FE30F4F4
:10526000F8D441EC100443EC112400EE010410EEDC
:10527000010480EE200451EC1004704700B5FFF7E4
:10528000CBFF02E010FE30F4F8D441EC100443EC04
:10529000112400EE010410EE210480EE200451ECF4
:1052A0003004704700B5FFF7B7FF02E010FE30F49E
:1052B000F8D410B541EC100443EC112451EC040473
:1052C00053EC0524A0FB024C5FF0000EE0FB03CE84
:1052D000E1FB02CE4CEC20440024E1FB03E444EC6F
:1052E00030E480EE200451EC5004BDE810407047DB
:1052F00000B5FFF791FF02E010FE30F4F8D441EC66
:10530000100443EC112451EC2104A0FB01126FEABC
:10531000820252FB100052FB12F252FB1000A0EB73
:10532000D07C53EC04245CFB13F153EC1524A1FB5B
:10533000022001FB030053EC4424A2EB000050FBCD
:105340001CF24FEA111312EB017043EBE27140EAD9
:10535000515020EA915020F0070053EC7524A0FB37
:10536000023C53EC752400FB03CC01FB02CC53EC54
:105370000424ACEB824C40EA5C70A0F1010041ECEB
:10538000400480EE200451EC7004704700B5FFF734
:1053900043FF02E010FE30F4F8D441EC100480EE3C
:1053A000220410EEB204704700B5FFF735FF02E0AB
:1053B00010FE30F4F8D440EC700400EE010410EE5E
:1053C000210480EE200451EC3004704700B5FFF753
:1053D00023FF02E010FE30F4F8D440EC600400EE4D
:1053E000010410EE210480EE200451EC30047047DB
:1053F00000B5FFF711FF02E010FE30F4F8D441ECE5
:10540000800400EE010410EE010480EE400410EE72
:105410001304704700B5FFF7FFFE02E010FE30F402
:10542000F8D441EC800400EE010410EE010480EE9B
:10543000400410EE3304704700B5FFF7EDFE02E0C4
:1054400010FE30F4F8D441EC100443EC112400EECB
:10545000010410EE3004C0F30070704700B5FFF790
:10546000DBFE02E010FE30F4F8D443EC102441ECF3
:10547000110400EE010410EE30F48CBF0120002076
:10548000704700BF00B5FFF7C7FE02E010FE30F422
:10549000F8D443EC102441EC110400EE010410EEAA
:1054A00030F42CBF01200020704700BF00B5FFF78B
:1054B000B3FE02E010FE30F4F8D441EC100443ECEB
:1054C000112400EE010410EE30F42CBF0120002066
:1054D000704700BF00B5FFF79FFE02E010FE30F4FA
:1054E000F8D441EC100443EC112400EE010410EE5A
:1054F00030F48CBF01200020704700BF404261EBB8
:10550000410140F2F334B1FA81F20C2A0CD2153287
:1055100011FA02F3C2F12002D04021FA02F1224432
:10552000584141EB0251704769B1C2F12B0230FA88
:1055300002F3C2F12002914090401943A4EB020211
:1055400001EB0251704701004FF00000A4F120046C
:10555000D9D17047012767F31F5117FA03F817D005
:10556000A0FB080701FB0871A1FB06785FEAD8469B
:105570009219A6FB047806FB0588090351EA10512D
:10558000D7EB003061EB0801A94238BF70470BE050
:105590000C33012717FA03F80FD0A0FB080701FB13
:1055A0000871A94238BF704708BFA04238BF704792
:1055B000001B61EB05010132704703F1200311FA72
:1055C00003F6D3F12003D840D940304370470000A0
:1055D00000000000000000000453B1086018850FAF
:1055E000C8E5F22A6E07271E0D12B2210412572FAA
:1055F00012557CBCDA30723F17A717A55531994E6A
:105600009D0DBF0AEEE0AB5FE3EF6D9C7636AD6FAC
:10561000697BCCE33D62BD7EF0810682F3FA428F66
:1056200037D5B78A5313C89E7FABB320491570AFE7
:105630000000000000000000025E88155580FF0099
:10564000907806B1A602FE01DC4E21F0EB88FB0249
:105650007A7C801F1615F8033C5DA9D110A9F304CC
:10566000AA466CF5C146EE05FF65E4EB09F0E706D6
:1056700013C00C9EC3A6E007E1BFEC91C46CD80830
:10568000D5AF5EFFDC43CF09466A72E4D72DC50A69
:10569000237E6E197B2CBA0BBFF571648741AE0C6B
:1056A00061DFB88CB86EA10D09A9856DC5B5930EE3
:1056B0003153B1086018850F3071E4983598751032
:1056C0005915550580FF0F0009C3EB8F80FB2F0094
:1056D000B1910E9A82F34F001FE7FD2287E76F001A
:1056E000C3A09A298FD78F004F4366AC9BC3AF00EE
:1056F000412A83A9ADABCF004FB7B41EC68FEF00D0
:10570000B6815F09E66F0F01678589660E4C2F0130
:105710001A52DA3240244F01483A9B6A7CF86E01F3
:10572000FF81B709C4C88E019C8DBC0B1895AE01D2
:105730007010DA6B795DCE013A3BE224E921EE018B
:1057400038739533427FECA03114FAF5BD86899108
:105750006B02FAE6E0F29183E682120713A8517712
:10576000212621686AB2736A9D0DBF0AEEE0AB5F25
:1057700019B4E0B71CB66A549596E53DEF07A54805
:10578000D1CBE555DC0E4E3CCE68ADE839B5A43240
:10579000CB3CFA96D9569A28C9B21CA1F9FCAE2185
:1057A000864B6BE58AD2F0160453B1086018850F5A
:1057B00002C00C9EC3A6E00700000000000000002D
:1057C000AC79CFD1F71772B1293BAAB84FEAC12003
:1057D00040F00040490043F1200340F20001C3F6CD
:1057E000F071C3F10B0320FA03F038BF7047404259
:1057F00061F1000170475FEAD17CC1F30A53A3F263
:10580000FF330C2B62DA13F1200FDFDD2DE9F041BD
:105810003C4C70CC4FF00002FFF79CFE1CF0010FD7
:1058200004D06FEA0202201A65EB010102F2FE3C8D
:1058300040F2FE739C455CD20A0F334B03EBC2036C
:105840000CCB02F03F0545F04005801A99410A0E45
:105850002E4B03EBC20318CB02F580725543C01ADE
:10586000A1414A0D2A4B03EBC20318CB124402F5A7
:10587000805205FB0255C01AA1418A0252EA905299
:1058800042F1000282FB02345B0D53EAC423C018CC
:1058900041EB545184FB02344FF0553383FB043405
:1058A00054FB11F304EB930410EB440241EBE4735B
:1058B000E900A1FB0240C1FB0301400A50EBC150CB
:1058C0004FEA512151EB0C51BDE8F081B3F5806FE7
:1058D00007D150EA01320CBF21EAE17141F4002105
:1058E0007047002000211CF0010F08BFC7F6F071BF
:1058F00070474FF000004FF00001A8BFC7F6F071ED
:10590000BDE8F081C0570010D0550010305600108F
:10591000C056001040F20001CFF6F0710020704731
:1059200050EA013218BF41F4002170477FEAA655C2
:1059300040F019814FF4805420E18CEA11331B06AA
:1059400040F0EE80BCF1000F67D1C90451EA50313C
:10595000C004B1FA81F4202C4BD20125A540A0FB54
:10596000052301FB0533A0FB03C5A1FB02C6E1FB38
:105970006356B2EB152263F10003B2EB066273EBE0
:105980001623A0FB06C7A1FB05C8E1FB66784FF014
:105990005535A7FB05C65FF0000CE8FB056C16EB60
:1059A0000C064CF1000C12EB963243F1000312EBA3
:1059B0008C4243EB9C3358FB11F55FF0333755FBBA
:1059C00011F656FB17F8A5EB581756FB11F5C2F662
:1059D000802656FB15F507EB1537B2EB472063EB36
:1059E000D751C4F58064A4F11504FFF78CFDBDE820
:1059F000F081B0FA80F410FA04F1A0FB01234FF01B
:105A00000000B0EB132061F10001C4F58064A4F143
:105A10003504FFF778FDBDE8F081890451EA903143
:105A20008004404261EB4101B1FA81F4202C4ED256
:105A3000013C0125A540A0FB052301FB0533A0FB8C
:105A400003C5A1FB02C6E1FB635612EB152243F12D
:105A5000000312EB066253EB1623A0FB06C7A1FB63
:105A600005C8E1FB66784FF05535A7FB05C65FF02A
:105A7000000CE8FB056C16EB0C064CF1000C12EB6D
:105A8000963243F1000312EB8C4243EB9C3358FBFC
:105A900011F55FF0333755FB11F656FB17F805EBA0
:105AA000581756FB11F5C2F6802656FB15F507EB85
:105AB000153712EB472043EBD751C4F58064A4F1AE
:105AC0001504FFF720FD41F00041BDE8F081B0FA78
:105AD00080F410FA04F1A0FB01234FEA1320C4F56F
:105AE0008064A4F13504FFF70EFD91F00041BDE89C
:105AF000F0815FEA410CBFF40DAF5FEA5C5C3FF4FC
:105B000009AFACF2FF3CBCF5806F3FF409AF012256
:105B100062F31F512DE9F041BCEBEC7F3FF40DAF78
:105B20000C0C4E4D05EBC40595E80C0002F03F054A
:105B300005F14005A5FB000605FB01616FEAE144A4
:105B400004F01F04464D05EBC40560CD521943EB2C
:105B5000060304F58074A4FB000604FB01667FEADB
:105B600026643FF4E3AE3F4D05EBC40522CD521849
:105B700043EB050341F2010505EB44046404A4FB77
:105B80000050C4EBC401E4FB060180EAE17481EA41
:105B9000E175A5FB0567A4FB05487F084FEA3606BB
:105BA00016EB080647F100078C0254EA905444F1C2
:105BB0000004801B61EB070154FB14F555FB14F640
:105BC00055FB15F74FF0553456FB14F6B6EB173668
:105BD00010EB860041EBA671101A63EB0101224A1B
:105BE00024CA1CF1010C0BDDA2FB0C230024E5FBF5
:105BF0000C34121A8B4164F100045FF080410CE018
:105C0000DCF1000CA2FB0C230024E5FB0C34821811
:105C10004B4144F100045FF040414CB91C001300BB
:105C20000022B1F100711CB91C000023B1F1007118
:105C3000B4FA84F5A5F11D06A1EB0651AC4013FAA8
:105C400005F0C5F12005EB401C43EA401043C00AB3
:105C500050EB445041EBD421BDE8F081C056001018
:105C600030560010C0560010C0570010C0F3C75384
:105C70006BB17F3B0DD4C3F11703002B0BDD012269
:105C800002FA03F3013B034207D11046704701209B
:105C90007047002070470120704700207047C0F314
:105CA000C7537F3B0DD4D3F117030CD401229A4084
:105CB000013A024209D1172B09D0D84000F0010067
:105CC0007047002070470020704700207047012077
:105CD000704710F0FF4308D0B3F1FF4F07D0C0F377
:105CE0001600B0FA80F0400970470020704700208D
:105CF000704738B50546012911D00C4601EBD1712A
:105D00004910FFF7F6FF07EE900A67EEA77A14F046
:105D1000010F06D007EE105A67EE877A01E007EE12
:105D2000900A17EE900A38BD08B5002902DBFFF78C
:105D3000E0FF08BDF7EE007A07EE100AC7EE877A9B
:105D400017EE900A4942F2E770B50E4603F028F9C3
:105D5000FFF7CFFE04460D46304603F021F9024618
:105D60000B4620462946FFF7A1FAFFF744FDFFF74F
:105D700011FB70BD2DE9F0410F460446C60F12D04D
:105D80000846FFF78CFF40B1394604F10040FFF7A9
:105D9000F1FF00F10040BDE8F081394604F1004018
:105DA000FFF7E8FFF7E707EE901AFDEEE77A17EE48
:105DB000908AFFF78EFF58B9B8F1000F2BD008F189
:105DC0002003402B22D939462046FFF7BDFFE2E7EA
:105DD000C4F3C7547F3CB8F1FF0F05DC18F5807F92
:105DE00004DA6FF0FF0801E04FF0FF0804FB08F44D
:105DF00004F17F03002B07DDFE2B03DCE40504F137
:105E00007E5601E04FF0FF463046C4E7414620464B
:105E1000FFF78AFFBFE74FF07E50BCE708B52DEDD6
:105E2000028B08EE100AF7EE007A37EEC87A78EEA9
:105E3000277A67EE277A17EE900A10F0FF4F01D00D
:105E4000002809DB03F0C0F8014618EE100A00F044
:105E5000B5FABDEC028B08BD4FF0FF40F9E700003A
:105E600038B52DED028B08EE100AF7EE007AB4EE8D
:105E7000678AF1EE10FA1DD00C460B4611F0FF4276
:105E800018D0FFEE007AB4EE678AF1EE10FA02D174
:105E9000B2F1FF4F5ED018EE105A15F0FF4F18D137
:105EA000002B0CDB2046FFF7FAFE002855D018EE39
:105EB000100A01E04FF07E50BDEC028B38BD204649
:105EC000FFF7EDFE00284AD005F0004040F0FF400B
:105ED000F2E7EA0DFF2A13D040F2FF118A4213D0F5
:105EE000DB0DFF2B1FD040F2FF118B4220D020464C
:105EF000FFF7BCFE10BB002D26DA4FF0FF40DBE7BA
:105F0000002B2FDA0020D7E7002B05DB2046FFF718
:105F1000C6FE50B31A48CFE72046FFF7C0FE38B39D
:105F20004FF00040C8E7D2B27E2A23DC0020C3E74E
:105F3000D2B27E2A21DC4FF0FF40BDE7214618EEA9
:105F4000100AFFF717FFB7E7214618EE100AFFF710
:105F5000FBFEB1E74FF07E50AEE70020ACE74FF01C
:105F6000FF40A9E74FF0FF40A6E74FF0FF40A3E74F
:105F70000020A1E74FF0FF409EE700209CE700BF14
:105F8000000080FF00000000000000000000000092
:105F9000DB60BE284A059193F4D5097F70374D7DAB
:105FA00066A5D83610E4104FAFF224024B1102EB75
:105FB000830201F01F034FF001049C40A4FB003456
:105FC000D568A5FB0456956805FB0466E5FB0356FA
:105FD000556805FB03667047410201D150F000404F
:105FE00050F480007047F0B5012363F3DF50C1F136
:105FF00009014FF07E07FFF7D7FFB30F53F10003FE
:106000009C44B6EB8376B20028BF5242B2F1805F67
:106010000BD20231FFF7C8FF96EA260242F10002D6
:10602000B2F1805F01D2023FF3D50A4CA2FB0424F7
:10603000B4FA84F29440240AA7EB020244EBC25063
:10604000C10DD1F17F01F60F00EBC673BDE8F04042
:1060500073E00000A2DA0FC911F1800FBCD030EA62
:10606000CC7248BF0CF1020C20F0004000EE100A88
:106070000DA2F2EC032A22EE802A11F1080FB9FEDC
:10608000422AB0DDA2EE630AA2EE430A10EE103AF5
:10609000FDEEC21AC3F3C752782AA4D3D2F17F010E
:1060A00011EE902A944448E083F9223F7A7795B61E
:1060B0000010C93F07B5C0F3C751FF2925D000F034
:1060C00032F8BDE80640CEF800000ED2C9438CEA93
:1060D000D17C63EEA02AE1EE032A73EE622A12EE6F
:1060E000900A80EACC70106000BD8CEAD17C21EE71
:1060F000232AA3EE602A8CEAD37133EEC22A12EE71
:10610000100A80EAC170106000BD4102BDE80E4077
:1061100001D150F0004050F48000106018607047CA
:106120005FF0000C01E05FF0010CC0F3C751A1B3B8
:10613000D1F17F0190D920EACC7323F0004000EE2A
:10614000100AC0F38440203030FA01F1834A51F143
:106150000001B2EC024A02EB810202EBC102D2EC76
:10616000032A70EE620A20EEA01A5FEA5C0C61EE70
:10617000201A15D221EE041A61EEA41A70EEE10A7B
:1061800021EE232AA3EE602A8CEAD37133EEC22AD1
:1061900012EE100A80EAC170704700F00040C7E7B5
:1061A00061EEA41A70EEE10A21EE041A63EEA02A51
:1061B000E1EE032A73EE622A12EE900A80EACC70B6
:1061C000704700BFAFF30080C1FEFF3E25AA2A3E04
:1061D000000000000000803F0000000061C9FC3C9E
:1061E000CDE07F3F1CBFFC3C7605813DFE7D7F3FBF
:1061F0009EEF803D090CBF3D0FE37E3F22C5BE3DB3
:10620000B624FF3D14047E3FE27BFE3D13071F3E94
:1062100048EB7C3FA0631E3E6D30403E1D817B3FBE
:1062200015103F3EA2AD603ECFDC793F3EE15E3EC1
:106230007B0D803EFA08783F96717D3E6E988F3ECA
:1062400065FF753F68B88D3EF4E19F3E939E733FB6
:10625000FD4B9D3EC654B03EAEF7703FB3DDAC3E45
:10626000C589BF3E604B6E3F0A1ABB3E26C4CF3E77
:10627000CA356B3F631CCA3EF254E03E66D1673FAD
:106280000739D93EDDF0EF3E4B66643F1641E73EED
:10629000312B003F8894603F0FC3F53E07E4073F72
:1062A000A2C55C3F2B99013FC51F103F8F7D583F12
:1062B00065A1083F8AF6173FB534543FCA310F3FF6
:1062C000E2FF1F3F599B4F3FD7C8153F4606283F67
:1062D0006BCF4A3FC4371C3F4130303FE0B9453FA8
:1062E000E49A223FA71D383FCA98403F20A6283F86
:1062F0002FC73F3FAC763B3F4A562E3FDB13483F0C
:10630000CCB6353F6B52343F79C74F3F2F35303FC6
:10631000D0B4393F52DD573F70412A3F912D3F3F66
:1063200026CE5F3F9F3E243FC35D443FF125683F3B
:1063300050C21D3F1C9D493FE13B703F4150173FFC
:10634000BF7E4E3F7810783F71ED103FAF06533F50
:10635000D4F47F3FA75A0A3F9B64573FC86100109F
:1063600051F48000704703D1B3F1FF4F3CD106E0F8
:1063700050F480007047FBD1B3F1FF4F49D1013891
:1063800001391BE003F00043B2F5000F02D20BE02D
:1063900002F0004243EC102A80EE201A1EE003F0C7
:1063A0000043B2F5000F04D241F07E5106E002F046
:1063B000004243EC102A80EE801A24E020F00042D4
:1063C00021F0004343EC102A9A4214D880EE201AA0
:1063D000B3F5000FD6D3B2F5000FD9D3B3F1FF4F09
:1063E000BED8B2F1FF4FBED200294CBFDFF82CC19E
:1063F0004FF0000C11E080EE801AB3F5000FCED301
:10640000B2F5000FD3D3B3F1FF4FA9D8B2F1FF4FCC
:10641000B1D2DFF804C191F0004142A2F0EE411A7E
:10642000FFEECD1A11EE903A5B0853F1000302EB38
:10643000C302D2ED012A22EE810A71EE620AF7EE62
:10644000002A32EE800A32D080EE800A12680029DB
:1064500048BF52426244002848BF5242002A07D532
:106460005242B2FA82F39A400BD0C3F5C07305E0F2
:10647000B2FA82F39A4004D0C3F18003120A42EBCD
:10648000C35220EE001ADFED261A21EE001A90EA20
:10649000010F21EE211A02EE102A30EE410A54BFFC
:1064A00032EE000A32EE400A10EE100A704780EE1B
:1064B000800A6246002848BF5242002A07D552424D
:1064C000B2FA82F39A400BD0C3F5C07305E0B2FA7A
:1064D00082F39A4004D0C3F18003120A42EBC35204
:1064E00020EE001ADFED0E1A21EE001A90EA010FDD
:1064F00021EE211A02EE102A30EE410A54BF32EE8C
:10650000000A32EE400A10EE100A10F0FF4F18BFDA
:10651000704700F000407047A9F6433251ED8764A0
:10652000ABAAAA3E000000000000000023EEFF001E
:10653000BB01003DDC88FE012A997F3D700AFE0206
:106540000312C03D28D2FA036803003E70ABF50485
:10655000EAFD1F3EF856ED05DCDD3F3EA0CFE40628
:106560002514603EE0D3D8075D21803E6004C60854
:10657000A500903E7067B2099214A03E506D990A32
:106580007713B03E106D7A0BA0F4BF3EE03C590C7F
:106590009F01D03ED0EB330DBC1BE03EB07A080E1D
:1065A000BD1FF03E8061D50E98EFFF3E80DEA10F4B
:1065B000BF0E083F009D631031EC0F3FE0902611A5
:1065C000FD0C183FC014E0116500203FE051961209
:1065D000BE08283F00D446137D0A303FC0C7EF13E2
:1065E0002FEE373F60899814320C403FC0A8371512
:1065F00042EF473F60CCD41530F64F3F80F26E1625
:106600003415583FC075FF161EEF5F3FA016911757
:106610004D18683FA05A1B182217703F6005A1183B
:106620007110783F6040211951F47F3F704720B1CD
:1066300008B50A684968904708BD704701460020C0
:1066400008E000EB8000531C0B60137803EB400361
:10665000A3F130000A681378303BDBB2092BF0D984
:1066600070472DE9F04F83B005460E4693461F460E
:10667000DDF830A00D9CDDF838900F9B13F0030F70
:1066800019D1A046019208E002F1010B3B463146C8
:106690002020A84708F101085A46C845F4D3DDF880
:1066A00004B008E0013C02F101083B4631461AF80B
:1066B0000400A8474246002CF4D10F9B13F0020FB0
:1066C00009D1104603B0BDE8F08F541C3B4631465B
:1066D0002020A8472246A2EB0B034B45F5D3F0E759
:1066E0002DE9F04385B099460C9D0D9C9DF83880AE
:1066F000DDF840E0119F129E16F0020F21D17FB10C
:1067000016F0010F0CD0B8F1000F02D116F00C0FEB
:1067100006D0013F04E04FF0300C05F804C001340E
:10672000744501D21F2CF6D916F0010F09D0BC42D6
:1067300007D21F2C05D84FF0300C05F804C00134E7
:10674000F2E716F0100F14D016F4806F04D11CB1CC
:10675000744522D0BC4220D00F9B102B33D00F9B0E
:10676000022B3DD01F2C0ED84FF0300C05F804C082
:1067700001341F2C07D8B8F1000F39D04FF02D0C81
:1067800005F804C0013403960297019400954B4626
:10679000FFF767FF05B0BDE8F083B4F1010C1DD031
:1067A0000F9B102B0ED064460F9B102BD7D116F0E9
:1067B000200FD4D01F2CD2D84FF0580C05F804C0AD
:1067C0000134CFE7023C16F0200FEDD11F2CEBD89F
:1067D0004FF0780C05F804C00134C3E76446BBE70A
:1067E0001F2CD0D84FF0620C05F804C00134B9E773
:1067F00016F0040F05D04FF02B0C05F804C001343F
:10680000C1E716F0080FBED04FF0200C05F804C009
:106810000134B8E7F0B591B0169C189D1B9E0CB9D9
:1068200026F0100616F4806E1DD064B34FF0000EF3
:1068300019E016F0200F24D04127BC445FFA8CFCED
:10684000ACF10A0C5FFA8CFC0EF101070EF1400E60
:10685000EE440EF820CCB4FBF5FCAC4214D31F2F51
:1068600012D8BE466446B4FBF5FC05FB1C4C5FFA2F
:106870008CFCBCF1090FDCD80CF1300C5FFA8CFCFD
:10688000E2E76127D9E7274606961A9C0594199CEA
:10689000049403959DF85C400294019708AC009421
:1068A000FFF71EFF11B0F0BD2DE9F04F95B0099034
:1068B0000A910B929846DDF878B0DDF87C90229D25
:1068C000239F269E5BEA090201D126F0100616F4EA
:1068D000806424D05BEA09022FD000241FE016F068
:1068E000200F28D041231344DBB20A3BDBB204F172
:1068F000010A04F150020DEB020404F8203C2A4680
:106900003B465846494602F04FFBAB4579EB070939
:1069100015D3BAF11F0F12D85446834689462A462A
:106920003B465846494602F03FFBD2B2092AD6D828
:106930003032D3B2DBE76123D5E74FF0000A069689
:10694000259B0593249B049303959DF88030029327
:10695000CDF804A00CAB009343460B9A0A99099812
:10696000FFF7BEFE15B0BDE8F08F0000000000008C
:106970002DE9F04F93B004460D4617461E46DDE95B
:106980001CAB52465B4650465946FEF759FD00285F
:1069900040F0F3804FF0FF32AD4B50465946FEF7C2
:1069A0009DFD002840F0E9804FF0FF326FF4801326
:1069B00050465946FEF756FD002840F0DE80002282
:1069C000002350465946FEF74DFD002840F0E68072
:1069D000CDE906AB209B13F480630F9301D106230E
:1069E0001E93DDE9062310461946CDE90A01079BEF
:1069F00052EA030100F0DC80C3F30A50C3F313032F
:106A0000904643F07F5949F44019A0F2FF30FEF759
:106A1000CFFC7DA3D3E90023FEF748FC7CA3D3E998
:106A20000023FEF71BFCCDE908010022894B4046FC
:106A30004946FEF727FC78A3D3E90023FEF736FC8E
:106A400002460B46DDE90801FEF708FCFEF7D4FC20
:106A50000890FEF7ADFC8046894671A3D3E9002378
:106A6000FEF724FC00227C4BFEF7F8FBFEF7C4FC8B
:106A70000A906DA3D3E9002340464946FEF716FC71
:106A8000804689460A98FEF793FC69A3D3E9002360
:106A9000FEF70CFC02460B4640464946FEF7F2FB69
:106AA0008046894602460B46FEF700FCCDE90C0104
:106AB0000A9B03F2FF3300210022CDE90A121B05D5
:106AC0000B9300230A9342464B4640464946FEF745
:106AD000C5FBCDE9100142464B4600204FF08041F6
:106AE000FEF7D0FB8046894600225C4BDDE90C01B5
:106AF000FEF702FC00225A4BFEF7B0FB02460B46A3
:106B0000DDE90C01FEF7F8FB0022564BFEF7A6FB71
:106B100002460B46DDE90C01FEF7EEFB02460B4692
:106B200040464946FEF79AFB02460B46DDE9100156
:106B3000FEF7E2FB00224C4BFEF790FBDDE90A2357
:106B4000FEF7B4FB80468946CDE90A89DDE90623D4
:106B5000FEF7C4FC50B1089B013B08930022404B58
:106B600040464946FEF7C8FBCDE90A01089B63335E
:106B7000C62B46D84FF004081EE0209B04931F9BB1
:106B800003931E9B0293CDE900AB33463A46294658
:106B9000204600F0FDF813B0BDE8F08F9FED267B96
:106BA0008DED067BCDF818A00BF10043079311E79C
:106BB000002308934FF00408209B13F4006F5FD06C
:106BC000DDE90A1213460B4313D01DA3D3E90023BA
:106BD000DDE90601FEF76EFC002800F0B4801AA380
:106BE000D3E90023DDE90601FEF73CFC002800F0B4
:106BF000AA801E9A089B9A4238DDD31A013B1E9345
:106C000036E04FF00508D7E7FB799F501344D33F98
:106C1000B3C8608B288AC63F61436F63A787D23FA2
:106C200071A379094F930A401655B5BBB16B024069
:106C3000EF39FAFE422EE63F00000000000000009F
:106C40002D431CEBE2361A3F0000000080842E41E9
:106C5000FFFFEF7F0000F83F0000E03F00002C4006
:106C600000002440000018400000F03F00231E9365
:106C7000209B43F4806320934FF00008CDF82080E0
:106C80001F9B984569D2A3EB0809209B13F00203D0
:106C90000C9304D0B8F1000F01D04FF00009089B0D
:106CA0003BB1DDE90A23DDE90601FEF725FBCDE96D
:106CB00006010022002350465946FEF7D3FB002868
:106CC0004ED1209B23F400630493CDF80C901E9BBF
:106CD00002939DED067B8DED007B33463A462946B7
:106CE000204600F055F8B8F1000F3FF454AF209B58
:106CF00013F0200F3CD04FF0450C00F10109334652
:106D0000024629466046A047089981EAE172A2EB53
:106D1000E1720523059308F1FF33049300230393E5
:106D20000A230293CB0F0193009233464A46294629
:106D30002046FFF76FFD0C9B002B3FF42CAF024663
:106D4000DDF87C901EE01E9B002B99D00F9B002B42
:106D500096D01E9B013B1E9392E74FF0000994E7EB
:106D6000DDE90601024601F10043CDE90623A8E76B
:106D70004FF0650CC1E702F1010833462946202097
:106D8000A0474246D31B4B45F5D3104603E700BF4F
:106D90002DE9F04F2DED028B95B007900A919246A8
:106DA0009B46DDE92089229D42464B4640464946A6
:106DB000FEF746FB002835D14FF0FF326FF4801309
:106DC00040464946FEF74EFB00283AD14FF0FF32CD
:106DD000B14B40464946FEF781FB002840D1AAA3AB
:106DE000D3E9002340464946FEF778FB00284DD101
:106DF000A7A3D3E9002340464946FEF733FB00280A
:106E000044D10022002340464946FEF72BFB0028D0
:106E10004AD100230B93249B13F4806F00F0B580BC
:106E2000002454E0249B0393239B029303230193A8
:106E30009A4B00935B4652460A990798FFF711FC5C
:106E40001BE1249B0393239B029304230193944B04
:106E500000935B4652460A990798FFF702FC0CE143
:106E6000249B13F0040F0ED08E4B0422249903911F
:106E700023990291019200935B4652460A99079822
:106E8000FFF7EFFBF9E0884B0322EFE7249B049325
:106E9000239B03930295CDE900895B4652460A99EC
:106EA0000798FFF765FDE8E042464B4600200021C9
:106EB000FEF7E8F98046894601230B93ABE704F11E
:106EC00050036B44302203F8202C013D01341F2C69
:106ED00001D8092DF3D840464946FEF78DFA0646FB
:106EE000FEF766FA02460B4640464946FEF7CAF9E7
:106EF0006E4B03EBC50393ED008B53EC182BFEF7A1
:106F0000D5F902460B46CDE90823FEF787FA074676
:106F1000FEF760FA02460B46DDE90801FEF7B2F91A
:106F200002460B46CDE908230022614BFEF7D6FA54
:106F300068B301373846FEF74DFA02460B4651EC6E
:106F4000180BFEF7A3FA08B1013600276DBB3046D7
:106F5000FEF72EFA02460B4640464946FEF792F9E6
:106F6000074688460022524BFEF77CFA00284CD197
:106F700000224F4B38464146FEF7B0FA002844D174
:106F800016F0010F41D001363FE0062548E7002208
:106F9000474BDDE90801FEF765FA0028D6D117B1A5
:106FA00017F0010FD2D00137D0E71F2C17D8013DC1
:106FB000404BA3FB0723DB08194603EB8303A7EB36
:106FC0004303621C303304F150000DEB000404F85D
:106FD000203C092F02D90F461446E6E714461F2C21
:106FE0000AD86B1E45B104F150026A44302102F800
:106FF000201C1D460134F2E71F2C06D804F1500373
:107000006B442E2203F8202C01341F2C17D82A4A57
:1070100082FB0632F317C3EBA2031A4603EB83038A
:10702000A6EB4303611C303304F150000DEB000468
:1070300004F8203C16460AB10C46E6E70C46249BB1
:1070400003F00303012B39D01F2C09D80B9B002B15
:1070500051D004F150036B442D2203F8202C01344D
:10706000249B0393239B029301940CAB00935B46F8
:1070700052460A990798FFF7F4FA15B0BDEC028B57
:10708000BDE8F08FAFF300800000000065CDCD417A
:107090000000000065CDCDC1FFFFEF7FF4A7001019
:1070A000F8A70010E8A70010F0A7001080AD0010AE
:1070B0000000E03FCDCCCCCC67666666239BB3B1C5
:1070C0000B9B1BB9249B13F00C0F12D0239B013B8D
:1070D0002393194606E004F150036B44302203F871
:1070E000202C01348C42AFD21F2CF4D9ACE7239969
:1070F000F8E72399F6E7249B13F0040F07D004F177
:1071000050036B442B2203F8202C0134A8E7249B66
:1071100013F0080FA4D004F150036B44202203F8AD
:10712000202C01349CE700BF2DE9F04F8FB0804642
:1071300017460D938946002900F04F83002508E08B
:107140006C1C3B462A464946C0470D9B01330D93B4
:1071500025460D9B1878002800F042832528EFD1A2
:1071600001330D9300261FE046F0010601320D9217
:10717000012318E046F0020601320D92012312E0CD
:1071800046F0040601320D9201230CE046F0080699
:1071900001320D92012306E046F0100601320D92F5
:1071A000012300E000234BB30D9A1378203B102BF2
:1071B000F8D801A151F823F08D710010A5710010CD
:1071C000A571001099710010A5710010A571001033
:1071D000A5710010A5710010A5710010A571001017
:1071E000A571001081710010A5710010757100105B
:1071F000A5710010A5710010697100100A930D9B14
:107200001A78A2F13003DBB2092B18D92A2A1BD035
:107210000A9B0B930D9B1A782E2A25D00D9A137872
:10722000683B122B5CD8DFE803F0495BAC5B3B5B4F
:107230005B5B5B5B5B5B575B5B5B5B5BB1000DA8A8
:10724000FFF7FCF90B90E5E7189B1A1D18921B68D5
:10725000002B04DB0B930D9B01330D93DAE746F013
:1072600002065B420B93F6E746F480665A1C0D92C9
:107270005A78A2F13003DBB2092B0CD92A2ACDD1DE
:10728000189B1A1D18921C6824EAE4730A930D9B3C
:1072900001330D93C2E70DA8FFF7D0F90A90BDE7BF
:1072A00046F48071531C0D9353786C2B01D00E461D
:1072B00016E046F4407602320D9211E046F080016D
:1072C000531C0D935378682B01D00E4608E046F00E
:1072D000C00602320D9203E046F4807601320D9230
:1072E0000D9B1878672856D82528C0F06C82A0F12D
:1072F0002503422B00F26782DFE813F05A02650291
:107300006502650265026502650265026502650245
:107310006502650265026502650265026502650235
:107320006502650265026502650265026502650225
:1073300065026502650265026502650288016801F1
:1073400088016502650265026502650265026502E3
:1073500065026502650265026502650265026502F5
:1073600065027100650265026502650265026502DB
:107370006502650265027100AF0171008801680154
:10738000880146F4007601320D92A9E746F4807632
:1073900001320D92A4E7782800F215826928C0F026
:1073A0001282A0F16902D2B20123934049F2410254
:1073B000134214D113F0800F40F0DF8113F4806F7B
:1073C00000F00182189B1A1D1892D3F800A00A9BA6
:1073D000002B40F090814FF0FF32534674E16F284C
:1073E0003DD005D858283CD0622803D1022304E0C0
:1073F000782838D026F010060A23582835D0692876
:1074000003D0642801D026F00C0616F4806F01D05A
:1074100026F0010669282BD0642829D016F4007FB5
:1074200040F0968016F4807F40F0AE8016F0400F5A
:1074300000F0BF80189A111D1891127805960B99CB
:1074400004910A99039102930023019300923B4611
:107450002A4649464046FFF7DDF9054629E008235C
:10746000CBE71023C9E71023C7E746F02006C6E79D
:1074700016F4007F21D116F4807F42D116F0400F20
:1074800058D0189A111D1891127882EAE271A1EB76
:10749000E27105960B9804900A9803900293D20F1C
:1074A000019200913B462A4649464046FFF7B2F911
:1074B00005460D9B01330D934BE6189A073222F0D7
:1074C000070202F108011891516812680846002964
:1074D00013DB08960B9C07940A9C069404930023E4
:1074E0000593C90F0291009201903B462A464946F6
:1074F0004046FFF7D9F90546DBE7524261EB410010
:10750000E7E7189A111D1891126882EAE271A1EB5F
:10751000E27105960B9804900A9803900293D20F9B
:10752000019200913B462A4649464046FFF772F9D0
:107530000546BEE716F0800F05D0189A111D189168
:10754000B2F90020A1E7189A111D189112689CE762
:10755000189A073222F0070202F1080118910896E2
:107560000B9907910A9906910021049305910291C4
:10757000D2E90023CDE900233B462A46494640464E
:10758000FFF792F9054694E7189A111D1891059690
:107590000B9904910A9903910293002301931368B4
:1075A00000933B462A4649464046FFF733F90546D5
:1075B0007FE716F0800F04D0189A111D18911288D9
:1075C0003CE7189A111D1891126837E746281AD01F
:1075D000189B073323F0070303F10802189204965F
:1075E0000B9A03920A9A0292D3E90023CDE9002371
:1075F0003B462A4649464046FFF7CAFB05460D9BD7
:1076000001330D93A5E546F02006E1E7672801D098
:10761000472801D146F40066452801D0472801D10A
:1076200046F02006189B073323F0070303F10802F6
:10763000189204960B9A03920A9A0292D3E90023B5
:10764000CDE900233B462A4649464046FFF790F9DC
:1076500005460D9B01330D937BE516F002061CD009
:1076600001241898031D189305F1010A3B462A4688
:1076700049460078C047AEB90D9B01330D9355467E
:1076800067E5551C3B4649462020C04723462A460D
:107690005C1C9A45F5D81546E3E70123DDF82CA0DC
:1076A0002A46F5E75246DDF82CA006E0561C3B467C
:1076B00049462020C0472C463246651CA245F5D8D5
:1076C0009246D9E701330A46197811B1511E002AB2
:1076D000F8D1A3EB0A0316F4806B03D00A9A934205
:1076E00028BF134616F0020407D00C940A9E2A46BF
:1076F0005D469B4623E00A9A6FE6CDF830B02A46F5
:1077000025460B9C07E002F1010B3B464946202031
:10771000C04733465A465E1C9C42F4D8DDF830B070
:107720002C4633460C940A9E5D469B4607E01E4657
:107730000AF1010A541C3B464946C04722469AF8C2
:10774000000020B1002DF3D0731E002EEFD10C9C51
:1077500015465B461CB90D9B01330D93F9E40B9E56
:1077600006E0551C3B4649462020C04723462A4692
:107770005C1C9E42F5D81546EDE746F02106189BA5
:107780001A1D18921B680596082204920A9A039201
:10779000102202920022019200933B462A4649465B
:1077A0004046FFF737F805460D9B01330D93D0E4B3
:1077B0006C1C3B462A4649462520C0470D9B013399
:1077C0000D932546C5E46C1C3B462A464946C047F6
:1077D0000D9B01330D932546BBE4DFF82080ADE41B
:1077E000BD4208D37A1E3B4649460020C047284682
:1077F0000FB0BDE8F08F2A46F5E700BF2D660010F8
:1078000000B585B002900391009313464FF0FF320C
:1078100002A90348FFF788FC05B05DF804FB00BF30
:107820002F66001000BEFDE708B5FFF7FBFF000064
:1078300000B583B08C4619465AB11446064B0194E4
:10784000009363460246054800F066F90120FFF701
:10785000E9FF034B1C46F2E700A8001010A8001037
:10786000F892001010B5EFF30583DBB203B100BE50
:10787000FDF7D6FB044C02E054F8043B9847034B59
:107880009C42F9D310BD00BF10900010189000105A
:1078900008B5034608461B681146984708BD000016
:1078A000F8B507460D461646437D13B10024204621
:1078B0000CE003681146284698472EE03B7D10E017
:1078C0003B68022115489847601C0134B44214DA21
:1078D000002CF3DD2B1913F8013C0D2B14BF0023F2
:1078E00001232A5D0A2AF0D1002BEED1A042E7DA6B
:1078F0003B68211A28449847E2E7B04203DA3B6824
:10790000311A28449847002E07DD354415F8013C0C
:107910000D2B14BF002301233B75F8BDD0AD001023
:1079200038B50368BBB105460B4B1C6806E0294619
:1079300051F8042B2046FFF7B3FF24694CB12368AC
:10794000002BFAD0054B1B68002BF0D0A342F4D1DA
:10795000EDE700232B6038BD700F0020780F00206A
:1079600038B505460C460B68802B05D023685A1C99
:1079700022601C44257138BD0846FFF7D1FFF5E7AA
:1079800008B5FCF751FF074A821841F10003002BAC
:1079900003DB054801F014FB08BD4FF0FF326FF028
:1079A0000043F6E740420F00500C002008B50248A3
:1079B00001F0FEFA08BD00BF500C00202DE9F04395
:1079C00083B006460D4690461C46FFF7D9FF814618
:1079D000B5F1FF3F04D044B1174F184B1C6807E0C6
:1079E000304601F0ADFA0546F5E7154FF5E7246995
:1079F000BCB12368002BFAD0124B1B680BB1A34219
:107A0000F5D12A4631462046B847B8F1000FEED0EE
:107A10000A238DF8073001220DF107012046B847EF
:107A2000E5E7B9F1000F03D1284603B0BDE8F083C4
:107A3000FFF7BCFFF8E700BFA1780010700F00202F
:107A400091780010780F0020094A136802E003F1D2
:107A500010021B6943B113688342F8D131B903693D
:107A6000136000230361704701B11060704700BFCD
:107A7000700F002010B5054B1C6800E0246924B18C
:107A80006368002BFAD09847F8E710BD700F00200C
:107A900008B500F05FF9012008BD10B582B00446BA
:107AA0008DF807000123002219460DF10700FFF7AA
:107AB00085FF204602B010BD38B5054601F040FAFA
:107AC000044601231A4601462846FFF777FFFFF7D1
:107AD000D1FF204638BD0000F0B5A3B004460E46E5
:107AE000FFF74EFF05460023019301AF33462246C0
:107AF00039460848FFF784FE04463846FFF710FF72
:107B0000FFF7B8FF15B9204623B0F0BDFFF74EFFD1
:107B1000F9E700BF617900100FB400B583B004A984
:107B200051F8040B0191FFF7D7FF03B05DF804EBA8
:107B300004B0704782B08C46184B984214BF0023A3
:107B40000123174A32F913308B4205D08DF807C054
:107B500000210DF107021CE00D238DF807300021F4
:107B60000DF107020029F1D1836913F0200FFBD139
:107B7000134613F8012B026001311A46F2E78369BC
:107B800013F0200FFBD1134613F8012B02600131D3
:107B90001A460029F3D002B0704700BF00800740AA
:107BA0007812002010B483B000210DF1070209E023
:107BB000836913F0100FFBD10468134603F8014BDF
:107BC00001311A460029F3D09DF8070003B05DF893
:107BD000044B704770B506460D46002405E0315D44
:107BE000034B1868FFF7A6FF0134AC42F7DB70BD0A
:107BF0007C120020F8B507460E46002404E0651C00
:107C0000FFF7D0FF38552C46B44205DA0C4B186804
:107C1000836913F0100FF2D00A4B1B684BB1084B6D
:107C20001B6850229A635A6B02F0380203F58153A5
:107C30005A610CB12046F8BD6FF00204FAE700BFAC
:107C40007C120020380F002008B5054B1B6833B1AB
:107C5000044A126800219163034A1068984708BDDE
:107C6000380F00207C1200203C0F0020034B1A68C4
:107C7000936913F0080FFBD1704700BF7C120020FE
:107C800038B51B4B1B681B4A934205D02124E0B139
:107C9000194B1B6813B138BD2224F8E7164B186046
:107CA000164B196016492046FBF70CFF01212046B0
:107CB000FBF7E6FE0E4B1B6850229A635A6B02F0EC
:107CC000380203F581535A61E5E70B4A1268002A2E
:107CD000E1D000259D6329462046FBF7D1FE0849E7
:107CE0002046FCF739F8044B1D60044B1D60D2E7B9
:107CF0007C12002000800740380F00203C0F00203D
:107D0000497C001038B50D461C46104B1860101EFB
:107D100005DB10F0020F15D00B21FBF771FD002CD5
:107D200006DB14F0020F0FD00B212046FBF768FD95
:107D30002946064B1868FDF737F901210448FFF77B
:107D400083FE38BD0221E8E70221EEE77C12002025
:107D5000EC0A002008B5074B1B78074B1B78074B34
:107D60001B78012300224FF4E1310548FFF7CAFFD9
:107D700008BD00BF34AE001030AE00102CAE0010B5
:107D80000000074000B585B00DF1100E0EE90E00A1
:107D9000DDED026A9DED086A66EE865A9DED037A76
:107DA000DDED077A27EE275A75EEC55AC0ED005A69
:107DB000DDED065A27EE257A9DED015A26EE056A7D
:107DC00037EE467A80ED017A67EE857A66EEA56A2F
:107DD00077EEE67AC0ED027A05B05DF804FB8AB072
:107DE00001AB83E80700DDED017A67EEA77ACDED00
:107DF000047ADDED026A66EEA66ACDED056A9DEDB8
:107E0000037A27EE077A8DED067A04AB93E8070034
:107E10000AAB03E9070077EEA67A77EE877A17EECA
:107E2000900A0AB0704710B588B0044601A880E8EF
:107E30000E0007C8FFF7D3FF174BA3EB600307EE55
:107E4000103ADFED167A06EE900A66EEA77A67EE34
:107E5000277A67EE277ADFED126A76EEE77A67EE29
:107E6000277A9DED017A27EE277A8DED057A9DED33
:107E7000027A27EE277A8DED067A9DED037A67EE7A
:107E8000277ACDED077A08AB13E9070084E80700ED
:107E9000204608B010BD00BF12141F5F12D3363F3A
:107EA000FF51D83F84B000B50DF1080E8EE80E00EA
:107EB000DDED027ADDED066A27EEA67ADDED035AE6
:107EC0009DED076A25EE865A37EE457ADDED044AC8
:107ED0009DED084A24EE845A37EE457A9DED055A09
:107EE000DDED093A25EE233A37EE437A80ED007A4C
:107EF00027EE867A26EEA53A37EE037A24EEA33AE9
:107F000037EE037A24EE053A37EE437A80ED017AB4
:107F100027EE847A25EEA33A37EE437A26EEA43A8A
:107F200037EE037A26EE053A37EE037A80ED027AD1
:107F300067EEA37A65EE845A77EEA57A26EE246A78
:107F400077EEC67A66EE856A77EEA67AC0ED037A9A
:107F50005DF804EB04B0704784B000B50DF1080E75
:107F60008EE80E00DDED036A9DED067A26EEC76A07
:107F7000DDED044A9DED075A64EE857A36EE676AB8
:107F8000DDED055ADDED087A25EEA74A36EE446AA6
:107F900080ED006A9DED024A27EE046A64EEA73A7E
:107FA00036EE236A65EE253A36EE636A80ED016AA5
:107FB00025EE046A66EEA73A36EE636A67EE255A46
:107FC00036EE256A80ED026A67EE847A66EE856A8F
:107FD00077EEA67A27EE247A77EEC77AC0ED037A99
:107FE0005DF804EB04B0704784B000B50DF1080EE5
:107FF0008EE80E009DED025A65EE057ADDED035A1E
:1080000025EEA57A77EE877A9DED046A26EE067A4C
:1080100077EE877ADDED056A26EEA67A77EE877A27
:10802000144B17EE902AA3EB620307EE103ADFED34
:10803000124A67EEA47A67EE277A67EE277ADFEDB9
:108040000F4A74EEE77A67EE277A25EE275A80ED1D
:10805000005A65EEA75AC0ED015A26EE276A80ED58
:10806000026A66EEA76AC0ED036A5DF804EB04B02D
:10807000704700BF12141F5F12D3363FFF51D83F25
:1080800084B003460A78012A2DD9022A57D1D1EDAE
:10809000066AD1ED087A66EEA75A91ED076A91ED6E
:1080A000097A26EE075A75EEC55ACDED015A67EEEC
:1080B000877A26EE866A77EE867AF1EE677ACDEDDC
:1080C000027A66EEA66AF6EE007A77EEE67A27EE98
:1080D000077A77EEC77ACDED037A04AA12E9070092
:1080E00083E8070028E091ED076A91ED097A66EED2
:1080F000075AD1ED067AD1ED086A27EEA65A75EE39
:10810000C55ACDED015A67EE266A26EE276A76EE4D
:10811000866ACDED026A67EEA77AF6EE006A77EE20
:10812000E67A27EE077A77EE877ACDED037A04AA0E
:1081300012E9070083E80700184604B070470022E0
:10814000026042608260F7E784B003460A78012A41
:1081500030D0022A5AD0002A40F08480D1ED076A3C
:10816000D1ED087A26EEA77A91ED066AD1ED095A8B
:1081700026EE255A37EE057A8DED017A26EE067A3F
:10818000B6EE005A37EE457A27EEA75A37EE057A53
:108190008DED027A67EEA57A66EE866A77EEE67A6C
:1081A000CDED037A04AA12E9070083E80700184618
:1081B00004B0704791ED067A67EE077AF6EE006A32
:1081C00076EEE76AD1ED077A27EEA76A76EEC66A01
:1081D000CDED016AD1ED095A67EE256A91ED086A85
:1081E00027EE865A76EEC56ACDED026A67EEA57A6D
:1081F00027EE067A77EE877AF1EE677ACDED037A8D
:1082000004AA12E9070083E80700D0E7D1ED077A56
:1082100091ED087A67EE876A91ED066AD1ED095A09
:1082200026EE255A76EE856AF1EE666ACDED016A94
:1082300026EE065AF6EE006A76EEC56A27EE075A73
:1082400076EEC56ACDED026A67EE867A27EE257A6C
:1082500077EEC77ACDED037A04AA12E9070083E826
:108260000700A4E700220260426082609FE730B509
:1082700093B0044605A880E80E009DED057ADDED7B
:10828000167A27EE277A8DED097ADDED066ADDEDA7
:10829000177A66EEA76ACDED0A6ADDED077A9DEDE5
:1082A000186A67EE867ACDED0B7A09AB93E8070082
:1082B00012AB03E9070037EE267A77EE877AF5EE00
:1082C000C07AF1EE10FA0CD416AB93E807008DE8F3
:1082D000070005AB0ECB2046FFF754FD204613B038
:1082E00030BD0CAD16AB93E807008DE8070005AB79
:1082F0000ECB2846FFF746FD95E80E002046FFF717
:1083000092FDEBE700B585B001AB83E8070093E889
:108310000700FFF764FD00F057FE05B05DF804FBB1
:1083200007EE900ABFEE007AF4EEC77AF1EE10FA8B
:108330000CD9B7EE007AF4EEC77AF1EE10FA01DB51
:108340000348704708B5FDF769FD08BD014870474F
:10835000DB0FC93FDB0FC9BF4FF07E5383610023A2
:10836000C361036243628362C3620363012280F8D4
:1083700034200A4A8263002280F8402043648364E8
:10838000C36403654365836580F85C2002664369C6
:10839000436680F86820C26603677047000020418A
:1083A00038B52DED028B04460D460B78037091ED28
:1083B000018A80ED018AD1ED027AF5EE407AF1EE84
:1083C00010FA39D09FED337A67EE877AC4ED027ADE
:1083D000D5ED037AF5EE407AF1EE10FA2FD12E4862
:1083E000E060D5ED047AF5EE407AF1EE10FA3BD17B
:1083F000294820616B69636163662367D5ED017A63
:10840000F5EE407AF1EE10FA01D06B6913B9224B08
:10841000E360236194F834300BB984ED0E8AF2EEF8
:10842000047A77EEC87AF0EE086A87EEA67A84EDD1
:108430000F7ABDEC028B38BDDFED187AC6E79FEDF1
:10844000187A67EE877A17EE900AFDF769FE07EE55
:10845000100A4FF08041F6EE007A67EE277A17EEA9
:10846000900AFDF7FDFCBBE79FED0D7A67EE877A7A
:1084700017EE900AFDF754FE07EE100A4FF0804108
:10848000F6EE007A67EE277A17EE900AFDF7E8FC21
:10849000AFE700BF48E17A3FFFFF7F7FFFFF7F7FAD
:1084A00035FA8E3C30B587B00546EC46084C0FCC0B
:1084B000ACE80F0094E803008CE803006946284606
:1084C000FFF76EFF2846FFF747FF07B030BD00BF3C
:1084D000F0AD0010F0B52DED028BBFB0044609A839
:1084E00080E80E009DED4C8A04F1280346AA07CAD5
:1084F00083E80700DDED098AB0EEE87AD4ED027A70
:10850000B4EEE77AF1EE10FA11DC9DED0A7AB0EEE6
:10851000C77AF4EEC77AF1EE10FA08D49DED0B7A23
:10852000B0EEC77AF4EEC77AF1EE10FA10D511AEBC
:1085300004F1180595E80F0086E80F002046FFF7C4
:108540000BFF96E80F0085E80F00012384F8403008
:1085500094F83430E3B1D4ED0E7A94ED0F7A27EE2F
:10856000087A77EEC77AC4ED0E7A94ED017AF4EECC
:10857000C77AF1EE10FA04D4B5EE407AF1EE10FAB3
:1085800006D184ED0E7A002384F8343084F840302C
:10859000214621A8FFF774FD00231E931F9320930B
:1085A000012384F85C30DDED467AF5EE407AF1EE99
:1085B00010FA0DD1DDED477AF5EE407AF1EE10FAC2
:1085C00006D1DDED487AF5EE407AF1EE10FA45D0AD
:1085D00024AE46AB0ECB3046FFF725FC04AD21ABF5
:1085E00093E807008DE8070096E80E002846FFF79D
:1085F0003EFE04F1440395E8070083E8070094F881
:1086000034305BB9FFF7EBFB07EE100AD4ED037AC9
:10861000B4EEE77AF1EE10FA00F24581002384F817
:108620005C30236E093B2366236E626E934240F3F7
:108630003E810022626684F85C206269002BC0F2F1
:108640003981934200DC1A46226694F85C302BB9DB
:108650001EAB04F1440207CA83E8070000231B9302
:108660001C931D93012384F86830DDED497AF5EE03
:10867000407AF1EE10FA0DD1DDED4A7AF5EE407A4E
:10868000F1EE10FA06D1DDED4B7AF5EE407AF1EE1F
:1086900010FA54D011AF21463846FFF755FD27ADEB
:1086A00049AB93E807008DE8070021AB0ECB2846C5
:1086B000FFF768FB2AAE95E80E003046FFF7B3FBE4
:1086C00004AD97E807008DE8070096E80E002846FD
:1086D000FFF7CDFD04F1500395E8070083E807009C
:1086E00094F834305BB9FFF77AFB07EE100AD4ED4B
:1086F000047AB4EEE77AF1EE10FA00F2DD8000239E
:1087000084F86830E36E093BE366E36E226F9342C0
:1087100040F3D6800022226784F868206269002B2B
:10872000C0F2D180934200DC1A46E26694F86830C9
:108730002BB91BAB04F1500207CA83E80700DFED39
:10874000637A68EEA78ACDED118ADDED0A5A65EEEF
:10875000A75ACDED125A9DED0B6A26EE276A8DEDD4
:10876000136A18AB11AD95E8070083E807009DED8B
:108770001E7ADDED1B7A37EE277A8DED117ADDED6D
:108780001F7ADDED1C6A77EEA67ACDED127A9DEDAB
:10879000205ADDED1D6A35EE265A8DED135A2DABAC
:1087A00095E8070083E80700D4ED0E6A26EE877A85
:1087B0008DED117A66EEA77ACDED127A66EE856AB6
:1087C000CDED136A30AB95E8070083E8070037EE7C
:1087D000287A8DED117A77EEA57ACDED127A76EEC4
:1087E000866ACDED136A15AB95E8070083E80700AC
:1087F00028EE077A8DED117A68EE277ACDED127AA0
:1088000028EE268A8DED138A33AB95E8070083E8BE
:10881000070001AE86E80700636A009304F11806BA
:1088200096E80E0036A8FFF797FB0DF1340C96E89A
:108830000F008CE80F00DDED0D7A9DED367A77EEB6
:10884000877ACDED117ADDED0E7A9DED377A77EEF0
:10885000877ACDED127ADDED0F7A9DED387A77EEDD
:10886000877ACDED137ADDED107A9DED397A77EECA
:10887000877ACDED147A0DF1E80C95E80F008CE8BD
:108880000F0086E80F0004AD636A009396E80E00BF
:108890002846FFF7A9FB95E80F0086E80F003FB0D8
:1088A000BDEC028BF0BD236E01332366BCE662692A
:1088B0006266C2E60022C7E6E36E0133E36624E7A0
:1088C000626922672AE700222FE700BF35FA0E3CD3
:1088D000F0B52DED028B91B0044609AD85E80E0090
:1088E00090ED066AD0ED077A26EE276A90ED087AB9
:1088F000D0ED096A67EE266A27EE077AF6EE005A8F
:1089000035EEC77A67EEA77A77EE677A17EE901A98
:1089100076EE267A17EE900AFDF750FD0646DDED5D
:108920001B7A9FED1B7A67EE877A17EE907A3846AE
:10893000FDF7F6FB08EE100A3846FDF7F4FB0D9044
:108940003046FDF7F0FB07EE900A67EEC87ACDEDF2
:108950000E7A3046FDF7E4FB07EE900A67EE887A60
:10896000CDED0F7A1C9B069303AB10AA12E907000A
:1089700083E8070018AB93E807008DE8070095E847
:108980000E002046FFF7A6FD11B0BDEC028BF0BD36
:1089900035FA8E3C844618310FC98CE80F006046CA
:1089A000704784B000B50DF1080C8CE80E0000F1A2
:1089B000180E9CE80F008EE80F005DF804EB04B081
:1089C00070478AB00346D1ED075A91ED096A65EE0A
:1089D000866AD1ED067A91ED087A27EE875A76EE0F
:1089E000C56A76EEA66ACDED076A26EE077A65EED1
:1089F000A75A37EE257A37EE077A8DED087A67EEBB
:108A0000A77AF6EE005A77EEE57A26EE066A77EE5A
:108A1000867A77EEA77ACDED097A0A78012A1ED9EF
:108A2000022A3BD10DF1040C283107C98CE807005C
:108A30009DED016A76EE866ACDED046ADDED026A8F
:108A400037EE267A8DED057A9DED037A77EE877AFB
:108A5000CDED067A04AA07CA83E807001BE00DF1F2
:108A6000040C283107C98CE807009DED016A76EEF9
:108A7000666ACDED046ADDED026A36EEC77A8DEDE9
:108A8000057A9DED037A77EE677ACDED067A04AA32
:108A900007CA83E8070018460AB070470022026040
:108AA00042608260F7E7D1ED067A67EEA75A91ED52
:108AB000077A67EE873A91ED086A67EE861AD1ED7C
:108AC000094A67EEA47A27EE061A27EE243A26EE24
:108AD000242AF6EE006A75EEE65A27EE077A35EE9E
:108AE000877AD1ED0A6A27EE267A31EE675A91ED40
:108AF0000B4A25EE045A37EE057A71EE832A91ED82
:108B00000C5A62EE852A37EE227A37EE077A80ED2C
:108B1000007A77EE817A66EEA77A26EE066A35EE5F
:108B2000866A24EE066A77EE867A32EE637A25EE5E
:108B3000077A77EE877A77EEA77AC0ED017A33EE7F
:108B4000613A66EE836A73EE823A24EE234A76EE49
:108B5000846A64EEA47A75EEA75A25EE255A76EE5D
:108B6000856A76EEA66AC0ED026A0B78012B09D9F8
:108B7000022B06D1F7EE007A76EEA76AC0ED026A04
:108B800070477047F7EE007A76EEE76AC0ED026A4A
:108B9000704738B504460D4601F1440393E80700D9
:108BA000FFF7B0FB07EE900A77EEA77A17EE900A70
:108BB000FFF7B6FB07EE900A9FED227A67EE877A01
:108BC000C4ED007A95F85C3023716B69A3B3D5EDE1
:108BD000187AF8EEE76A07EE903AF8EE677A86EED2
:108BE000A77A84ED027A05F1500393E80700FFF7B6
:108BF00089FB07EE900A77EEA77A17EE900AFFF747
:108C00008FFB07EE900A9FED0F7A67EE877AC4ED2F
:108C1000037A95F8683023746B6983B1D5ED1B6ACC
:108C2000F8EEE66A07EE903AF8EE677A86EEA77AF3
:108C300084ED057A204638BD9FED037AD1E79FED9C
:108C4000027AF5E7E02E65420000000082B090F85D
:108C500034308DF8003090F840308DF80130036EDC
:108C6000426E9342D4BF002301238DF80230C36EBD
:108C7000026F9342D4BF002301238DF80330009B81
:108C8000019300209DF8043063F307009DF8053040
:108C900063F30F209DF8063063F317409DF807300B
:108CA00063F31F6002B0704730B52DED028B8FB0BB
:108CB000044608EE101A90ED066A90ED097A26EE49
:108CC000076AD0ED076AD0ED087A66EEA76A67EE0C
:108CD000A77AF6EE008A78EEE77A27EE077A77EE43
:108CE000C77A17EE901A76EE267A17EE900AFDF7FD
:108CF00065FB07EE900A9FED187A28EE078A77EE5B
:108D0000C87A67EEA87A17EE905A2846FDF70BFA54
:108D10000A9000230B930C932846FDF701FA07EE07
:108D2000900AF1EE677ACDED0D7A06AD0DF1040CE7
:108D3000183494E80F008CE80F000D9B00930AABE9
:108D40000ECB2846FFF7AEF895E80F0084E80F0039
:108D50000FB0BDEC028B30BD35FA8E3C10B590B033
:108D600004460DF1240C8CE80E0000230D930E93A5
:108D70000F93159B069303AB10AA12E9070083E833
:108D8000070012AB93E807008DE807009CE80E008F
:108D90002046FFF79FFB94F834300BB910B010BD9C
:108DA00000212046FFF780FFF8E700BF830730B5BA
:108DB00046D08418844604E003F8011B9D0704D0C4
:108DC0009C46A4456346F7D130BD013A0244A2EB6C
:108DD0000C02032A29D9CCB20F2A04EB042404EB99
:108DE00004442FD9A2F1100C03F110052CF00F0C44
:108DF000AC44C3E90044C3E9024410336345F8D1ED
:108E000012F00C0F02F00F0E18D02EF0030CAEF182
:108E100004051A469C4442F8044B6245FBD125F0F8
:108E2000030404330EF003022344002ACCD0C9B259
:108E30001A4403F8011B9342FBD130BD7246F4E79C
:108E40000346C6E79646E0E7014B1868704700BF47
:108E5000040B0020844641EA000313F0030349D1C8
:108E6000403A23D30B6803604B6843608B68836090
:108E7000CB68C3600B6903614B6943618B69836194
:108E8000CB69C3610B6A03624B6A43628B6A83627C
:108E9000CB6AC3620B6B03634B6B43638B6B836364
:108EA000CB6BC36340304031403ADBD230320BD31E
:108EB0000B6803604B6843608B688360CB68C3605A
:108EC00010301031103AF3D20C3205D351F8043B74
:108ED00040F8043B043AF9D2043208D0D2071CBF50
:108EE00011F8013B00F8013B01D30B880380604679
:108EF000704700BF082A13D38B07B1D010F00303CB
:108F0000AED0C3F10403D21ADB071CBF11F8013B3A
:108F100000F8013BA4D331F8023B20F8023B9FE765
:108F2000043AD9D3013A11F8013B00F8013BF9D2D8
:108F30000B7803704B7843708B7883706046704772
:108F400020F0030110F00300C0F1000051F8043BD1
:108F500000F1040C4FEACC0C6FF000021CBF22FAA7
:108F60000CF213434FF0010C4CEA0C2C4CEA0C4C65
:108F7000A3EB0C0222EA030212EACC1204BF51F85E
:108F8000043B0430F4D0C2F1000102EA0102B2FA5B
:108F900082F2C2F11F0200EBD2007047F8B500BFA9
:108FA0005FF800F07D0500205FF800F0CD0600209E
:108FB0005FF800F00D0200205FF800F02D060020A1
:108FC0005FF800F0D90100205FF800F05D0200209A
:108FD000B9500010315000105D5000105551001074
:108FE00099500010C5490010DD5000109149001043
:108FF0003D400010E55000107D4700101D5000104E
:10900000CB5000107D500010113700106D3900104A
:0890100011020010A914001068
:109018003D3D3D2043414C4942524143414F3A2056
:109028004D616E74656E6861206F2073656E736F35
:10903800722050415241444F206520454D205045F3
:1090480021203D3D3D0000003D3D3D2043414C4930
:1090580042524143414F20434F4D504C4554413AB1
:1090680020626961735F783D252E33662C20626922
:1090780061735F793D252E3366203D3D3D0A000032
:109088004C494741444F00004445534C49474144EB
:109098004F000000414345534F00000041504147F5
:1090A80041444F003D3D3D3D3D3D3D3D3D3D3D3D08
:1090B8003D3D3D3D3D3D3D3D3D3D3D3D3D3D3D3DD8
:1090C8003D3D3D3D3D3D3D3D3D3D3D3D00000000BC
:1090D8003D3D3D20434F4E54524F4C452044452082
:1090E8004D495241204759524F202B20424F544F4F
:1090F8004553203D3D3D000053656E736F723A2025
:10910800454D2050452C2061706F6E7461646F204E
:109118007061726120444952454954410000000081
:109128003D3D3D204D415045414D454E544F204415
:109138004520424F544F4553203D3D3D000000001F
:109148004750494F2031323A204C6967612F4465B6
:10915800736C69676120434F4E54524F4C45202829
:10916800746F67676C6529004750494F2031303A62
:109178002054726F6361722061726D61202874657A
:10918800636C6120452900004750494F2031313A2E
:109198002052656C6F616420287465636C6120528D
:1091A800290000004750494F2031343A2044697360
:1091B80070617261722028636C69717565206573CE
:1091C80071756572646F29004750494F2031353AEF
:1091D800204C45442053746174757320286C69676A
:1091E8006120636F6D20746F67676C6529000000EC
:1091F8003D3D3D2050524F544F434F4C4F20554119
:109208005254203D3D3D0000617869733D302C315A
:109218003A204D6F76696D656E746F206D6F75734A
:109228006520286779726F290000000061786973EA
:109238003D333A2020204469737061726F2028639F
:109248006C69717565290000617869733D363A204B
:1092580020205465636C612045202874726F636117
:10926800722061726D612900617869733D373A2017
:1092780020205465636C612052202872656C6F61F0
:10928800642900003D3D3D3D3D3D3D3D3D3D3D3D6D
:109298003D3D3D3D3D3D3D3D3D3D3D3D3D3D3D3DF6
:1092A8003D3D3D3D3D3D3D3D3D3D3D3D0A000000D0
:1092B8000A2A2A2A2A2A2A2A2A2A2A2A2A2A2A2A26
:1092C8002A2A2A2A2A2A2A2A2A2A2A2A2A2A2A2AF6
:1092D8002A2A2A2A2A2A2A2A2A0000002A2A2A206E
:1092E800434F4E54524F4C45202573202A2A2A0AB0
:1092F800000000002A2A2A204C4544202573202AF1
:109308002A2A0A002A2A2A2A2A2A2A2A2A2A2A2AFF
:109318002A2A2A2A2A2A2A2A2A2A2A2A2A2A2A2AA5
:109328002A2A2A2A2A2A2A2A2A2A2A2A000000003D
:109338000A3E3E3E205B4750494F2031305D204277
:109348004F54414F204520434C494341444F21202D
:109358003C3C3C005B554152545D20456E7669614A
:10936800646F3A20617869733D362C2076616C3DD4
:1093780031202854524F4341522041524D412045FB
:10938800290000000A3E3E3E205B4750494F2031ED
:10939800345D20424F54414F204449535041524F6D
:1093A80020434C494341444F21203C3C3C000000B1
:1093B8005B554152545D20456E766961646F3A2071
:1093C800617869733D332C2076616C3D31202844E7
:1093D80049535041524F29000A3E3E3E205B4750B8
:1093E800494F2031315D20424F54414F2052454C66
:1093F8004F414420434C494341444F21203C3C3C8D
:10940800000000005B554152545D20456E7669614D
:10941800646F3A20617869733D372C2076616C3D22
:1094280031202852454C4F41442052290000000069
:109438006D7075363035305F5461736B0000000015
:10944800756172745F5461736B0000000A2A2A2ADE
:109458002050414E4943202A2A2A0A002820282041
:1094680075696E74385F74202A2029202820707846
:109478004974657261746F722029203E3D20262848
:10948800207563486561705B2030205D20292029A4
:10949800202626202820282075696E74385F7420BD
:1094A8002A202920282070784974657261746F72A7
:1094B8002029203C3D202628207563486561705B83
:1094C80020283132382A3130323429202D203120D9
:1094D8005D20292029000000433A2F5573657273D7
:1094E8002F6D617468692F4C6976726F732F356FB1
:1094F80053656D2F436F6D7075746163616F456D52
:10950800626172636164612F3235622D656D622D0F
:109518006170732D322D6465736572742F467265A0
:109528006552544F532D4B65726E656C2F706F7278
:109538007461626C652F4D656D4D616E672F68654E
:1095480061705F342E6300002820282075696E74CE
:10955800385F74202A20292028207078426C6F6395
:109568006B2029203E3D20262820756348656170C0
:109578005B2030205D20292029202626202820282D
:109588002075696E74385F74202A2029202820707D
:1095980078426C6F636B2029203C3D20262820757B
:1095A80063486561705B20283132382A31303234A3
:1095B80029202D2031205D2029202900282028203D
:1095C80075696E74385F74202A20292028207076E7
:1095D80052657475726E2029203E3D20262820751C
:1095E80063486561705B2030205D20292029202692
:1095F80026202820282075696E74385F74202A2058
:1096080029202820707652657475726E2029203CB6
:109618003D202628207563486561705B202831321B
:10962800382A3130323429202D2031205D2029205C
:1096380029000000282028207078426C6F636B2D69
:109648003E78426C6F636B53697A652029203C2011
:1096580028207857616E74656453697A65202920DB
:1096680029203D3D2030000028202820282073692B
:109678007A655F7420292070784E6577426C6F6335
:109688006B4C696E6B2029202620282030783030DA
:10969800303720292029203D3D203000282028204F
:1096A800282073697A655F74202920707652657462
:1096B80075726E2029202620282073697A655F74C8
:1096C80020292028203078303030372029202920C0
:1096D8003D3D2030000000002820282075696E7468
:1096E800385F74202A202920282070784C696E6BF6
:1096F8002029203E3D202628207563486561705B3F
:109708002030205D202920292026262028202820D6
:1097180075696E74385F74202A2029202820707893
:109728004C696E6B2029203C3D2026282075634813
:109738006561705B20283132382A31303234292073
:109748002D2031205D2029202900000028202820F4
:10975800282070784C696E6B2D3E78426C6F636B75
:1097680053697A652029202620282028202820735C
:10977800697A655F74202920312029203C3C202803
:1097880020282073697A656F66282073697A655F77
:10979800742029202A202820282073697A655F747C
:1097A8002029203820292029202D2031202920294E
:1097B800202920213D2030202920213D2030000073
:1097C80070784C696E6B2D3E70784E657874467271
:1097D8006565426C6F636B203D3D202828766F6974
:1097E80064202A2930290000756C43726974696302
:1097F800616C4E657374696E67203D3D207E3055FF
:109808004C000000433A2F55736572732F6D6174D5
:1098180068692F4C6976726F732F356F53656D2F9A
:10982800436F6D7075746163616F456D62617263DA
:109838006164612F3235622D656D622D6170732D03
:10984800322D6465736572742F4672656552544F84
:10985800532D4B65726E656C2F706F727461626CFC
:10986800652F546869726450617274792F47434355
:109878002F5250323335305F41524D5F4E545A2F7C
:109888006E6F6E5F7365637572652F706F72742E7D
:1098980063000000756C437269746963616C4E659E
:1098A8007374696E67000000282028204261736580
:1098B800547970655F742029203020290000000049
:1098C80075634D617853797343616C6C5072696F3D
:1098D800726974790000000028203136202620287B
:1098E8002075696E74385F7420292028207E28200E
:1098F80075696E7433325F7420292075634D617801
:109908005072696F7269747956616C756520292087
:1099180029203D3D20305500756343757272656E90
:10992800745072696F72697479203E3D2075634D79
:10993800617853797343616C6C5072696F726974A2
:1099480079000000282028202A28202820766F6CFB
:109958006174696C652075696E7433325F74202A8E
:1099680020292030784530303045443043202920A4
:1099780029202620282030783037554C203C3C20A0
:1099880038554C20292029203C3D20756C4D6178A4
:1099980050524947524F555056616C75650000004A
:1099A8002128207B2075696E7433325F7420756CB2
:1099B800495053523B205F5F61736D20766F6C6135
:1099C80074696C65202820226D72732025302C2044
:1099D8004950535222203A20223D722220282075D5
:1099E8006C4950535220293A3A293B2028202820F4
:1099F80075696E74385F74202920756C495053520C
:109A08002029203E20303B207D20290070784C6F93
:109A1800636B2D3E7370696E5F6C6F636B00000043
:109A2800784576656E7447726F757000433A2F55A6
:109A3800736572732F6D617468692F4C6976726FE4
:109A4800732F356F53656D2F436F6D707574616338
:109A5800616F456D626172636164612F3235622D99
:109A6800656D622D6170732D322D64657365727436
:109A78002F4672656552544F532D4B65726E656C57
:109A88002F6576656E745F67726F7570732E6300ED
:109A98002820757842697473546F57616974466FEA
:109AA800722026202820282075696E7433325F744E
:109AB8002029203078666630303030303055202903
:109AC8002029203D3D203000757842697473546F19
:109AD80057616974466F7220213D203000000000F4
:109AE8002128202820785461736B47657453636874
:109AF8006564756C657253746174652829203D3DF1
:109B0800202820282042617365547970655F74208D
:109B18002920302029202920262620282078546929
:109B2800636B73546F5761697420213D203020297D
:109B3800202900002820757842697473546F536592
:109B4800742026202820282075696E7433325F74AB
:109B58002029203078666630303030303055202962
:109B68002029203D3D20300070785175657565537A
:109B78006574436F6E7461696E657200433A2F5560
:109B8800736572732F6D617468692F4C6976726F93
:109B9800732F356F53656D2F436F6D7075746163E7
:109BA800616F456D626172636164612F3235622D48
:109BB800656D622D6170732D322D646573657274E5
:109BC8002F4672656552544F532D4B65726E656C06
:109BD8002F71756575652E630000000070785175EA
:109BE800657565536574436F6E7461696E65722D32
:109BF8003E75784D657373616765735761697469FC
:109C08006E67203C2070785175657565536574439F
:109C18006F6E7461696E65722D3E75784C656E67FE
:109C28007468000028206354784C6F636B202920E7
:109C3800213D2028202820696E74385F742029204F
:109C4800313237202900000070785175657565003C
:109C58007852657475726E20213D202820282028AE
:109C68002042617365547970655F74202920302023
:109C78002920290070784E65775175657565000053
:109C8800212820282070764974656D546F517565B8
:109C98007565203D3D202828766F6964202A293083
:109CA8002920292026262028207078517565756579
:109CB8002D3E75784974656D53697A6520213D207C
:109CC80028205542617365547970655F7420292096
:109CD8003055202920290000212820282078436F8A
:109CE8007079506F736974696F6E203D3D2028202C
:109CF800282042617365547970655F742029203289
:109D0800202920292026262028207078517565755D
:109D1800652D3E75784C656E67746820213D20314D
:109D28002029202900000000707851756575652D7F
:109D38003E75784974656D53697A65203D3D2030DC
:109D4800000000002128202820707851756575656D
:109D58002D3E706348656164203D3D202828766F5C
:109D68006964202A293029202920262620282070C5
:109D78007851756575652D3E752E7853656D6170E2
:109D8800686F72652E784D75746578486F6C646578
:109D98007220213D202828766F6964202A293029DD
:109DA8002029202900000000282070785175657549
:109DB80065202900212820282028207076427566F1
:109DC8006665722029203D3D202828766F69642029
:109DD8002A29302920292026262028202820707882
:109DE800517565756520292D3E75784974656D53E3
:109DF800697A6520213D2028205542617365547990
:109E080070655F7420292030552029202900000022
:109E18007851756575650000785461736B000000B2
:109E2800433A2F55736572732F6D617468692F4CAF
:109E38006976726F732F356F53656D2F436F6D7031
:109E480075746163616F456D626172636164612FEE
:109E58003235622D656D622D6170732D322D64650A
:109E6800736572742F4672656552544F532D4B6556
:109E7800726E656C2F7461736B732E630000000043
:109E880075785072696F72697479203C203332009A
:109E980049444C45000000007852657475726E2084
:109EA800213D2028202D31202900000028202820AD
:109EB80028202820707844656C6179656454617342
:109EC8006B4C69737420292D3E75784E756D6265EB
:109ED800724F664974656D73203D3D2028205542B8
:109EE800617365547970655F7420292030202920BA
:109EF8003F202820282042617365547970655F747B
:109F0800202920312029203A202820282042617346
:109F180065547970655F7420292030202920292014
:109F28002900000075785363686564756C65725321
:109F3800757370656E64656420213D20305500009E
:109F4800707850726576696F757357616B6554697F
:109F58006D65000028207854696D65496E637265E7
:109F68006D656E74203E2030552029007578536346
:109F7800686564756C657253757370656E64656445
:109F8800203D3D203155000028202820262820701B
:109F98007852656164795461736B734C6973747337
:109FA8005B207578546F705072696F72697479208C
:109FB8005D202920292D3E75784E756D6265724F9A
:109FC800664974656D732029203E2030000000002A
:109FD80070784576656E744C697374007578536350
:109FE800686564756C657253757370656E646564D5
:109FF80020213D2028205542617365547970655FA2
:10A0080074202920305500007078556E626C6F639B
:10A018006B65645443420000707854696D654F75F0
:10A028007400000070785469636B73546F576169EA
:10A03800740000007078544342203D3D20707843FE
:10A04800757272656E745443420000007078544310
:10A05800422D3E75784D75746578657348656C64F6
:10A0680000000000707854434220213D207078435E
:10A07800757272656E74544342000000282070782F
:10A0880054696D65722D3E7854696D6572506572BC
:10A09800696F64496E5469636B73203E20302029D0
:10A0A80000000000433A2F55736572732F6D617479
:10A0B80068692F4C6976726F732F356F53656D2FF2
:10A0C800436F6D7075746163616F456D6261726332
:10A0D8006164612F3235622D656D622D6170732D5B
:10A0E800322D6465736572742F4672656552544FDC
:10A0F800532D4B65726E656C2F74696D6572732E86
:10A1080063000000546D725100000000546D72200D
:10A11800537663007852657475726E0021656E61BE
:10A12800626C6564207C7C206972715F6861735F12
:10A1380068616E646C657228494F5F4952515F428D
:10A14800414E4B3029000000433A2F557365727316
:10A158002F6D617468692F2E7069636F2D73646B3E
:10A168002F73646B2F322E322E302F7372632F723F
:10A1780070325F636F6D6D6F6E2F686172647761A7
:10A1880072655F6770696F2F6770696F2E63000073
:10A1980030783163203D3D20282A696E7374293E4A
:10A1A8003E31317500000000433A2F5573657273D4
:10A1B8002F6D617468692F2E7069636F2D73646BDE
:10A1C8002F73646B2F322E322E302F7372632F72DF
:10A1D80070325F636F6D6D6F6E2F68617264776147
:10A1E80072655F6972712F6972712E6300000000D9
:10A1F80064656C7461203E3D202D32303438202651
:10A20800262064656C7461203C3D20323034362051
:10A21800262620212864656C7461202620312900B7
:10A22800212864656C7461203E3E20313175290017
:10A2380063757272656E74203D3D205F5F756E6850
:10A24800616E646C65645F757365725F69727120B5
:10A258007C7C2063757272656E74203D3D20686158
:10A268006E646C65720000006972715F68616E648B
:10A278006C65725F636861696E5F667265655F735E
:10A288006C6F745F68656164203E3D20300000009B
:10A29800767461626C655F68616E646C6572203D9E
:10A2A8003D205F5F756E68616E646C65645F757391
:10A2B80065725F6972710000212828282875696E07
:10A2C800747074725F742972656D6F76655F7468F7
:10A2D800756D625F62697428767461626C655F6827
:10A2E800616E646C65722929202D20282875696E95
:10A2F800747074725F74296972715F68616E646CDE
:10A3080065725F636861696E5F736C6F7473292926
:10A3180020252073697A656F662873747275637473
:10A32800206972715F68616E646C65725F636861F1
:10A33800696E5F736C6F742929000000216578636A
:10A34800657074696F6E207C7C20657863657074B5
:10A35800696F6E203D3D206E756D202B205654414F
:10A36800424C455F46495253545F495251000000E0
:10A3780066616C736500000069735F73686172657C
:10A38800645F6972715F7261775F68616E646C6542
:10A398007228736C6F745F68616E646C65722900F3
:10A3A800657863657074696F6E000000666F756E1E
:10A3B8006400000031203D3D202875696E7470747A
:10A3C800725F74296C2D3E7370696E5F6C6F636B7E
:10A3D80000000000433A2F55736572732F6D617446
:10A3E80068692F2E7069636F2D73646B2F73646BAC
:10A3F8002F322E322E302F7372632F636F6D6D6F75
:10A408006E2F7069636F5F73796E632F6D757465F6
:10A41800782E6300746F74616C0000006D74782D81
:10A428003E636F72652E7370696E5F6C6F636B004D
:10A438006C6F636B5F69735F6F776E65725F69647A
:10A448005F76616C6964286D74782D3E6F776E65F0
:10A45800722900006D74782D3E656E7465725F63B5
:10A468006F756E7400000000706F6F6C2D3E74691C
:10A478006D65725F616C61726D5F6E756D203D3DDB
:10A488002074696D65725F616C61726D5F6E756D68
:10A4980000000000433A2F55736572732F6D617485
:10A4A80068692F2E7069636F2D73646B2F73646BEB
:10A4B8002F322E322E302F7372632F636F6D6D6FB4
:10A4C8006E2F7069636F5F74696D652F74696D6550
:10A4D8002E63000064656661756C745F616C6172FF
:10A4E8006D5F706F6F6C5F696E697469616C697AB2
:10A4F800656428290000000048617264776172650C
:10A5080020616C61726D20256420616C72656164E4
:10A518007920636C61696D656400000076636F5F24
:10A5280066726571203E3D205049434F5F504C4C48
:10A538005F56434F5F4D494E5F465245515F485AFB
:10A548002026262076636F5F66726571203C3D2069
:10A558005049434F5F504C4C5F56434F5F4D4158F5
:10A568005F465245515F485A00000000433A2F5554
:10A57800736572732F6D617468692F2E7069636FCC
:10A588002D73646B2F73646B2F322E322E302F7322
:10A5980072632F7270325F636F6D6D6F6E2F6861BB
:10A5A8007264776172655F706C6C2F706C6C2E636F
:10A5B800000000006662646976203E3D2031362046
:10A5C8002626206662646976203C3D2033323000BE
:10A5D80028706F73745F64697631203E3D203120A6
:10A5E800262620706F73745F64697631203C3D20A5
:10A5F80037292026262028706F73745F64697632A5
:10A60800203E3D203120262620706F73745F6469D8
:10A618007632203C3D203729000000007265665FD5
:10A6280066726571203C3D202876636F5F667265AF
:10A6380071202F203136290068616E646C657220A4
:10A648003D3D2063757272656E74207C7C20657850
:10A6580063657074696F6E5F69735F636F6D70694E
:10A668006C655F74696D655F64656661756C742897
:10A6780063757272656E742900000000433A2F55A5
:10A68800736572732F6D617468692F2E7069636FBB
:10A698002D73646B2F73646B2F322E322E302F7311
:10A6A80072632F7270325F636F6D6D6F6E2F6861AA
:10A6B8007264776172655F657863657074696F6EDF
:10A6C8002F657863657074696F6E2E6300000000F3
:10A6D8004D756C7469636F6F726520646F6F726219
:10A6E800656C6C20256420616C72656164792063F7
:10A6F8006C61696D6564206F6E20636F7265206D93
:10A7080061736B20307825783B20726571756573AD
:10A7180074656420636F7265206D61736B20307897
:10A7280025780A004E6F206672656520646F6F7227
:10A7380062656C6C730000007364615F74785F68B5
:10A748006F6C645F636F756E74203C3D206C636E44
:10A7580074202D2032000000433A2F557365727320
:10A768002F6D617468692F2E7069636F2D73646B28
:10A778002F73646B2F322E322E302F7372632F7229
:10A7880070325F636F6D6D6F6E2F68617264776191
:10A7980072655F6932632F6932632E6300000000BF
:10A7A8004465627567000000626F6F74325F7732CC
:10A7B8003571303830000000322E322E3000000063
:10A7C8007069636F320000007069636F5F656D6266
:10A7D8000000000044656320203520323032350007
:10A7E800666E692B00000000666E69006E616E007F
:10A7F800666E692D000000002C2066756E63746912
:10A808006F6E3A2000000000617373657274696F9F
:10A818006E2022257322206661696C65643A206681
:10A82800696C6520222573222C206C696E652025B1
:10A8380064257325730A00005541525420737464CB
:10A84800696E000055415254207374646F7574002A
:10A858005541525420737464696E202F20737464B8
:10A868006F757400707276496E73657274426C6F9E
:10A87800636B496E746F467265654C69737400004A
:10A8880076506F7274467265650000007076506F7E
:10A8980072744D616C6C6F630000000078506F72C9
:10A8A800744C6F636B496E7465726E616C5370693A
:10A8B8006E556E6C6F636B57697468426573744547
:10A8C80066666F7274576169744F7254696D656F0B
:10A8D8007574000076506F727456616C69646174A7
:10A8E80065496E746572727570745072696F7269B9
:10A8F8007479000078506F72745374617274536382
:10A90800686564756C6572007072765461736B4526
:10A918007869744572726F720000000076506F7229
:10A928007453564348616E646C65725F430000005F
:10A9380076506F727445786974437269746963619B
:10A948006C000000784576656E7447726F757053B9
:10A958006574426974730000784576656E74477251
:10A968006F757057616974426974730076517565C3
:10A978007565416464546F526567697374727900D0
:10A9880078517565756553656D6170686F7265544A
:10A99800616B6500785175657565526563656976A3
:10A9A800650000007851756575654769766546727A
:10A9B8006F6D49535200000078517565756547659C
:10A9C8006E6572696353656E6446726F6D49535262
:10A9D800000000007072764E6F7469667951756573
:10A9E8007565536574436F6E7461696E65720000B6
:10A9F80078517565756547656E6572696353656EEF
:10AA08006400000078517565756547656E65726903
:10AA1800634372656174650078517565756547654E
:10AA28006E6572696352657365740000765461736C
:10AA38006B5072696F72697479446973696E68657D
:10AA4800726974416674657254696D656F757400D6
:10AA5800785461736B5072696F7269747944697361
:10AA6800696E686572697400785461736B436865D0
:10AA7800636B466F7254696D654F75740000000012
:10AA8800765461736B52656D6F766546726F6D555E
:10AA98006E6F7264657265644576656E744C697331
:10AAA80074000000785461736B52656D6F7665466B
:10AAB800726F6D4576656E744C69737400000000A2
:10AAC800765461736B506C6163654F6E4576656E45
:10AAD800744C697374526573747269637465640045
:10AAE800765461736B506C6163654F6E556E6F720F
:10AAF80064657265644576656E744C6973740000AC
:10AB0800765461736B506C6163654F6E4576656E04
:10AB1800744C697374000000765461736B537769E1
:10AB2800746368436F6E7465787400007854617359
:10AB38006B496E6372656D656E745469636B000072
:10AB4800785461736B526573756D65416C6C000068
:10AB5800765461736B53746172745363686564757A
:10AB68006C657200765461736B44656C61790000A2
:10AB7800785461736B44656C6179556E74696C00C7
:10AB8800707276496E697469616C6973654E657730
:10AB98005461736B000000001F0000007072765053
:10ABA800726F636573735265636569766564436F35
:10ABB8006D6D616E647300007854696D65724372DF
:10ABC8006561746554696D65725461736B0000004A
:10ABD8006770696F5F7365745F6972715F656E61D5
:10ABE800626C6564000000006972715F6164645F93
:10ABF8007461696C5F746F5F667265655F6C6973B9
:10AC080074000000696E736572745F626C5F333242
:10AC1800000000006972715F72656D6F76655F682C
:10AC2800616E646C657200006D616B655F6A5F31AF
:10AC3800360000007265736F6C76655F6A5F313647
:10AC4800000000006972715F6164645F736861721B
:10AC580065645F68616E646C657200006972715F3B
:10AC68007365745F6578636C75736976655F686131
:10AC78006E646C65720000006D757465785F657848
:10AC8800697400006D757465785F656E7465725FD0
:10AC9800626C6F636B5F756E74696C0072756E744D
:10ACA800696D655F696E69745F6D757465780000BC
:10ACB800616C61726D5F706F6F6C5F6765745F6404
:10ACC800656661756C740000616C61726D5F706FB0
:10ACD8006F6C5F6972715F68616E646C65720000A9
:10ACE800706C6C5F696E697400000000657863655C
:10ACF8007074696F6E5F7365745F6578636C757384
:10AD08006976655F68616E646C6572006932635F5D
:10AD18007365745F62617564726174650000000038
:10AD280006005250D3F07542A8A7001006005250F2
:10AD3800E182887FB0A7001006005250ABB3605381
:10AD4800C0A7001006005250BBFF3CB6C8A70010B1
:10AD580006005250861C0302D0A70010060052506D
:10AD68005422A29DDCA7001005005250DE65F4684D
:10AD780094B9001000000000000000000000F03F3F
:10AD880000000000000024400000000000005940BE
:10AD98000000000000408F40000000000088C34011
:10ADA80000000000006AF8400000000080842E4186
:10ADB80000000000D01263410000000084D79741D2
:10ADC8000000000065CDCD410D0A0000060052507C
:10ADD80053B4F4A158A80010080052501200000003
:10ADE8000800525092100000000000000000003FD0
:10ADF800000000000000B4420000B442000000005F
:08AE08004CE0FF7F0100000097
:10AE100028AD001034AD001040AD00104CAD001056
:10AE200058AD001064AD001070AD0010E8AD00101A
:08AE3000E0AD0010D4AD0010EC
:10AE380038B504460368EFF3108572B6D3E8CF0F30
:10AE480001220028FAD1C3E8402F0028F6D1BFF329
:10AE58005F8F6368B3F1FF3F09D069B10B600020D1
:10AE680022680023C2E88F3F85F3108838BD00F0C0
:10AE78007FFC60600120F3E70020F1E72DE9F04155
:10AE88001F4603680BB30446164600F071FC804663
:10AE98002568EFF3108172B60B46D5E8CF0F012273
:10AEA8000028FAD1C5E8402F0028F6D1BFF35F8FFC
:10AEB8006568B5F1FF3F0ED032463B46204600F0AC
:10AEC8005BFC0028E4D000200EE0084B084AA621CD
:10AED800084800F055FCC4F8048021680022C1E845
:10AEE8008F2F83F310880120BDE8F08124A400107F
:10AEF8008CAC0010DCA30010F0B583B007461546F3
:10AF08001C4601A9FFF794FF064610B1304603B06E
:10AF1800F0BD00F02DFC019B9842F7D02A4623464D
:10AF28003846FFF7ABFF0646F0E7000008B50368B0
:10AF3800EFF3108172B6D3E8CFCF0122BCF1000F36
:10AF4800F9D1C3E84C2FBCF1000FF4D1BFF35F8FE8
:10AF58004368B3F1FF3F05D04FF0FF33436000F083
:10AF680017FC08BD024B034AD521034800F008FC32
:10AF780038A4001080AC0010DCA3001008B52DED3B
:10AF8800028B08EE100A00F01DF8B4EE488AF1EEC4
:10AF980010FA06D6DFED0A8AB4EEE88AF1EE10FA66
:10AFA80002D4BDEC028B08BD00F0EEFBC8EEA87A17
:10AFB800034621221A60BDEC028B17EE900A08BDE9
:10AFC8000000000007EE900AF1EEE77A17EE900A0B
:10AFD800704700BF81F0004102E000BF83F00043EA
:10AFE80030B54FEA41044FEA430594EA050F08BF1C
:10AFF80090EA020F1FBF54EA000C55EA020C7FEAE0
:10B00800645C7FEA655C00F0E2804FEA5454D4EB5C
:10B018005555B8BF6D420CDD2C4480EA020281EA26
:10B02800030382EA000083EA010180EA020281EA5E
:10B038000303362D88BF30BD11F0004F4FEA0131B0
:10B048004FF4801C4CEA113102D0404261EB4101BF
:10B0580013F0004F4FEA03334CEA133302D0524245
:10B0680063EB430394EA050F00F0A780A4F1010401
:10B07800D5F1200E0DDB02FA0EFC22FA05F280183B
:10B0880041F1000103FA0EF2801843FA05F3594121
:10B098000EE0A5F120050EF1200E012A03FA0EFCA0
:10B0A80028BF4CF0020C43FA05F3C01851EBE371CA
:10B0B80001F0004507D54FF0000EDCF1000C7EEBE7
:10B0C80000006EEB0101B1F5801F1BD3B1F5001F25
:10B0D8000CD349085FEA30004FEA3C0C04F1010444
:10B0E8004FEA445212F5800F80F09A80BCF1004F6D
:10B0F80008BF5FEA500C50F1000041EB045141EAEF
:10B10800050130BD5FEA4C0C404141EB0101013CB7
:10B1180028BFB1F5801FE9D291F0000F04BF0146A6
:10B128000020B1FA81F308BF2033A3F10B03B3F178
:10B1380020020CDA0C3208DD02F1140CC2F10C0208
:10B1480001FA0CF021FA02F10CE002F11402D8BF66
:10B15800C2F1200C01FA02F120FA0CFCDCBF41EA32
:10B168000C019040E41AA2BF01EB0451294330BD01
:10B178006FEA04041F3C1CDA0C340EDC04F11404DE
:10B18800C4F1200220FA04F001FA02F340EA0300B5
:10B1980021FA04F345EA030130BDC4F10C04C4F1FB
:10B1A800200220FA02F001FA04F340EA03002946DB
:10B1B80030BD21FA04F0294630BD94F0000F83F425
:10B1C800801306BF81F480110134013D4EE77FEA08
:10B1D800645C18BF7FEA655C29D094EA050F08BF54
:10B1E80090EA020F05D054EA000C04BF1946104635
:10B1F80030BD91EA030F1EBF0021002030BD5FEA79
:10B20800545C05D14000494128BF41F0004130BDA0
:10B2180014F580043CBF01F5801130BD01F00045F4
:10B2280045F0FE4141F470014FF0000030BD7FEA67
:10B23800645C1ABF194610467FEA655C1CBF0B4662
:10B24800024650EA013406BF52EA033591EA030F79
:10B2580041F4002130BD00BF90F0000F04BF002171
:10B26800704730B54FF4806404F132044FF00005A4
:10B278004FF0000150E700BF90F0000F04BF00211D
:10B28800704730B54FF4806404F1320410F0004583
:10B2980048BF40424FF000013EE700BF42004FEA7E
:10B2A800E2014FEA31014FEA02701FBF12F07F43FB
:10B2B80093F07F4F81F06051704732F07F4208BFB2
:10B2C800704793F07F4F04BF41F40021704730B5B9
:10B2D8004FF4607401F0004521F000411CE700BF05
:10B2E80050EA010208BF704730B54FF000050AE088
:10B2F80050EA010208BF704730B511F0004502D589
:10B30800404261EB41014FF4806404F132045FEA8A
:10B31800915C3FF4D8AE4FF003025FEADC0C18BF33
:10B3280003325FEADC0C18BF033202EBDC02C2F125
:10B33800200300FA03FC20FA02F001FA03FE40EAB7
:10B348000E0021FA02F11444BDE600BF7BB972B9C0
:10B358000029BEBF00204FF0004106E008BF0028CA
:10B368001CBF6FF000414FF0FF3000F0FDB9ADF1A8
:10B37800080C6DE904CE002909DB002B1ADB00F06C
:10B388004DF8DDF804E0DDE9022304B070474042DF
:10B3980061EB4101002B1BDB00F040F8DDF804E015
:10B3A800DDE9022304B0404261EB4101524263EB04
:10B3B80043037047524263EB430300F02FF8DDF874
:10B3C80004E0DDE9022304B0404261EB410170472B
:10B3D800524263EB430300F021F8DDF804E0DDE9B5
:10B3E800022304B0524263EB4303704753B94AB98E
:10B3F800002908BF00281CBF4FF0FF314FF0FF3075
:10B4080000F0B2B9ADF1080C6DE904CE00F006F811
:10B41800DDF804E0DDE9022304B070472DE9F04FC0
:10B428008C46099E04460F46002B48D18A42154691
:10B438005ED9B2FA82F33BB1C3F120029F409D402E
:10B448009C4020FA02F217434FEA154E1FFA85FC7A
:10B45800220CB7FBFEF10EFB117701FB0CF042EA60
:10B468000742904207D9AA1801F1FF3702D2904249
:10B4780000F258813946121AA4B2B2FBFEF00EFB54
:10B48800102200FB0CFC44EA0244A4450BD92C19F9
:10B4980000F1FF322CBF01270027A44502D9002F55
:10B4A80000F04381104640EA0140A4EB0C0400215F
:10B4B8001EB1DC400023C6E90043BDE8F08F8B4293
:10B4C80006D90EB1C6E9000100210846BDE8F08F93
:10B4D800B3FA83F1002951D16345C0F01681824245
:10B4E80040F213810846002EE7D0C6E90047E4E79A
:10B4F800002A00F0AF80B2FA82F3002B40F0C2803D
:10B508008A1A4FEA154EAFB20121200CB2FBFEFC9D
:10B518000EFB1C2240EA024207FB0CF090420ED9B7
:10B52800AA180CF1FF382CBF4FF001094FF00009A1
:10B53800904203D9B9F1000F00F0F080C446121A06
:10B54800A4B2B2FBFEF00EFB102200FB07F744EAA0
:10B558000244A7420ED92C1900F1FF322CBF4FF03C
:10B56800010E4FF0000EA74203D9BEF1000F00F004
:10B57800D2801046E41B40EA0C4099E7C1F120054F
:10B588008B400CFA01F400FA01F922FA05F72CFABB
:10B5980005FC8A401F4320FA05F3380C23431FFAA1
:10B5A80087FE1C0CBCFBF0F800FB18CC44EA0C44EA
:10B5B80008FB0EFCA4450ED93C1908F1FF3A2CBF34
:10B5C8004FF0010B4FF0000BA44503D9BBF1000F5E
:10B5D80000F0B880D046A4EB0C041FFA83FCB4FB3F
:10B5E800F0F300FB134403FB0EFE4CEA0444A645AB
:10B5F8000ED93C1903F1FF302CBF4FF0010C4FF06E
:10B60800000CA64503D9BCF1000F00F09F8003464B
:10B6180043EA0840A4EB0E04A0FB02EC6445734621
:10B62800E04602D307D1F14505D2BEEB02036CEB2D
:10B63800070C0138E0465EB1B9EB030264EB08047D
:10B6480004FA05F522FA01F3CC401D43C6E900547B
:10B65800002132E742082F464B08AC4642EAC17245
:10B66800AE46C407110C92B241EA034142EA0142D4
:10B67800B1FBF5F1B3FBF5F01F23A2EB0C0241EA95
:10B68800004142E79D40C3F1200299409C402CFABA
:10B6980002FC4FEA154E20FA02F2AFB2BCFBFEF8EC
:10B6A8000A430EFB18CC110C41EA0C4108FB07FCBD
:10B6B8008C4550D9691808F1FF302CBF4FF00109AB
:10B6C8004FF000098C4502D9B9F1000F30D0A1EB39
:10B6D8000C01B1FBFEF808FB07FC0EFB181192B237
:10B6E80042EA0142624534D2AA1808F1FF312CBF60
:10B6F8004FF001094FF000096245BED2B9F1000FC1
:10B70800BBD1A8F102012A44B7E7841A6CEB030203
:10B7180001201746E7E62C4402382BE7ACF1020C6F
:10B728002A440CE702392A44A5E62C440238BAE632
:10B73800A5EB0C0CA8F102006144B1FBFEF808FB74
:10B7480007FCCAE7A8F102083C4444E7023B3C4432
:10B758005EE7414691E7A1EB0C014046B1FBFEF8DC
:10B7680008FB07FCB9E700BF704700BF00000000F6
:10B778005FF800F0911200105FF800F0B9130010A4
:10B788005FF800F0317800105FF800F0498E001083
:10B798005FF800F0BD120010FFFF0000AAAAAAAAD5
:10B7A8001000000000000000000001000000000080
:10B7B800000000000000020000000000000000007F
:10B7C8000000030000000000000000000000FF006F
:10B7D8000000000001B5486801318E4600477046F8
:10B7E80009380149884701BDFD3E001000000000EE
:10B7F8000000000000000000000000000000000041
:10B80800580C00200000094000000000D57B001003
:10B818006D7C0010F57B0010817C0010000000009A
:10B8280000010000080B002000000000D80D0020D7
:10B83800400E0020A80E00200000000000000000BC
:10B8480000000000000000000000000000000000F0
:10B8580000000000000000000000000000000000E0
:10B8680000000000000000000000000000000000D0
:10B8780000000000000000000000000000000000C0
:10B8880000000000000000000000000000000000B0
:10B8980000000000000000000000000000000000A0
:10B8A8000000000000000000000000000000000090
:10B8B8000000000000000000000000000000000080
:10B8C80001000000000000000E33CDAB34126DE61D
:10B8D800ECDE05000B000000000000000000000086
:10B8E8000000000000000000000000000000000050
:10B8F8000000000000000000000000000000000040
:10B90800000000000000000000000000000000002F
:10B91800000000000000000000000000000000001F
:10B92800000000000000000000000000000000000F
:10B9380000000000000000000000000000000000FF
:10B9480000000000000000000000000000000000EF
:10B9580000000000000000000000000000000000DF
:10B9680000000000000000000000000000000000CF
:08B978000000000000000000C7
:10B98000D3DEFFFFFE010000FF010000B847FFFF0C
:04B99000793512AB48
:040000051000014D99
:00000001FF
